"NUTS","year","news_count","fem","pop22_tot","log_pop","year_num","year_c","fem_lag1","fem_lag2","pred_news","resid_pearson","resid_deviance","log_obs_exp","pred_news2","resid_pearson2","resid_deviance2"
"DE111","2019",160,2,612663,13.3255703084457,2019,-1,3,1,111.908020278912,0.31418975768568,0.277985276930047,0.357496535106922,73.124049257016,0.696653403566456,0.52802298143985
"DE111","2020",183,4,612663,13.3255703084457,2020,0,2,3,177.401338516809,0.0230935736487861,0.022855364823308,0.0310715432683057,103.056081204481,0.455182960944389,0.372617378097665
"DE111","2021",116,1,612663,13.3255703084457,2021,1,4,2,96.4756382605002,0.147901956969358,0.138980992291985,0.184299676512867,67.0325000573747,0.428259663627639,0.353928016851569
"DE111","2022",155,2,612663,13.3255703084457,2022,2,1,4,119.211914243717,0.219514364105222,0.200775739876052,0.262522422025418,80.978063170325,0.536129295413628,0.427026970820414
"DE111","2023",205,3,612663,13.3255703084457,2023,3,2,1,153.61256947398,0.244732980047627,0.221812378820325,0.288576334138093,100.771317975229,0.606887296213072,0.472593573298441
"DE112","2019",26,0,395167,12.8870637393451,2019,-1,3,0,34.5626250130787,-0.180165680620123,-0.197493811380877,-0.284676319807929,34.6460765482138,-0.145952455972669,-0.160157024655414
"DE112","2020",66,1,395167,12.8870637393451,2020,0,0,3,42.8355491084226,0.393851227227766,0.339517039113151,0.432286412691008,41.5421095528992,0.344614075966993,0.293764904218405
"DE112","2021",41,1,395167,12.8870637393451,2021,1,1,0,44.2648851674461,-0.0537291468920884,-0.0551014015016066,-0.0766196117585241,44.1419754632433,-0.0416734152562143,-0.0427011905767548
"DE112","2022",46,0,395167,12.8870637393451,2022,2,1,1,36.5993972294147,0.186869583786377,0.172997291721935,0.228609647098198,38.9454007192837,0.105998412341217,0.100222707433099
"DE112","2023",50,0,395167,12.8870637393451,2023,3,0,1,37.0914831781282,0.253221549952952,0.228813284100075,0.298635646100445,40.6211169897943,0.135132938370291,0.125976359090443
"DE113","2019",25,0,536601,13.1930100805575,2019,-1,1,4,18.8462277011932,0.235958423367537,0.214531895899847,0.282563092953868,45.83633161951,-0.266183921383503,-0.322150969922024
"DE113","2020",2,1,536601,13.1930100805575,2020,0,0,1,23.6042353540533,-0.663259831624071,-1.24840677602834,-2.46827847952478,57.2603921557228,-0.565528344484112,-1.26430627217398
"DE113","2021",7,2,536601,13.1930100805575,2021,1,1,0,30.5976634667428,-0.560302368865557,-0.855775264638987,-1.47501335683453,70.1986738858393,-0.527854145680626,-0.978413550616107
"DE113","2022",47,1,536601,13.1930100805575,2022,2,2,1,25.6610043011891,0.603146225155408,0.488894944540603,0.605175125781392,61.8152832964281,-0.140476864759753,-0.153546328108063
"DE113","2023",18,0,536601,13.1930100805575,2023,3,1,2,20.9178693250097,-0.10094006875051,-0.105987058964563,-0.150231971849164,54.6434022002228,-0.392907602608748,-0.548602010531575
"DE114","2019",1,0,258809,12.4638456168929,2019,-1,0,3,5.55739903190813,-0.573895938306248,-0.896879915076837,-1.7151291987939,22.316325508925,-0.557127755211255,-1.17829649680135
"DE114","2020",1,0,258809,12.4638456168929,2020,0,0,0,5.66181649918717,-0.576687141249557,-0.905200710762847,-1.73374377697872,23.7587376295703,-0.55897322806412,-1.19547691478954
"DE114","2021",4,3,258809,12.4638456168929,2021,1,0,0,11.2845206864406,-0.462212292599573,-0.626675944025156,-1.0371373247377,39.7283562027508,-0.526299863339914,-0.970317539410029
"DE114","2022",9,0,258809,12.4638456168929,2022,2,3,0,6.2432438451084,0.310518994771226,0.275057367053036,0.365724794167116,25.5992623808119,-0.378574546951641,-0.51843988704843
"DE114","2023",10,1,258809,12.4638456168929,2023,3,0,3,7.73762925188117,0.207206628387395,0.190369703417073,0.256489850517848,30.6945971448512,-0.3940629618748,-0.551109669602496
"DE115","2019",5,0,535374,13.1907208470663,2019,-1,0,4,15.9525557469925,-0.494897234780236,-0.695004153899454,-1.16018093888169,45.8197913461663,-0.521659952706661,-0.946907239171012
"DE115","2020",20,1,535374,13.1907208470663,2020,0,0,0,20.2055627387502,-0.00735863230854113,-0.00738340907424115,-0.010225626048649,57.5582522733158,-0.382383591294759,-0.526298989831739
"DE115","2021",39,4,535374,13.1907208470663,2021,1,1,0,40.8478377587725,-0.0329365790309072,-0.0334433631701657,-0.0462922168926338,96.0610605298961,-0.348508862901189,-0.459702669601796
"DE115","2022",27,2,535374,13.1907208470663,2022,2,4,1,28.2646726137773,-0.0324838060264042,-0.032976580197933,-0.0457758042760991,71.9503790220112,-0.366320347352452,-0.493803343718549
"DE115","2023",38,4,535374,13.1907208470663,2023,3,2,4,44.3061957355266,-0.103682816910808,-0.109020552853741,-0.15353833981938,100.840839284241,-0.365648482835634,-0.492481306739716
"DE116","2019",41,1,440696,12.9961105743196,2019,-1,4,0,36.0717943206758,0.0993875532977637,0.0952196290382863,0.128060851902763,45.1628539994695,-0.0539704438784607,-0.0557169386719866
"DE116","2020",104,3,440696,12.9961105743196,2020,0,1,4,55.9130355805922,0.627275965875553,0.50513428339676,0.620593361137481,62.946953827062,0.382281319286655,0.321267444584629
"DE116","2021",54,1,440696,12.9961105743196,2021,1,3,1,37.6907424458183,0.314881612144783,0.278531923220768,0.359569559249602,48.6729658322667,0.0641006998191099,0.0619082948325217
"DE116","2022",22,1,440696,12.9961105743196,2022,2,1,3,37.8839626696984,-0.305117291109759,-0.362149875603713,-0.543485375166136,50.1101828108522,-0.3285842018477,-0.423651156252264
"DE116","2023",12,1,440696,12.9961105743196,2023,3,1,1,38.7110745131179,-0.502208849411796,-0.711140404838146,-1.17121898910721,52.9516112265252,-0.453085962067896,-0.69674003401006
"DE117","2019",14,2,131986,11.7904511353376,2019,-1,2,1,47.5064493449129,-0.513990282162225,-0.738082075128742,-1.22180807646246,15.7835213623178,-0.0657012661949552,-0.0683227130317686
"DE117","2020",39,1,131986,11.7904511353376,2020,0,2,2,39.2796096489648,-0.00518150872196286,-0.00519377117517395,-0.0071438740125691,13.9254203683904,1.04545407701436,0.723066717753782
"DE117","2021",18,0,131986,11.7904511353376,2021,1,1,2,31.9238558890163,-0.31698708200529,-0.379454060787549,-0.572981750362414,12.4021695274045,0.261671863441943,0.230581127153175
"DE117","2022",76,1,131986,11.7904511353376,2022,2,0,1,40.2227796105287,0.647551707594796,0.518636497057026,0.636299861330365,15.2632551816714,2.31283789961623,1.27113921323815
"DE117","2023",125,0,131986,11.7904511353376,2023,3,1,0,33.5325228909211,1.98321721644417,1.22461232257677,1.31579794485962,13.642975041192,4.73782865951092,2.01160030469284
"DE118","2019",24,0,353877,12.7767046741114,2019,-1,0,2,23.4540682019299,0.0168664627418993,0.0167387728197136,0.0230099080781208,30.7427795899424,-0.128194737808254,-0.138916760445272
"DE118","2020",4,0,353877,12.7767046741114,2020,0,0,0,23.9661354784005,-0.603814723319287,-0.990445609028685,-1.79034720106618,32.4860062677089,-0.512671447929954,-0.90506906562386
"DE118","2021",12,0,353877,12.7767046741114,2021,1,0,0,24.635936260351,-0.371856598574283,-0.464280860930141,-0.719299467443708,33.8185164874316,-0.377280711526627,-0.515786580887512
"DE118","2022",27,1,353877,12.7767046741114,2022,2,0,0,31.5785527307116,-0.10536444922944,-0.110885205393652,-0.156641276069456,41.2305488976068,-0.202018697459672,-0.231315452038056
"DE118","2023",95,1,353877,12.7767046741114,2023,3,1,0,32.9256288748822,1.37051873113451,0.936078427855512,1.05962555445571,42.8390557379163,0.712791225782113,0.537727844377775
"DE119","2019",0,0,115644,11.6582717856393,2019,-1,1,0,5.01121913974661,-0.696485270366814,-1.58375376343386,-15.4271897847252,10.1782100046896,-0.578033375578443,-1.53640734896515
"DE119","2020",0,0,115644,11.6582717856393,2020,0,0,1,5.09376939202591,-0.697032226998924,-1.58875428354424,-15.4435286629876,10.5370638121476,-0.57835676039548,-1.54392846633767
"DE119","2021",0,1,115644,11.6582717856393,2021,1,0,0,6.50978749938623,-0.704377608444718,-1.66285886906039,-15.6888173714686,12.9429017945133,-0.58007071682481,-1.58799058097396
"DE119","2022",23,1,115644,11.6582717856393,2022,2,1,0,6.78748165208611,1.68509937494003,1.08964796998767,1.22041427734274,13.4478367669201,0.412232585829045,0.342649298556079
"DE119","2023",7,0,115644,11.6582717856393,2023,3,1,1,5.61207232849115,0.173148111431304,0.161119160830394,0.22099024157083,11.8647021615815,-0.23755706507427,-0.280206353952002
"DE11A","2019",34,2,200902,12.2105725059551,2019,-1,0,0,32.9715308012693,0.0226758594531633,0.0224461085831979,0.0307160678956742,24.2986804004758,0.23301479156443,0.207829762503855
"DE11A","2020",86,5,200902,12.2105725059551,2020,0,2,0,67.6095473033227,0.198557576171332,0.183016005042545,0.240598102507166,40.4748279810312,0.658297079759686,0.504644960982194
"DE11A","2021",11,0,200902,12.2105725059551,2021,1,5,2,24.200384551465,-0.395383086076392,-0.503454824020269,-0.788473159885337,18.7328662881408,-0.240419173472776,-0.284285995648761
"DE11A","2022",17,0,200902,12.2105725059551,2022,2,0,5,23.37901490949,-0.197704069239753,-0.218944304332308,-0.318625418379599,19.2533938859461,-0.0681818810800292,-0.0710126255339158
"DE11A","2023",100,2,200902,12.2105725059551,2023,3,0,0,36.8148773630916,1.2487247118267,0.872812703025498,0.999268156339831,28.5374789340683,1.4630214862167,0.92541276748946
"DE11B","2019",0,0,133169,11.7993742772692,2019,-1,0,1,5.6061409422234,-0.700090393623831,-1.61792702854899,-15.5393731517079,11.6557819650968,-0.579239862511712,-1.56567033235784
"DE11B","2020",25,1,133169,11.7993742772692,2020,0,0,0,7.16459333290868,1.75960379613898,1.1242538229651,1.24972456264354,14.3170473295027,0.433372444427488,0.357498279554807
"DE11B","2021",0,0,133169,11.7993742772692,2021,1,1,0,5.99075160341051,-0.702063458199268,-1.63796127052546,-15.6057274385825,12.7018768680985,-0.579927690958126,-1.58400346802411
"DE11B","2022",0,0,133169,11.7993742772692,2022,2,0,1,6.08943777985045,-0.702531981825461,-1.64287386652837,-15.6220663168449,13.1497077611415,-0.580189337758349,-1.59134663510961
"DE11B","2023",7,0,133169,11.7993742772692,2023,3,0,0,6.24097785224677,0.0855255111275117,0.0824057753120043,0.114773414717554,13.7918273452301,-0.285886420962939,-0.352578979365609
"DE11C","2019",0,0,135235,11.8147692848281,2019,-1,0,2,5.03116301619132,-0.696618938724913,-1.58497010700385,-15.4311617312922,11.7484317936624,-0.579305619601405,-1.56736628453081
"DE11C","2020",3,0,135235,11.8147692848281,2020,0,0,0,5.14100724112492,-0.290411073677843,-0.341278639197473,-0.538636399576128,12.4146103239646,-0.439653062531228,-0.660059814942285
"DE11C","2021",1,0,135235,11.8147692848281,2021,1,0,0,5.28468708776612,-0.566111836166491,-0.874238921667566,-1.66481240995702,12.9238325101032,-0.535176652112005,-1.02010581711365
"DE11C","2022",29,2,135235,11.8147692848281,2022,2,0,0,8.44684482939092,1.72909314551098,1.11019761037158,1.23350288580015,18.4527976883861,0.332849737080817,0.28502859570069
"DE11C","2023",1,1,135235,11.8147692848281,2023,3,2,0,7.16399178322263,-0.608175777732396,-1.0078692087484,-1.96906633724446,16.3395165349938,-0.546047115417929,-1.08993679623501
"DE11D","2019",81,2,317427,12.6680031496191,2019,-1,1,1,34.6561615769119,0.972506181941785,0.71985823390287,0.848973633903392,38.0327173273343,0.661025036115185,0.506322277221782
"DE11D","2020",47,1,317427,12.6680031496191,2020,0,2,1,28.9781214212546,0.451608702397715,0.382397833535224,0.483606511478376,33.742075536449,0.229769674758815,0.205221189619832
"DE11D","2021",8,2,317427,12.6680031496191,2021,1,1,2,36.7297693402133,-0.569091285226154,-0.88068267223891,-1.52414591325763,40.9097034506004,-0.470839097273359,-0.749840987054529
"DE11D","2022",34,2,317427,12.6680031496191,2022,2,2,1,38.1825069862755,-0.0797185393418251,-0.0828076940576532,-0.116016924405136,42.8247253247365,-0.120632080764567,-0.130040412782576
"DE11D","2023",11,0,317427,12.6680031496191,2023,3,2,2,25.3178569873413,-0.410121972607446,-0.528993194996924,-0.833614592835776,32.2621021994455,-0.385302273050905,-0.532404432011142
"DE121","2019",10,0,56881,10.9487166451946,2019,-1,0,1,10.2372937819605,-0.0165583845479768,-0.0166848048430605,-0.0234521125840266,4.97858010465402,0.573262968453462,0.451124603326817
"DE121","2020",21,0,56881,10.9487166451946,2020,0,0,0,10.4920562570767,0.715874498592437,0.563213306706556,0.693904061450129,5.22169149877937,1.72004212036108,1.03766789506196
"DE121","2021",13,2,56881,10.9487166451946,2021,1,0,0,16.7701076095745,-0.162178318634008,-0.175974229687723,-0.254648558220291,7.45559157802578,0.427305403385706,0.353249215983569
"DE121","2022",26,0,56881,10.9487166451946,2022,2,2,0,11.4062877573761,0.916326879324697,0.686878962387992,0.823931815470017,5.63706127624447,2.06097499604133,1.17571441736854
"DE121","2023",13,0,56881,10.9487166451946,2023,3,0,2,11.4647616777901,0.0959156672730525,0.092023344494953,0.125671305225806,5.80351261195032,0.708067398141168,0.534863028444345
"DE122","2019",84,0,309050,12.6412583550874,2019,-1,0,2,36.1017749523867,0.965171371599959,0.715594506354773,0.84447477896179,26.8484700397926,1.24317699354686,0.822376795446156
"DE122","2020",31,0,309050,12.6412583550874,2020,0,0,0,36.8899767012885,-0.116168072667621,-0.12294510828951,-0.173952643292621,28.3708752957537,0.0541391178058215,0.0525607954336063
"DE122","2021",72,4,309050,12.6412583550874,2021,1,0,0,91.6827849245683,-0.156873884025385,-0.169713874876668,-0.241668496177006,55.5592410488746,0.173388552318471,0.158780164683271
"DE122","2022",22,1,309050,12.6412583550874,2022,2,4,0,51.4500465831532,-0.417316379812222,-0.541748894973734,-0.84956886887307,35.7310438852502,-0.224786046845963,-0.262252715384916
"DE122","2023",102,1,309050,12.6412583550874,2023,3,1,4,51.2893175592229,0.720826462904779,0.566416333620759,0.687490327308332,36.3100104089773,1.05832115353899,0.729753142063837
"DE123","2019",2,0,456264,13.0308268683396,2019,-1,1,1,16.6241070971213,-0.634522101910784,-1.10865974003264,-2.11770619609592,39.8581396143051,-0.55586477993035,-1.16637306607724
"DE123","2020",0,2,456264,13.0308268683396,2020,0,0,1,26.1964699036396,-0.725459715141025,-2.04873637591373,-17.0811352231512,57.0197592299605,-0.585988693740977,-1.87942226242798
"DE123","2021",0,2,456264,13.0308268683396,2021,1,2,0,27.622297965871,-0.725836169586852,-2.06231313801009,-17.1341339018282,59.5739200254463,-0.586064357602285,-1.88741252566536
"DE123","2022",11,3,456264,13.0308268683396,2022,2,2,2,35.6183823429504,-0.502754181857121,-0.712368783136337,-1.17496649883168,71.5526591808828,-0.496206494712581,-0.837503712421657
"DE123","2023",95,1,456264,13.0308268683396,2023,3,3,2,23.8842644470505,2.15796907015446,1.29954337144281,1.38065705136095,54.2043175622246,0.440962487011535,0.362784597021636
"DE124","2019",18,1,230737,12.3490338127499,2019,-1,1,0,18.0494053420349,-0.00197680599142255,-0.00197858639088768,-0.00274092574485576,23.7832871417481,-0.141896697965959,-0.155255529301762
"DE124","2020",29,1,230737,12.3490338127499,2020,0,1,1,18.6092803091286,0.403420488919197,0.346714777659254,0.443635466828927,24.5743832049459,0.105114033387271,0.0994298717253367
"DE124","2021",16,0,230737,12.3490338127499,2021,1,1,1,15.3408191765436,0.0309530885217354,0.0305276802517667,0.0420715888872534,21.8441182958752,-0.156019208675596,-0.172458265884802
"DE124","2022",16,0,230737,12.3490338127499,2022,2,0,1,15.5470794466571,0.0209903005119778,0.0207931567684399,0.0287159806895772,22.7840121926462,-0.17369587888039,-0.194541535137166
"DE124","2023",27,4,230737,12.3490338127499,2023,3,0,0,38.524110153101,-0.217715120753578,-0.244012564245896,-0.355447379990228,44.9532665975904,-0.233841036821106,-0.274930785369143
"DE125","2019",18,2,155756,11.9560459591822,2019,-1,2,3,43.2567801451704,-0.425269770161794,-0.556110645983508,-0.876782174001929,18.3495685426814,-0.0110932091237796,-0.0111637806954695
"DE125","2020",18,2,155756,11.9560459591822,2020,0,2,2,44.3332564688995,-0.432693455189974,-0.569755597553263,-0.901363292316201,19.2456049820348,-0.0377039093760459,-0.0385417425789199
"DE125","2021",31,0,155756,11.9560459591822,2021,1,2,2,29.3086974658875,0.0419084718314236,0.0411352298223741,0.0561029229298476,14.6075414022452,0.651916821255215,0.500708599324392
"DE125","2022",31,3,155756,11.9560459591822,2022,2,0,2,56.7782830717339,-0.33116739786135,-0.400580568064923,-0.605166675586837,24.5204971971364,0.154232292988118,0.14249194503005
"DE125","2023",144,0,155756,11.9560459591822,2023,3,3,0,31.2261326952911,2.62426322937195,1.48715990645922,1.52855797589721,16.0380325740441,4.63983957244075,1.98600407555742
"DE126","2019",129,1,318035,12.6699167185989,2019,-1,1,1,45.6418975161422,1.33065066480289,0.915624182532165,1.03898631225782,32.5373420452574,1.73334353881165,1.04336316562448
"DE126","2020",44,1,318035,12.6699167185989,2020,0,1,1,46.917488179208,-0.0453130142933578,-0.0462821433443683,-0.0642008315892631,33.8719579546625,0.174856827797943,0.160017413813141
"DE126","2021",54,1,318035,12.6699167185989,2021,1,1,1,48.2287287961156,0.0872129742620687,0.0839753009723845,0.113029188468994,35.2613171071745,0.310831004756555,0.2684854306074
"DE126","2022",52,1,318035,12.6699167185989,2022,2,1,1,49.5766157046759,0.0356308245708433,0.0350692153808487,0.0477244728193943,36.7076649598158,0.243715905722833,0.216385671771287
"DE126","2023",31,3,318035,12.6699167185989,2023,3,1,1,79.2413955772652,-0.444652951602147,-0.592250861595847,-0.938511596962151,52.4116290262206,-0.239329560734223,-0.282725486698461
"DE127","2019",0,0,145263,11.8863011715698,2019,-1,0,1,7.18141480572783,-0.706901481343018,-1.69200690219426,-15.7870069697645,12.7143243216954,-0.579935207521423,-1.58421142265409
"DE127","2020",13,1,145263,11.8863011715698,2020,0,0,0,9.17777793463101,0.296653256345193,0.264027342040988,0.348164314103352,15.6172776413847,-0.0974303552995665,-0.103403593494617
"DE127","2021",1,0,145263,11.8863011715698,2021,1,1,0,7.6740975129868,-0.616164066000325,-1.0370152729819,-2.03784969867531,13.855422354231,-0.538666093512675,-1.04114949152309
"DE127","2022",0,0,145263,11.8863011715698,2022,2,0,1,7.80051359419316,-0.70886157499471,-1.71632302493986,-15.8697001349015,14.3439238749761,-0.580808597670181,-1.60964905349632
"DE127","2023",27,0,145263,11.8863011715698,2023,3,0,0,7.99463502831045,1.68647116862067,1.09032673241872,1.21706620778988,15.0443587895843,0.461817219497369,0.377172502410933
"DE128","2019",0,2,558561,13.2331191126552,2019,-1,1,0,61.6142948371534,-0.729685322822392,-2.25910221406676,-17.9364044606269,67.4266498261164,-0.586261217659112,-1.90982044833282
"DE128","2020",14,0,558561,13.2331191126552,2020,0,2,1,41.4395260535508,-0.482154019459316,-0.667493469463212,-1.08517775991031,50.6981605593141,-0.424012181656673,-0.62013295295646
"DE128","2021",17,4,558561,13.2331191126552,2021,1,0,2,100.403354665491,-0.607151488730058,-1.00192816992081,-1.77598221682258,98.9243492490198,-0.485907594191445,-0.799910233271484
"DE128","2022",47,2,558561,13.2331191126552,2022,2,4,0,69.8404537388438,-0.238756068846466,-0.271103309722058,-0.396065785356976,75.6299652138275,-0.221992437191435,-0.258385037693151
"DE128","2023",246,1,558561,13.2331191126552,2023,3,2,4,56.6326529696044,2.43898314288494,1.41459498299979,1.46874581354529,65.4984131992061,1.61550693758872,0.993020407072716
"DE129","2019",57,2,134912,11.8123779930209,2019,-1,0,1,28.9041519694269,0.705836758756416,0.556765852067131,0.679066033816927,16.1957672668723,1.46528274059185,0.926431068049334
"DE129","2020",1,0,134912,11.8123779930209,2020,0,2,0,19.600768014947,-0.686132559345658,-1.3992179518453,-2.97556774990535,12.337286659552,-0.532713220082312,-1.00590908993164
"DE129","2021",47,0,134912,11.8123779930209,2021,1,0,2,19.7012506411386,1.00191005612457,0.73683145354442,0.869465504935999,12.7015824766158,1.56599352963856,0.971370939945342
"DE129","2022",21,0,134912,11.8123779930209,2022,2,0,0,20.131383514976,0.0312073855375159,0.0307750686303886,0.0422425190422673,13.4218080944168,0.327670270229573,0.281158917896434
"DE129","2023",25,0,134912,11.8123779930209,2023,3,0,0,20.6940114126706,0.150551330916471,0.141324066328709,0.189031510188996,13.9723434943544,0.458259254252662,0.374729857628417
"DE12A","2019",0,0,161251,11.9907174361892,2019,-1,1,1,16.7002167215604,-0.721351098163199,-1.93026697617565,-16.6309322546417,14.0865044600194,-0.580683830809804,-1.60585018383668
"DE12A","2020",0,0,161251,11.9907174361892,2020,0,0,1,16.9247543536322,-0.721500236543397,-1.93386467763899,-16.6442878628394,14.6926090136333,-0.58097074787376,-1.6146761646746
"DE12A","2021",22,1,161251,11.9907174361892,2021,1,0,0,21.6296706509593,0.0123945963613306,0.0123253973839814,0.0169764854566835,18.0472472179021,0.127518205008169,0.119311768626017
"DE12A","2022",61,2,161251,11.9907174361892,2022,2,1,0,28.1218476892606,0.848742091828479,0.646313499115015,0.774327108483467,21.9602902396678,1.03676417488503,0.718542910888682
"DE12A","2023",56,0,161251,11.9907174361892,2023,3,2,1,18.9137284306043,1.41702005428411,0.959630975559661,1.0854636782175,16.5119626048599,1.39114199426816,0.892488145055833
"DE12B","2019",18,1,199745,12.2047968320261,2019,-1,1,0,7.0877333149466,1.08784463039116,0.78538536108326,0.932006225723223,20.5887772231089,-0.0732911752810088,-0.0765804894587528
"DE12B","2020",0,1,199745,12.2047968320261,2020,0,1,1,7.3075878963733,-0.707326512638394,-1.69714600865136,-15.8044238041365,21.2736152991151,-0.583046173715377,-1.69055588824803
"DE12B","2021",1,0,199745,12.2047968320261,2021,1,1,1,6.02411176965129,-0.585654656124066,-0.93271282407089,-1.79576904438495,18.9100725458405,-0.551662968973485,-1.1319575073445
"DE12B","2022",1,1,199745,12.2047968320261,2022,2,0,1,7.61281676052947,-0.615258954340336,-1.03363765130104,-2.0298322427494,23.0991082862043,-0.55815764948329,-1.18777615311501
"DE12B","2023",7,0,199745,12.2047968320261,2023,3,1,0,6.34657661053393,0.072449518088588,0.0701892838972511,0.0979947408347217,20.6470083918211,-0.385281354904816,-0.532370873629607
"DE12C","2019",1,0,121958,11.7114320021484,2019,-1,0,0,11.8530942605062,-0.656325400050223,-1.21270677154364,-2.47258795252606,10.7546443189259,-0.524747898519284,-0.963203900631192
"DE12C","2020",0,0,121958,11.7114320021484,2020,0,0,0,12.1843621785807,-0.717221731391601,-1.84380426737329,-16.3156638988688,11.1957780596005,-0.578897626170292,-1.55702270551029
"DE12C","2021",63,1,121958,11.7114320021484,2021,1,0,0,15.6180191197213,2.18607795911718,1.31132346385303,1.3947094228142,13.6495660566502,2.09867667797198,1.19039294665987
"DE12C","2022",38,2,121958,11.7114320021484,2022,2,1,0,20.3057902258574,0.63032232366312,0.507166357751409,0.626680107864719,16.6090943749149,0.749227746919179,0.559363963741519
"DE12C","2023",1,0,121958,11.7114320021484,2023,3,2,1,13.6569334328396,-0.66622283051034,-1.26695325239036,-2.61424633646946,12.4883934695816,-0.533369663345528,-1.00964207096419
"DE131","2019",102,0,237460,12.3777544672198,2019,-1,2,2,30.3534738941785,1.71474016940394,1.10361407983842,1.21206185103966,20.5497407058195,2.31029202721675,1.2702066592413
"DE131","2020",10,0,237460,12.3777544672198,2020,0,0,2,30.327588204688,-0.48691857636552,-0.677637433516642,-1.10947260707084,21.4753122307709,-0.311573538031879,-0.394409300495599
"DE131","2021",10,1,237460,12.3777544672198,2021,1,0,0,38.642906963192,-0.539473715741494,-0.80025555805583,-1.35177804548716,26.5765751800797,-0.364243842683514,-0.489735336535651
"DE131","2022",36,0,237460,12.3777544672198,2022,2,1,0,32.3116813604551,0.0829677646550665,0.0800284945016906,0.108090149359136,23.5783522778127,0.307403033255739,0.26588600965438
"DE131","2023",112,4,237460,12.3777544672198,2023,3,0,1,79.4079155861,0.299781506659902,0.266535896268773,0.343900824419394,45.9184263203355,0.842687779379673,0.613246876758117
"DE132","2019",50,1,272558,12.5156067144741,2019,-1,0,0,15.4341599888826,1.61345374512948,1.05587166588148,1.17543979144396,28.1482258596706,0.453510907853459,0.371464911805252
"DE132","2020",2,0,272558,12.5156067144741,2020,0,1,0,12.9054385091184,-0.606787526663482,-1.00134718443545,-1.86450113181791,24.9726979799947,-0.536987379074299,-1.0302199963601
"DE132","2021",1,0,272558,12.5156067144741,2021,1,0,1,13.1180309292449,-0.663544924309201,-1.25167887886748,-2.57398669064064,25.8531620054462,-0.561288900450568,-1.21836369613853
"DE132","2022",23,2,272558,12.5156067144741,2022,2,0,0,20.9049085299429,0.0725214619416998,0.0702583791158559,0.0955102701194378,37.1905026979047,-0.223233231644697,-0.260100600182463
"DE132","2023",5,2,272558,12.5156067144741,2023,3,2,0,22.1085837486345,-0.560352481426911,-0.855972397719849,-1.48652782559555,38.5669563070593,-0.509285194301605,-0.8902848975848
"DE133","2019",3,0,169787,12.0422999892689,2019,-1,1,2,6.52247030029525,-0.380428421276803,-0.478502450423825,-0.776640562593497,14.7216935623421,-0.462590502062424,-0.724566980770713
"DE133","2020",7,0,169787,12.0422999892689,2020,0,0,1,6.59047564523085,0.0437896259887288,0.0429460402972313,0.0602847691846159,15.4703785191891,-0.318278337929624,-0.40578660307509
"DE133","2021",7,0,169787,12.0422999892689,2021,1,0,0,6.75448440802817,0.0256385115540302,0.0253452804591138,0.0357036508703426,16.225819872022,-0.330692591838946,-0.427382911957235
"DE133","2022",1,1,169787,12.0422999892689,2022,2,0,0,8.6579555894925,-0.628997126191292,-1.08721656079641,-2.15847761958839,19.7820463202694,-0.553239484284864,-1.14470341752996
"DE133","2023",13,0,169787,12.0422999892689,2023,3,1,0,7.23944248053392,0.562651439717228,0.461190090555056,0.585405236403174,17.5503447586779,-0.150913019668404,-0.166194998419988
"DE134","2019",91,3,444858,13.0055104091012,2019,-1,2,2,44.1424983316443,0.773243679582282,0.599670939594653,0.723436518105818,61.8381222671475,0.276407833026041,0.242090021992339
"DE134","2020",19,1,444858,13.0055104091012,2020,0,3,2,29.6001961390351,-0.260096699190217,-0.299407081276503,-0.443341955828797,46.8451243488611,-0.348088887846635,-0.458922591185463
"DE134","2021",28,0,444858,13.0055104091012,2021,1,1,3,23.7885291389436,0.128303461207207,0.121498083932735,0.163001050348379,41.4900271949886,-0.190313423361937,-0.215899060416383
"DE134","2022",15,4,444858,13.0055104091012,2022,2,0,1,57.9408651627871,-0.540632923298294,-0.803207010846421,-1.35137265650757,82.6341774849275,-0.480066577934965,-0.779869196897739
"DE134","2023",21,0,444858,13.0055104091012,2023,3,4,0,25.9977189803778,-0.139449364564786,-0.149428711476385,-0.213486317306445,45.7183191418144,-0.316588327139177,-0.402890206155667
"DE135","2019",16,1,140237,11.8510891274667,2019,-1,1,2,15.2685061638312,0.0345085978675207,0.0339812874024905,0.0467964984655729,14.2404032183402,0.0717607200767912,0.0690319181370131
"DE135","2020",2,1,140237,11.8510891274667,2020,0,1,1,15.6484740053792,-0.628498921763848,-1.08353665567063,-2.05722572402866,14.9357830669203,-0.503269053577412,-0.865458305077209
"DE135","2021",50,1,140237,11.8510891274667,2021,1,1,1,16.0858144407857,1.51994111479177,1.01069197438023,1.13408523246066,15.5484186556789,1.28810701687027,0.844014141021245
"DE135","2022",10,0,140237,11.8510891274667,2022,2,1,1,13.2605649731912,-0.176656482451981,-0.193261840281716,-0.282209398185664,13.8209571160299,-0.160499591129758,-0.177997230627828
"DE135","2023",14,1,140237,11.8510891274667,2023,3,0,1,16.7576989176354,-0.118714118565302,-0.125808843458455,-0.179800388500332,16.8826314266248,-0.0993462117433386,-0.105570306126239
"DE136","2019",0,0,214065,12.2740349862026,2019,-1,0,1,7.31659911975647,-0.707356336077937,-1.6975092828704,-15.8056561768508,18.7363047432844,-0.582416344097661,-1.66484893649368
"DE136","2020",22,1,214065,12.2740349862026,2020,0,0,0,9.35054216674453,0.96411266715747,0.714939544444173,0.855608171445295,23.0142055327441,-0.0257096124459383,-0.0260943492875585
"DE136","2021",19,2,214065,12.2740349862026,2021,1,1,0,12.1571209690859,0.403683522501854,0.346907402160491,0.446523945703345,28.0041951568711,-0.187827995993811,-0.212666415443536
"DE136","2022",0,1,214065,12.2740349862026,2022,2,2,1,10.1956783012817,-0.714286752555885,-1.79360499893925,-16.1374744925172,24.6598284737634,-0.583686906922513,-1.72003395114737
"DE136","2023",3,0,214065,12.2740349862026,2023,3,1,2,8.3111270269404,-0.453888616723479,-0.610323745533477,-1.01898260064719,21.7987664801048,-0.502902729814982,-0.863837691611675
"DE137","2019",3,0,145208,11.8859224762738,2019,-1,0,0,2.92051808043883,0.0183303717174683,0.018179213412018,0.0268515966512988,12.8049032639318,-0.444106492944162,-0.671968977826934
"DE137","2020",0,0,145208,11.8859224762738,2020,0,0,0,3.00214013818533,-0.674965886470127,-1.42314731003009,-14.9148359716934,13.3301344764465,-0.580289878555039,-1.59422721147199
"DE137","2021",1,0,145208,11.8859224762738,2021,1,0,0,3.08604335294826,-0.457194389592307,-0.618195699683287,-1.12688880210859,13.8769096101385,-0.53874112189525,-1.04161488634249
"DE137","2022",1,0,145208,11.8859224762738,2022,2,0,0,3.17229147804965,-0.464089271362853,-0.631949252229342,-1.1544531904876,14.4461123530455,-0.540648387211194,-1.05364107283719
"DE137","2023",5,0,145208,11.8859224762738,2023,3,0,0,3.2609500485767,0.36214369166229,0.315284104892684,0.427419533567983,15.0386626403004,-0.387914244381862,-0.537945200210974
"DE138","2019",20,0,291841,12.5839644123973,2019,-1,1,5,21.8408742234329,-0.0610237855380506,-0.0628050669946508,-0.0880508550670575,24.7432759208457,-0.111895149259482,-0.119906829500231
"DE138","2020",13,0,291841,12.5839644123973,2020,0,0,1,21.8719655861457,-0.293686842127559,-0.345805368216062,-0.520256272175196,26.591498391624,-0.298485004561997,-0.372761820259659
"DE138","2021",27,3,291841,12.5839644123973,2021,1,0,0,43.4629823512591,-0.275894054631854,-0.320930076970149,-0.476072692333052,44.7989181310039,-0.232626334511823,-0.273217034878595
"DE138","2022",18,0,291841,12.5839644123973,2022,2,3,0,24.0462137998121,-0.182246980632327,-0.20001546245732,-0.289605740345349,28.8665167458571,-0.219944726664153,-0.25556435856154
"DE138","2023",125,3,291841,12.5839644123973,2023,3,0,3,46.339196625323,1.23688069363395,0.866535642756097,0.992325562975692,47.4724382592113,0.956403128464726,0.675939678140043
"DE139","2019",25,1,238263,12.3811303845609,2019,-1,0,0,9.26966472293298,1.20910421631403,0.851668922224931,0.992128653912908,24.606435100062,0.00933557563140041,0.00928660089079299
"DE139","2020",1,0,238263,12.3811303845609,2020,0,1,0,7.75092963712479,-0.617279362882957,-1.04120494908298,-2.04781178934934,21.8304725555936,-0.556451688659,-1.17221456599965
"DE139","2021",0,0,238263,12.3811303845609,2021,1,0,1,7.8786113806488,-0.709088001990798,-1.71923806552574,-15.8796622255755,22.6001509363278,-0.583319795562204,-1.70268150526243
"DE139","2022",9,2,238263,12.3811303845609,2022,2,0,0,12.5553637694397,-0.203225990446184,-0.225802086310563,-0.332923277811753,32.5109545282504,-0.422810908533382,-0.61719980972699
"DE139","2023",5,0,238263,12.3811303845609,2023,3,2,0,8.5396048365844,-0.294640515686593,-0.347194768011634,-0.535276622233097,24.581046441049,-0.464949587527692,-0.73161960681025
"DE13A","2019",1,0,171579,12.0527990809249,2019,-1,0,0,4.58995661699814,-0.542340287898384,-0.809646254074448,-1.52386957239389,15.1303819150608,-0.542753528773197,-1.06737594658126
"DE13A","2020",1,0,171579,12.0527990809249,2020,0,0,0,4.71823581052748,-0.547227440946892,-0.82241583235376,-1.5514339607729,15.7509995546679,-0.544506481778353,-1.07921181374016
"DE13A","2021",1,0,171579,12.0527990809249,2021,1,0,0,4.85010012541323,-0.551996207693906,-0.83511847284398,-1.5789983491519,16.3970736736126,-0.54619191844464,-1.09096113621969
"DE13A","2022",0,0,171579,12.0527990809249,2022,2,0,0,4.98564975791314,-0.696312448293074,-1.58218654102945,-15.4220742954947,17.069648445149,-0.581902261515123,-1.64577482077409
"DE13A","2023",20,1,171579,12.0527990809249,2023,3,0,0,6.39064828360114,1.49895896709632,1.00028622359855,1.14089660747781,20.8108175041988,-0.0227122297755197,-0.0230115654370502
"DE141","2019",5,0,293483,12.5895749949373,2019,-1,2,1,7.61774843773398,-0.243403813177521,-0.277224583645768,-0.421042732989138,25.5885875692807,-0.469752506855677,-0.746449348724231
"DE141","2020",4,1,293483,12.5895749949373,2020,0,0,2,9.51927350766297,-0.413409025094002,-0.53490369746179,-0.867023922551213,31.0841007810252,-0.509303870900337,-0.890390139417495
"DE141","2021",5,0,293483,12.5895749949373,2021,1,1,0,7.91229257229721,-0.261030828265466,-0.300698300868543,-0.458979459501084,27.9928882013092,-0.479825440024404,-0.779099398755007
"DE141","2022",8,2,293483,12.5895749949373,2022,2,0,1,12.505538554447,-0.258543324579721,-0.29732896004714,-0.4467299638513,39.7473869635088,-0.467434880390131,-0.739211371155759
"DE141","2023",15,1,293483,12.5895749949373,2023,3,2,0,10.5746826924626,0.2991847648869,0.266052527522377,0.349587548727595,35.4595358541766,-0.337487979190376,-0.439509653026345
"DE142","2019",4,0,233546,12.36113433883,2019,-1,2,0,27.3920560755856,-0.619794275755629,-1.04861475854925,-1.9239584359893,20.5155554545527,-0.469228818288644,-0.744834063228542
"DE142","2020",13,1,233546,12.36113433883,2020,0,0,2,34.3318675324916,-0.451836154632456,-0.606100966546525,-0.971124571037133,24.7359042977117,-0.276935062998675,-0.338583801390738
"DE142","2021",28,1,233546,12.36113433883,2021,1,1,0,35.5834497056837,-0.155019369338908,-0.167535556531513,-0.239676087963128,26.0881647544927,0.0427908783379242,0.0417944064668947
"DE142","2022",85,0,233546,12.36113433883,2022,2,1,1,29.4213529673629,1.3719470061283,0.936805621696824,1.06093056612545,23.0169587956126,1.57105311067773,0.97360571857527
"DE142","2023",99,2,233546,12.36113433883,2023,3,0,1,46.362525399475,0.827269753138072,0.633194535290588,0.758628369574799,32.9273132522403,1.17327599842258,0.788054514120311
"DE143","2019",4,0,193326,12.1721331621006,2019,-1,4,0,13.0137003504736,-0.497440084386994,-0.700658658684486,-1.17970806452061,16.917111048173,-0.444273492114964,-0.672374527960553
"DE143","2020",3,0,193326,12.1721331621006,2020,0,0,4,12.7900180078508,-0.549541294631051,-0.826767220782894,-1.45005240155169,17.2244088258253,-0.480594340748544,-0.781759885232003
"DE143","2021",1,0,193326,12.1721331621006,2021,1,0,0,12.9915134360253,-0.662884735304409,-1.24798525219029,-2.56429533167366,18.4753417669111,-0.550821937563065,-1.12534179564513
"DE143","2022",68,1,193326,12.1721331621006,2022,2,0,0,16.6526324697281,2.22414271514009,1.3271971805983,1.40693940966304,22.5245978014359,1.17764733310909,0.790223021807156
"DE143","2023",9,0,193326,12.1721331621006,2023,3,1,0,13.92427735023,-0.254314933067864,-0.291661927364502,-0.436409200165169,19.983496680053,-0.320293548132187,-0.409238380941926
"DE144","2019",32,0,129882,11.7743816249279,2019,-1,0,0,14.2263742155793,0.898783613243871,0.67645443450909,0.810638353038736,11.4534078406561,1.03885060889679,0.719622446201115
"DE144","2020",4,0,129882,11.7743816249279,2020,0,0,0,14.6239700892445,-0.522889320978976,-0.759305712812323,-1.29636735827013,11.923203446572,-0.385040608861712,-0.531899846519588
"DE144","2021",22,3,129882,11.7743816249279,2021,1,0,0,29.1469165441268,-0.178066182579588,-0.194957711743471,-0.281306629456471,19.9374765186901,0.0602836091330368,0.0583377008520157
"DE144","2022",18,0,129882,11.7743816249279,2022,2,3,0,16.1257453793907,0.0837943219942919,0.0807977358247394,0.109954726759737,12.8468615718333,0.232655598592716,0.207540218887228
"DE144","2023",38,1,129882,11.7743816249279,2023,3,0,3,19.9856104056744,0.651874393703614,0.521494529918087,0.642573651154209,15.4039297952063,0.852680101466346,0.618871462088988
"DE145","2019",16,1,202354,12.2177739178378,2019,-1,0,0,9.87879327830018,0.442239429431538,0.375521730378416,0.482198418263303,20.8979596842058,-0.136631835744448,-0.148937736328
"DE145","2020",0,2,202354,12.2177739178378,2020,0,1,0,12.8439274184569,-0.71800047467584,-1.85846989975664,-16.3683816831679,25.4291003243311,-0.583808919559202,-1.72610900437546
"DE145","2021",1,2,202354,12.2177739178378,2021,1,2,1,13.4318340359506,-0.665129851712809,-1.26066132248542,-2.59762656382914,26.2243230601739,-0.561660955601249,-1.22219335657748
"DE145","2022",13,2,202354,12.2177739178378,2022,2,2,2,13.8484764403057,-0.0440550475901108,-0.0449703110403055,-0.0632257878877647,27.0966145398706,-0.303843325549684,-0.381537516006098
"DE145","2023",22,1,202354,12.2177739178378,2023,3,2,2,11.4161842592667,0.663985716758533,0.529472403917841,0.656010478328262,24.0861245016941,-0.050545419254335,-0.0520717068045053
"DE146","2019",2,1,207415,12.2424768961739,2019,-1,0,1,4.50695822041862,-0.385333095635155,-0.486854901504685,-0.812474793174201,21.2610531127102,-0.52819727437888,-0.980479280201169
"DE146","2020",11,1,207415,12.2424768961739,2020,0,1,0,4.68521765394201,0.935584155416478,0.69812842053703,0.853482991477835,22.2563030985032,-0.294984341638646,-0.367091732213046
"DE146","2021",0,0,207415,12.2424768961739,2021,1,1,1,3.87386393016103,-0.686794117053216,-1.50394813869928,-15.1697629984708,19.6361996400185,-0.582658107982579,-1.67438377475956
"DE146","2022",0,0,207415,12.2424768961739,2022,2,0,1,3.92594877722317,-0.687349507825609,-1.50813445189236,-15.1831186066685,20.4810927113454,-0.582865998632724,-1.68290670677513
"DE146","2023",1,1,207415,12.2424768961739,2023,3,0,0,5.01732416728693,-0.557702036775004,-0.850648201147775,-1.6128957571858,25.1573660683031,-0.560562062174409,-1.21100839501886
"DE147","2019",21,0,220804,12.305030709163,2019,-1,0,0,23.2185054258085,-0.0692278310417548,-0.0715364318519753,-0.10042712304212,19.4711989717454,0.0457446442024983,0.0446089814153203
"DE147","2020",3,0,220804,12.305030709163,2020,0,0,0,23.8674115919255,-0.633652668409161,-1.1045772737284,-2.0739013747622,20.269868140442,-0.496557205520653,-0.838952598921815
"DE147","2021",33,1,220804,12.305030709163,2021,1,0,0,30.5934512711909,0.0571488361511346,0.0557273987875517,0.0757216164601368,24.7124320140753,0.195748279707077,0.177456986640332
"DE147","2022",12,0,220804,12.305030709163,2022,2,1,0,25.5810425994327,-0.385055422327681,-0.48602604974545,-0.756944820581594,21.9245114813028,-0.263988617928757,-0.31884599729754
"DE147","2023",146,2,220804,12.305030709163,2023,3,0,1,40.4313555858915,1.90095282610314,1.18833575576839,1.28400101625877,31.1308370742709,2.15683590801772,1.21269769421929
"DE148","2019",33,0,291102,12.5814290002014,2019,-1,0,1,19.8606929255457,0.478414257668251,0.40184236126841,0.50776504325028,25.4790637581089,0.172331581976998,0.157888277589139
"DE148","2020",12,0,291102,12.5814290002014,2020,0,0,0,20.3549406627896,-0.296919316963122,-0.350399692698646,-0.528416933712174,26.7232439422245,-0.321755553128307,-0.411754369417716
"DE148","2021",70,1,291102,12.5814290002014,2021,1,0,0,26.0911361458949,1.22082917233912,0.857984952392806,0.986899610955787,32.5801995623329,0.67151887180522,0.512753288116552
"DE148","2022",4,1,291102,12.5814290002014,2022,2,1,0,27.2041303789162,-0.619021027397876,-1.04565934466531,-1.91707420281976,33.8512346384072,-0.515684222400965,-0.91864236470767
"DE148","2023",9,0,291102,12.5814290002014,2023,3,1,1,22.4931064488783,-0.434468934417148,-0.573075044808659,-0.915984193769242,29.8661281920436,-0.408287887117298,-0.582841504744333
"DE149","2019",11,2,132167,11.7918215534538,2019,-1,1,2,8.60067071244054,0.198346364089281,0.182830272804235,0.246055173670376,15.7177016724914,-0.174510387720347,-0.195575505922073
"DE149","2020",1,0,132167,11.7918215534538,2020,0,2,1,5.75008655764322,-0.578971293449565,-0.912093359051781,-1.74921390819963,11.9962256345195,-0.531171691817627,-0.997279667309695
"DE149","2021",0,0,132167,11.7918215534538,2021,1,0,2,5.76234786023811,-0.700921471902667,-1.62624097560053,-15.5668555642445,12.4431485055953,-0.579768118431528,-1.57962915542527
"DE149","2022",0,0,132167,11.7918215534538,2022,2,0,0,5.88815587569471,-0.701560767168294,-1.6327586430106,-15.588453412494,13.1487199835062,-0.580188779881654,-1.59133074467238
"DE149","2023",19,0,132167,11.7918215534538,2023,3,0,0,6.05271688359443,1.50240712607567,1.00196685177554,1.14393178888927,13.6880538619125,0.225268483134799,0.201590402857786
"DE211","2019",32,1,141185,11.8578263661036,2019,-1,1,0,44.9372450165749,-0.209737307265015,-0.233939217596258,-0.3395310272363,14.5526872374509,0.696452752299017,0.527896812374335
"DE211","2020",23,2,141185,11.8578263661036,2020,0,1,1,57.7730387878907,-0.439064491007799,-0.581657229689936,-0.921027950489125,17.6100373842218,0.178158990609326,0.162794133671228
"DE211","2021",23,0,141185,11.8578263661036,2021,1,2,1,38.7402921062975,-0.295719774491188,-0.348686616943628,-0.521385938715898,13.3403855228352,0.420185076881356,0.348258316742837
"DE211","2022",98,0,141185,11.8578263661036,2022,2,0,2,38.8229006791196,1.1094365785287,0.797455979375224,0.925957192670271,13.8373854610463,3.53111086217304,1.67498629589185
"DE211","2023",136,0,141185,11.8578263661036,2023,3,0,0,39.6705121401372,1.76763076143306,1.12806391682512,1.23204674863507,14.6220152117708,4.82239605103359,2.03348809496796
"DE212","2019",240,1,1505005,14.2243067784187,2019,-1,9,4,100.13481909773,1.02089990642496,0.747712469385751,0.874121458536716,148.252834861302,0.363316499407986,0.307507762874
"DE212","2020",80,6,1505005,14.2243067784187,2020,0,1,9,281.143697339815,-0.523822190409956,-0.761382751542122,-1.25683926988398,332.625200378023,-0.446166541124962,-0.67746089362039
"DE212","2021",229,15,1505005,14.2243067784187,2021,1,6,1,2208.29578125428,-0.656781477178347,-1.21265996001999,-2.26625434940564,1508.90872691572,-0.49850234771215,-0.846311961678668
"DE212","2022",198,4,1505005,14.2243067784187,2022,2,15,6,231.031167537878,-0.104657264279817,-0.110100464817323,-0.154285590081674,261.623649886555,-0.142842000095667,-0.156394811626832
"DE212","2023",162,2,1505005,14.2243067784187,2023,3,4,15,134.189728446311,0.15157892568803,0.142232451438229,0.188341658945118,189.630083538795,-0.0855619386701593,-0.0901064808068826
"DE213","2019",4,0,65274,11.0863490736491,2019,-1,0,0,15.7850126938368,-0.538071374580938,-0.79682827200768,-1.37276631506062,5.75606891941136,-0.174164645971004,-0.195148177392852
"DE213","2020",0,1,65274,11.0863490736491,2020,0,0,0,20.2333635888443,-0.723321515497804,-1.98146772987811,-16.8228434626905,7.01763133601633,-0.573807175399231,-1.45388625782819
"DE213","2021",8,0,65274,11.0863490736491,2021,1,1,0,16.9183441027276,-0.38032976792744,-0.478189504304019,-0.748956816439979,6.22594080220064,0.16301869735589,0.149993035700693
"DE213","2022",111,0,65274,11.0863490736491,2022,2,0,1,17.1970414685544,3.93645282097396,1.94432875920197,1.86479284893913,6.44544919914356,9.28866221431685,2.99473294903016
"DE213","2023",8,0,65274,11.0863490736491,2023,3,0,0,17.6250023088426,-0.394251772977652,-0.501541140621283,-0.789876813016657,6.76018997013229,0.105141599800124,0.099453227900943
"DE214","2019",0,1,113938,11.6434097197822,2019,-1,0,0,2.35588130750483,-0.661341074025471,-1.3449049488873,-14.6724254436666,11.7668626787662,-0.579318579852305,-1.56770189388868
"DE214","2020",3,1,113938,11.6434097197822,2020,0,1,0,2.4563783611507,0.146920569711665,0.138076270020771,0.199924567738756,12.2259174237025,-0.437399451831649,-0.654134540789046
"DE214","2021",3,0,113938,11.6434097197822,2021,1,1,1,2.03099967492087,0.310945901583504,0.275248216856256,0.390084499461806,10.7866321846753,-0.41765641308319,-0.604848859993526
"DE214","2022",0,0,113938,11.6434097197822,2022,2,0,1,2.05830685693826,-0.652640618512599,-1.3008359715684,-14.5373942887015,11.2507520735978,-0.578939965557409,-1.55807668584995
"DE214","2023",0,0,113938,11.6434097197822,2023,3,0,0,2.10952931480562,-0.654286495877692,-1.30888020073549,-14.5619754070158,11.8001428565269,-0.579341881480352,-1.5683064222754
"DE215","2019",0,0,105292,11.5644927218266,2019,-1,0,0,2.79900226476053,-0.671279483028723,-1.40066244251495,-14.8447735776293,9.28498343387354,-0.577122811117561,-1.51633240329234
"DE215","2020",6,0,105292,11.5644927218266,2020,0,0,0,2.87722822268802,0.730166418279536,0.572113449178278,0.734932227850695,9.66583465989484,-0.219032665816345,-0.25431922681573
"DE215","2021",5,0,105292,11.5644927218266,2021,1,0,0,2.95764042411045,0.465557610093543,0.39240182026688,0.525046316011066,10.0623076322978,-0.290751367298043,-0.36031439796648
"DE215","2022",0,1,105292,11.5644927218266,2022,2,0,0,3.79112866278887,-0.685883442867332,-1.49717092156415,-15.1481743329331,12.2676719722582,-0.579656140158665,-1.57660464579514
"DE215","2023",0,0,105292,11.5644927218266,2023,3,1,0,3.16999291655783,-0.677694121087936,-1.44052799228771,-14.9692399113266,10.8837007564226,-0.578649354498802,-1.55092865325109
"DE216","2019",0,0,130248,11.7771956044114,2019,-1,0,0,2.75563038776373,-0.670430615857921,-1.39563558283018,-14.82915679028,11.4856828846936,-0.57911643549564,-1.56251742887959
"DE216","2020",8,0,130248,11.7771956044114,2020,0,0,0,2.83264419710959,1.22573136731564,0.860093339596844,1.03823104598511,11.9568023475856,-0.191754326341238,-0.217783515058468
"DE216","2021",0,1,130248,11.7771956044114,2021,1,0,0,3.63090743540083,-0.68401328513632,-1.48357771379674,-15.1049931572048,14.5773846713342,-0.580918007966223,-1.6130296748446
"DE216","2022",0,0,130248,11.7771956044114,2022,2,1,0,3.03602221783492,-0.675538157394207,-1.42673846968313,-14.9260587355983,12.9328443842355,-0.58006485319284,-1.58782585753532
"DE216","2023",2,1,130248,11.7771956044114,2023,3,0,1,3.84815820707579,-0.329713131939654,-0.398677646130656,-0.654446965503414,15.680091402804,-0.507234819284255,-0.881806421436206
"DE217","2019",15,0,153595,11.9420745470825,2019,-1,2,0,4.5251977076764,1.60388873899985,1.05105068455416,1.19838899926729,13.4923601348001,0.0648515928628282,0.062608911319633
"DE217","2020",1,0,153595,11.9420745470825,2020,0,0,2,4.54839596956883,-0.540701167459969,-0.805417706797211,-1.51477363664789,13.8907630004433,-0.538789373161448,-1.04191448539591
"DE217","2021",1,0,153595,11.9420745470825,2021,1,0,0,4.64770005261295,-0.544571704828882,-0.81544624632625,-1.53637148489743,14.678419450507,-0.541384811039744,-1.05838888390457
"DE217","2022",0,0,153595,11.9420745470825,2022,2,0,0,4.77759304818237,-0.69484265414903,-1.56909705121208,-15.3794474312402,15.2804985046694,-0.58122765730806,-1.62286018583227
"DE217","2023",1,0,153595,11.9420745470825,2023,3,0,0,4.91111626732623,-0.554120755987448,-0.840857798671674,-1.59150026165544,15.9072736229198,-0.544926569769623,-1.08210534508775
"DE218","2019",1,0,144225,11.8791298591251,2019,-1,0,0,1.69643974487086,-0.262204109851575,-0.302873548299498,-0.528530787294395,12.7182191975688,-0.534338597470593,-1.01521795238642
"DE218","2020",0,0,144225,11.8791298591251,2020,0,0,0,1.74385150504682,-0.640794383288295,-1.24637245313024,-14.3716067336372,13.239894805145,-0.580239929491027,-1.59279193650852
"DE218","2021",2,1,144225,11.8791298591251,2021,1,0,0,2.23528369795625,-0.0692660640085422,-0.0715920742241427,-0.111220473658859,16.1416935709045,-0.509512540487067,-0.891479808058129
"DE218","2022",0,0,144225,11.8791298591251,2022,2,1,0,1.86905645238797,-0.645908738986598,-1.26919102334452,-14.4409442905765,14.3206765656007,-0.580797511083259,-1.60930909230313
"DE218","2023",1,1,144225,11.8791298591251,2023,3,0,1,2.36902908170213,-0.382376882673562,-0.482769879014018,-0.862479201041913,17.3627324993045,-0.548479657983887,-1.10753933552491
"DE219","2019",25,0,135668,11.8179660037182,2019,-1,0,1,7.07984143333422,1.78838301907535,1.13744588357703,1.26162435383509,11.8745100409311,0.640432606751091,0.493596438629691
"DE219","2020",0,0,135668,11.8179660037182,2020,0,0,0,7.25602841843029,-0.707154521180143,-1.69505789795463,-15.7973431873117,12.4543598434697,-0.579775167742369,-1.57982078566242
"DE219","2021",8,1,135668,11.8179660037182,2021,1,0,0,9.30083896976595,-0.0996623355277854,-0.104578540213098,-0.150662941213333,15.1839922577742,-0.274976540179994,-0.335566073780033
"DE219","2022",2,0,135668,11.8179660037182,2022,2,1,0,7.77699631816613,-0.526513290059819,-0.768514177219099,-1.35802250572689,13.4710178422736,-0.494201335932806,-0.830191562373362
"DE219","2023",4,1,135668,11.8179660037182,2023,3,0,1,9.85734295103121,-0.42407310936677,-0.554050717478448,-0.901922043596035,16.3325858395954,-0.439192522319967,-0.658797826741638
"DE21A","2019",0,1,140127,11.8503044332432,2019,-1,0,0,10.3507511706776,-0.714554656990001,-1.79789542306898,-16.1525696519191,14.4715122837637,-0.580868821169835,-1.61150407372713
"DE21A","2020",0,0,140127,11.8503044332432,2020,0,1,0,8.65489167227664,-0.711126203081859,-1.74658398882186,-15.9736352303127,12.8389159365813,-0.580009656582841,-1.58628058418602
"DE21A","2021",14,1,140127,11.8503044332432,2021,1,0,1,10.970075325659,0.197634723354359,0.182224648820335,0.243886260266229,15.5662102950767,-0.0584926889411008,-0.0605542579391082
"DE21A","2022",0,0,140127,11.8503044332432,2022,2,1,0,9.1454222093716,-0.712243151115467,-1.7624985918592,-16.0287640070707,13.9137697702058,-0.58059756793331,-1.60325771504212
"DE21A","2023",37,0,140127,11.8503044332432,2023,3,0,1,9.29607555130917,2.12356335298521,1.28493391470898,1.38132561230243,14.4043284495641,0.911143310002212,0.651334116710956
"DE21B","2019",0,0,184564,12.1257515657814,2019,-1,0,0,1.81135934327717,-0.643624707199062,-1.25887826676933,-14.409588139754,16.2754405129491,-0.581620824075098,-1.63594751916145
"DE21B","2020",0,0,184564,12.1257515657814,2020,0,0,0,1.86198285350534,-0.645635054789341,-1.26794454192459,-14.437152528133,16.9430261384419,-0.581859132800205,-1.64424231819469
"DE21B","2021",0,0,184564,12.1257515657814,2021,1,0,0,1.91402117951665,-0.647608932754473,-1.27700197315733,-14.464716916512,17.637994774982,-0.582088327795568,-1.65250209793046
"DE21B","2022",3,0,184564,12.1257515657814,2022,2,0,0,1.96751386230089,0.34086056302332,0.298708496451653,0.421841875074656,18.3614696182545,-0.487167874718165,-0.804465906781216
"DE21B","2023",0,0,184564,12.1257515657814,2023,3,0,0,2.02250154793153,-0.651448417558626,-1.29508770829426,-14.51984569327,19.1146199351579,-0.582520717915673,-1.66891769330868
"DE21C","2019",8,0,218227,12.2932910844143,2019,-1,2,0,5.68514674434922,0.285233078912381,0.254847955910742,0.341584727260032,19.1698771127773,-0.339431039679427,-0.44303140408524
"DE21C","2020",0,0,218227,12.2932910844143,2020,0,0,2,5.71429144289987,-0.700670321338051,-1.62370989668507,-15.5584808655299,19.7359258914531,-0.582683560713958,-1.67541063177941
"DE21C","2021",1,0,218227,12.2932910844143,2021,1,0,0,5.83905025364999,-0.58120670792094,-0.918913738248568,-1.76456715581564,20.855024196268,-0.55500006890622,-1.15950998933329
"DE21C","2022",13,0,218227,12.2932910844143,2022,2,0,0,6.00223886740327,0.818571091401571,0.627766756413291,0.772816890190465,21.7104550745694,-0.23396166206076,-0.275102927904115
"DE21C","2023",0,0,218227,12.2932910844143,2023,3,0,0,6.1699882440378,-0.702903961867395,-1.64681908775128,-15.6352074905374,22.6009739959565,-0.583319955474969,-1.70268878291392
"DE21D","2019",0,0,89296,11.3997119730282,2019,-1,0,0,3.67526072064309,-0.684545752458227,-1.48740480680263,-15.1171346325053,7.87440527970948,-0.575277430016665,-1.47981019706781
"DE21D","2020",0,0,89296,11.3997119730282,2020,0,0,0,3.77797617540539,-0.685735341034017,-1.49607875780947,-15.1446990208843,8.19739744510474,-0.57575434398005,-1.48878061023655
"DE21D","2021",9,1,89296,11.3997119730282,2021,1,0,0,4.84264200920251,0.596920499927125,0.484595036938399,0.619764246981496,9.99402786692661,-0.0574750805754023,-0.0594635450486346
"DE21D","2022",5,2,89296,11.3997119730282,2022,2,1,0,6.29616803667641,-0.144820401280279,-0.155648966775131,-0.230503087758857,12.1609545196084,-0.341288383555969,-0.446425596277494
"DE21D","2023",10,1,89296,11.3997119730282,2023,3,2,1,5.28033767172359,0.624072625764622,0.502914886642163,0.638595144342822,10.7086474312475,-0.038282641106414,-0.0391469963115044
"DE21E","2019",2,0,122107,11.7126529885128,2019,-1,0,0,4.07898741657926,-0.351123393015487,-0.431541089945237,-0.712701094842982,10.76778361281,-0.471093456205816,-0.750877224957622
"DE21E","2020",4,0,122107,11.7126529885128,2020,0,0,0,4.19298614464509,-0.0317578409831792,-0.0322294289280644,-0.0471185526619445,11.2094563007235,-0.372329687421118,-0.505802141927468
"DE21E","2021",11,0,122107,11.7126529885128,2021,1,0,0,4.31017088646223,1.07260592739417,0.776743567318974,0.936917811546652,11.6692455082721,-0.0332206665303746,-0.0338681079484047
"DE21E","2022",1,0,122107,11.7126529885128,2022,2,0,0,4.43063068410857,-0.535899323956862,-0.79318151663709,-1.48854094054031,12.1478943384203,-0.531867734193093,-1.00115273183943
"DE21E","2023",0,0,122107,11.7126529885128,2023,3,0,0,4.55445706819225,-0.693128916872313,-1.55434643161572,-15.3316168868831,12.6461763747119,-0.579893877820788,-1.58307012915076
"DE21F","2019",4,4,97152,11.4840320413152,2019,-1,0,2,10.0950461917602,-0.43115456894854,-0.56702797496785,-0.925750216341277,15.8769793906425,-0.434975531603205,-0.647789488871567
"DE21F","2020",2,1,97152,11.4840320413152,2020,0,4,0,5.63138280649473,-0.451539983496562,-0.605999513000442,-1.03520734537584,10.3645928005998,-0.466631120141038,-0.736965229285404
"DE21F","2021",10,0,97152,11.4840320413152,2021,1,1,4,4.5019856898677,0.845958320547601,0.644476697193393,0.798066629131232,8.99345525454458,0.0645538863858197,0.0623309503507468
"DE21F","2022",5,0,97152,11.4840320413152,2022,2,0,1,4.52186428782007,0.0732626524429709,0.0709512229622433,0.100513750567783,9.59322671500438,-0.276485172579401,-0.337905054160904
"DE21F","2023",3,0,97152,11.4840320413152,2023,3,0,0,4.63439415778771,-0.244665821727412,-0.27893552478879,-0.434892858179183,10.0616780950806,-0.405609268008341,-0.576815264834289
"DE21G","2019",0,0,122037,11.7120795564242,2019,-1,0,0,3.80403674005459,-0.686027889182622,-1.49823879709301,-15.1515733608696,10.7616107901799,-0.578548399260861,-1.54849165304928
"DE21G","2020",1,0,122037,11.7120795564242,2020,0,0,0,3.91035120136411,-0.511449847073813,-0.734073790607492,-1.36362619128482,11.2030302814039,-0.527229426959664,-0.97602753641232
"DE21G","2021",0,0,122037,11.7120795564242,2021,1,0,0,4.0196369180678,-0.68831549379874,-1.51551476597761,-15.2067021376276,11.6625559066475,-0.579244704871641,-1.56579483448948
"DE21G","2022",16,0,122037,11.7120795564242,2022,2,0,0,4.13197693021976,1.98018156156995,1.2228989530559,1.35383281669745,12.1409303428779,0.184220948010737,0.167871336313457
"DE21G","2023",0,3,122037,11.7120795564242,2023,3,0,0,8.23540981090684,-0.710070338314788,-1.73216098439408,-15.9239536848859,20.3015502260657,-0.582823250879164,-1.68112842828038
"DE21H","2019",1,0,354396,12.7781702109677,2019,-1,2,0,15.5057184922359,-0.674021040729191,-1.31439997356898,-2.74120789086889,31.1314721334198,-0.565750815606416,-1.26757717031737
"DE21H","2020",3,2,354396,12.7781702109677,2020,0,0,2,24.2335355244211,-0.635134572847327,-1.11089645114951,-2.08912481734636,43.9592733849912,-0.545510104846024,-1.08536153651256
"DE21H","2021",18,2,354396,12.7781702109677,2021,1,2,0,25.4764080128926,-0.212835874772533,-0.237840336351768,-0.347381034508229,46.2731203017071,-0.357792060704404,-0.477240315403319
"DE21H","2022",31,3,354396,12.7781702109677,2022,2,2,2,32.8513015987806,-0.0409659881660631,-0.0417552338869867,-0.0580041298919764,55.5774205351905,-0.259115394718056,-0.311556810316395
"DE21H","2023",78,2,354396,12.7781702109677,2023,3,3,2,27.4689683813665,1.33515382472948,0.917942432864012,1.04365189448137,49.307481915619,0.340832212179347,0.290964619245852
"DE21I","2019",25,0,99364,11.5065451540059,2019,-1,0,0,5.95409492051217,2.24518569225568,1.33573000411954,1.43479666009196,8.76223354028235,1.06835475253416,0.734918370180054
"DE21I","2020",1,0,99364,11.5065451540059,2020,0,0,0,6.12049877970595,-0.587869443903716,-0.939701291296747,-1.81164259315575,9.12164262380608,-0.513688237424152,-0.910453761532888
"DE21I","2021",4,0,99364,11.5065451540059,2021,1,0,0,6.2915532608203,-0.256214856816184,-0.294243369967237,-0.452913370414388,9.49579394042888,-0.334149179058206,-0.433555754786275
"DE21I","2022",1,0,99364,11.5065451540059,2022,2,0,0,6.46738833851061,-0.595316681759407,-0.963807604417423,-1.86677136991375,9.88529218671159,-0.519306784306106,-0.936418122477563
"DE21I","2023",1,0,99364,11.5065451540059,2023,3,0,0,6.64813761993799,-0.598901631227891,-0.975765541875719,-1.89433575829275,10.290766862644,-0.521956991859219,-0.949247526896707
"DE21J","2019",20,0,130781,11.7812794475151,2019,-1,0,0,7.77303598534395,1.11491035594502,0.800416297276729,0.94507150378569,11.532684519863,0.425213517778477,0.351789308319982
"DE21J","2020",19,2,130781,11.7812794475151,2020,0,0,0,12.4241280005901,0.379767562492136,0.328840742725425,0.424798643317157,16.4665004813896,0.0894976922871663,0.0853201078555812
"DE21J","2021",10,3,130781,11.7812794475151,2021,1,2,0,16.3844043380608,-0.280999825001185,-0.328005956024458,-0.493744734395257,19.9982025861143,-0.291348463726944,-0.361252631204518
"DE21J","2022",4,0,130781,11.7812794475151,2022,2,3,2,8.86354560377362,-0.390473059538151,-0.495216348272675,-0.795652254458889,12.7437653790826,-0.397917898512544,-0.559581016147939
"DE21J","2023",1,0,130781,11.7812794475151,2023,3,0,3,8.75712963029109,-0.630135765709355,-1.09189738778913,-2.169867183479,13.2440521346849,-0.536430710938348,-1.02753696308506
"DE21K","2019",17,0,258637,12.4631808131981,2019,-1,1,2,29.5456549877515,-0.308395549914841,-0.366896581927003,-0.552723290829429,22.4255959401101,-0.141118750849927,-0.154318846135243
"DE21K","2020",1,2,258637,12.4631808131981,2020,0,0,1,46.4197127227991,-0.712958388797418,-1.68409303084246,-3.83772321217618,32.3221193606318,-0.56655700650609,-1.27733940899754
"DE21K","2021",5,0,258637,12.4631808131981,2021,1,2,0,31.4785924652786,-0.611260260427134,-1.01674934816763,-1.83986959808497,24.6216956211781,-0.465150917110574,-0.732232377720241
"DE21K","2022",125,0,258637,12.4631808131981,2022,2,0,2,31.6399663276352,2.14432267947899,1.29379658914164,1.37389266663745,25.3487258808559,2.29502921640682,1.26457049825908
"DE21K","2023",52,0,258637,12.4631808131981,2023,3,0,0,32.3307544350766,0.442195655462113,0.375502472816467,0.475224810897799,26.7860902243636,0.549729557940136,0.435921742856684
"DE21L","2019",19,0,139329,11.8445933218767,2019,-1,0,0,7.134814399775,1.1753090518249,0.833433238018457,0.979452793852963,12.2864743461817,0.316740003367437,0.272948252167146
"DE21L","2020",13,1,139329,11.8445933218767,2020,0,0,0,9.14546580921885,0.300188749090636,0.266851607887972,0.351691217893773,14.9793111562923,-0.0767842232498361,-0.0804086713602024
"DE21L","2021",0,0,139329,11.8445933218767,2021,1,1,0,7.64707938256014,-0.708403921293386,-1.71050082424488,-15.8498343528487,13.2894277358491,-0.5802674291256,-1.59358110104458
"DE21L","2022",9,1,139329,11.8445933218767,2022,2,0,1,9.69267323318349,-0.0509793445497673,-0.0522123257265229,-0.0741455748662468,16.1124216296206,-0.256714833480238,-0.308000320464073
"DE21L","2023",0,0,139329,11.8445933218767,2023,3,1,0,8.08049046368906,-0.709653972829822,-1.72662757967774,-15.9049631296067,14.4019977081981,-0.580836139309597,-1.61049564933833
"DE21M","2019",2,1,175144,12.0733637716872,2019,-1,1,0,15.4468236415045,-0.627160805537258,-1.07810822264046,-2.04425571210087,18.0530215923511,-0.517716132408927,-0.928244652295789
"DE21M","2020",11,0,175144,12.0733637716872,2020,0,1,1,12.7718491135702,-0.0995975156820395,-0.104505994811784,-0.149348097230183,15.9277457052969,-0.179901763167455,-0.202448718165682
"DE21M","2021",15,1,175144,12.0733637716872,2021,1,0,1,16.1400967831593,-0.0509269431197999,-0.0521570309254424,-0.07325639153322,19.4561243437804,-0.133438151578041,-0.145129791832697
"DE21M","2022",9,0,175144,12.0733637716872,2022,2,1,0,13.455513768156,-0.237968104701468,-0.270083766209373,-0.402164279183593,17.390747626317,-0.28080963131448,-0.344606338140664
"DE21M","2023",50,1,175144,12.0733637716872,2023,3,0,1,17.0548639048748,1.39389636042669,0.947950008484791,1.07558758936805,21.0849604497014,0.799508168358817,0.588632409261472
"DE21N","2019",0,0,138957,11.8419198117355,2019,-1,0,1,4.80307622055973,-0.695029003960627,-1.57073349821643,-15.384767149886,12.1623838470211,-0.57958743289749,-1.57476680667846
"DE21N","2020",0,0,138957,11.8419198117355,2020,0,0,0,4.92260425327847,-0.695879222342665,-1.5782843401116,-15.4093482682002,12.7562909512119,-0.579960443675287,-1.58491088428773
"DE21N","2021",13,1,138957,11.8419198117355,2021,1,0,0,6.3098360192934,0.745934016559698,0.582372462951246,0.72283974560286,15.5520978577374,-0.0953978243299722,-0.101111118930352
"DE21N","2022",23,4,138957,11.8419198117355,2022,2,1,0,12.7560494767244,0.576522117153539,0.470753360251905,0.589488631564991,25.9554617222383,-0.0664854077794588,-0.0691719899806593
"DE21N","2023",2,0,138957,11.8419198117355,2023,3,4,1,5.67658185878875,-0.453677415677348,-0.610166796473218,-1.0432015856032,14.174305781342,-0.498786099604526,-0.847676982928839
"DE221","2019",7,0,71863,11.1825168076391,2019,-1,0,0,5.25052764919268,0.232582076294164,0.211702717057834,0.287581715751033,6.33710789526701,0.0598723617975002,0.0579516427094397
"DE221","2020",0,2,71863,11.1825168076391,2020,0,0,0,8.39224566915738,-0.710476902341987,-1.737646707792,-15.9428187028382,9.04819602307755,-0.576852113421251,-1.51065004454808
"DE221","2021",6,0,71863,11.1825168076391,2021,1,2,0,5.70803546772419,0.0358374178181391,0.0352688294536047,0.0498847226126345,6.84120567600429,-0.0705136087247103,-0.0735499619660445
"DE221","2022",13,0,71863,11.1825168076391,2022,2,0,2,5.73729750448492,0.887113989555038,0.669394600257712,0.817961152956734,7.04321302820536,0.485337922931039,0.393175312344598
"DE221","2023",6,0,71863,11.1825168076391,2023,3,0,0,5.86255860128609,0.016444339174504,0.0163228144383405,0.0231735062172862,7.4425886543435,-0.11136968083601,-0.119303722705397
"DE222","2019",48,1,53039,10.8787827709867,2019,-1,0,0,14.0081670960957,1.74519352436337,1.1177023776121,1.23156050820977,5.47756349610383,4.42538366938268,1.92886139291112
"DE222","2020",1,0,53039,10.8787827709867,2020,0,1,0,11.71307924852,-0.655432726588588,-1.20809192214569,-2.46070510192551,4.8596149375947,-0.451055841042912,-0.691828118396914
"DE222","2021",9,0,53039,10.8787827709867,2021,1,0,1,11.906029829999,-0.174973520915226,-0.191237833705067,-0.279820291740084,5.03095069529004,0.448555312225975,0.368020828548556
"DE222","2022",43,1,53039,10.8787827709867,2022,2,0,0,15.2157897599328,1.31519814074818,0.90761086866217,1.03886645028091,6.17962479330436,3.40811984658804,1.63757870782833
"DE222","2023",4,0,53039,10.8787827709867,2023,3,1,0,12.7228458987034,-0.492170675003253,-0.689101595754768,-1.15710465594215,5.48247354423788,-0.1541495116759,-0.170168693768617
"DE223","2019",0,0,49002,10.7996163925863,2019,-1,0,0,1.77568122352157,-0.642151014674302,-1.25232994423307,-14.3896946951634,4.32115220744853,-0.565587321234451,-1.34115281525689
"DE223","2020",4,0,49002,10.7996163925863,2020,0,0,0,1.82530760876343,0.767492780847416,0.595376035504829,0.784546085541739,4.49839712422754,-0.0627554884397717,-0.0651411596153144
"DE223","2021",2,0,49002,10.7996163925863,2021,1,0,0,1.87632094233787,0.0425939526249699,0.0417897008498857,0.0638347666026984,4.682912268718,-0.324964185447201,-0.417461774889392
"DE223","2022",1,0,49002,10.7996163925863,2022,2,0,0,1.92875998640072,-0.312105943174375,-0.37315055455915,-0.656876302336626,4.87499585094442,-0.45147183112941,-0.692997807040739
"DE223","2023",1,0,49002,10.7996163925863,2023,3,0,0,1.9826645864248,-0.322197751207191,-0.388061056836439,-0.684440690715628,5.07495831290288,-0.456658229994545,-0.707810032435919
"DE224","2019",0,1,121844,11.7104968169711,2019,-1,0,1,25.556520676978,-0.725277305787597,-2.04237474080116,-17.056403054459,12.4896066121788,-0.579797248948129,-1.5804220000913
"DE224","2020",50,0,121844,11.7104968169711,2020,0,1,0,21.3057034573698,0.974796319045882,0.721182075971667,0.853048220604574,11.1637648231733,2.01376864195217,1.15732383879173
"DE224","2021",35,1,121844,11.7104968169711,2021,1,0,1,27.0049794548172,0.214842246102378,0.196838026064431,0.259326816808087,13.5352168189808,0.920427136312282,0.656415914774053
"DE224","2022",41,1,121844,11.7104968169711,2022,2,1,0,28.0730817323394,0.334279722798958,0.29377941816705,0.378760919346193,14.1688131077151,1.09970536396652,0.751012996393298
"DE224","2023",44,0,121844,11.7104968169711,2023,3,1,1,23.2115787918352,0.648888163730557,0.519519184892825,0.639538416620226,12.5008022048332,1.4609757077883,0.924473772225091
"DE225","2019",5,0,78710,11.2735254911365,2019,-1,0,0,6.31950333788777,-0.14690457692362,-0.158069135763772,-0.23420250685941,6.94089813167369,-0.160413325799677,-0.177895675321106
"DE225","2020",0,0,78710,11.2735254911365,2020,0,0,0,6.49611955876622,-0.704321138590977,-1.66223168445814,-15.6867155656368,7.22559972343884,-0.57419500498174,-1.46048955569405
"DE225","2021",5,2,78710,11.2735254911365,2021,1,0,0,10.3831528706961,-0.370489878667177,-0.462114621319661,-0.730746463950972,10.3167949421847,-0.297957144349444,-0.371922579280173
"DE225","2022",32,0,78710,11.2735254911365,2022,2,2,0,7.06216276181611,2.49473809166524,1.43652397864794,1.51098458925657,7.80037434386179,1.78436600812226,1.0646472464004
"DE225","2023",0,0,78710,11.2735254911365,2023,3,0,2,7.0983666830277,-0.706613911735228,-1.68856955192623,-15.7753752709032,8.03070406087463,-0.575512855108171,-1.48420102072467
"DE226","2019",0,0,126037,11.7443307936203,2019,-1,0,1,3.98334170143622,-0.687946177900211,-1.51267802604063,-15.1976316484504,11.0315448154969,-0.578768682316325,-1.55383947518435
"DE226","2020",0,0,126037,11.7443307936203,2020,0,0,0,4.08247004655411,-0.688940670613887,-1.52036034673674,-15.2222127667647,11.5702313853775,-0.579178229199549,-1.56409101377737
"DE226","2021",26,2,126037,11.7443307936203,2021,1,0,0,6.52526638402265,2.10241324751182,1.27586156585443,1.38241479897001,16.520110330684,0.333808308520621,0.28574270783988
"DE226","2022",0,0,126037,11.7443307936203,2022,2,2,0,4.43819847805878,-0.69217327562186,-1.54634451372421,-15.3057591038854,12.4906083239399,-0.579797874710698,-1.58043905910653
"DE226","2023",0,0,126037,11.7443307936203,2023,3,0,2,4.46095074155656,-0.692363902584475,-1.54792841380434,-15.3108724720312,12.8594314282868,-0.580021779889792,-1.58661916316963
"DE227","2019",0,0,162170,11.9964004467134,2019,-1,3,0,1.07951175076234,-0.598871302963551,-1.08795630481515,-13.8920194142528,14.2181767045928,-0.580748204515714,-1.60780284906626
"DE227","2020",0,0,162170,11.9964004467134,2020,0,0,3,1.07293374501361,-0.598262324892928,-1.08594160746194,-13.885907272282,14.5570059070683,-0.580908594921114,-1.61273697555712
"DE227","2021",0,0,162170,11.9964004467134,2021,1,0,0,1.09309300001209,-0.600111163443757,-1.09207849464521,-13.9045218504668,15.4978956495245,-0.581317804754426,-1.62579872193769
"DE227","2022",0,1,162170,11.9964004467134,2022,2,0,0,1.40113590876622,-0.623101922742608,-1.17411813936484,-14.1527938290126,18.8945823399794,-0.582460513169888,-1.6665621417808
"DE227","2023",0,0,162170,11.9964004467134,2023,3,1,0,1.17157482665238,-0.606845108123793,-1.11496315917348,-13.9738594074061,16.7629995789713,-0.581796709382278,-1.64204153490397
"DE228","2019",0,1,194699,12.1792100552403,2019,-1,0,1,1.39836173788757,-0.622930723563878,-1.17346276183952,-14.1508119221587,19.9576008484997,-0.582739238420791,-1.67767279635301
"DE228","2020",0,1,194699,12.1792100552403,2020,0,1,0,1.45366981022055,-0.626245453879855,-1.18628841897851,-14.1896018206543,20.8918350021719,-0.582961063953772,-1.68691103361042
"DE228","2021",0,1,194699,12.1792100552403,2021,1,1,1,1.49876123133605,-0.628802585967839,-1.19638582836045,-14.220149479098,21.5867535945722,-0.583113760519458,-1.69349196809852
"DE228","2022",0,0,194699,12.1792100552403,2022,2,1,1,1.23552467676365,-0.611842701146082,-1.13252438043333,-14.0270062773102,19.1884205276347,-0.582540605467578,-1.66970104699129
"DE228","2023",0,0,194699,12.1792100552403,2023,3,0,1,1.25213654413713,-0.613076136572279,-1.13693933532709,-14.0403618855079,20.0140468632147,-0.582753221359742,-1.67824439241466
"DE229","2019",0,0,77267,11.2550222352742,2019,-1,0,0,0.685718200297604,-0.548801584938845,-0.940088391089243,-13.4382220355738,6.81364980231268,-0.573404614851299,-1.44719529513763
"DE229","2020",0,0,77267,11.2550222352742,2020,0,0,0,0.70488251601179,-0.552108005165626,-0.948931208668971,-13.4657864239529,7.09313192518039,-0.573950510444116,-1.45630830476989
"DE229","2021",0,0,77267,11.2550222352742,2021,1,0,0,0.724582432205348,-0.555382560774909,-0.957796951416364,-13.4933508123319,7.38407783900727,-0.574476367661216,-1.46538151503348
"DE229","2022",0,0,77267,11.2550222352742,2022,2,0,0,0.744832917733821,-0.558624653628418,-0.966684584261415,-13.5209152007109,7.68695776529372,-0.574982868654723,-1.47441505907369
"DE229","2023",0,0,77267,11.2550222352742,2023,3,0,0,0.765649359799344,-0.561833713211926,-0.975593072064571,-13.5484795890899,8.00226121307431,-0.575470676322052,-1.48340908291658
"DE22A","2019",0,0,120497,11.6993801353374,2019,-1,0,2,4.15201288338239,-0.689612441260523,-1.5256295622267,-15.2391038067571,10.4680799041737,-0.578296275006872,-1.54250491530123
"DE22A","2020",0,0,120497,11.6993801353374,2020,0,0,0,4.24266282567639,-0.690457824452524,-1.53235544323392,-15.2607016550067,11.0616578563742,-0.578792605008828,-1.55442705375758
"DE22A","2021",0,1,120497,11.6993801353374,2021,1,0,0,5.43828131163312,-0.69914769026104,-1.60870400604946,-15.5089736335525,13.4860506168368,-0.58037463483587,-1.59668190948615
"DE22A","2022",22,1,120497,11.6993801353374,2022,2,1,0,5.67026721303465,2.01717917860522,1.23918499794218,1.35580625466433,14.0121751833521,0.331005442972051,0.283651764070674
"DE22A","2023",2,1,120497,11.6993801353374,2023,3,1,1,5.84615337710214,-0.461414584324504,-0.625446734513901,-1.07263622203244,14.478257796673,-0.5006313858117,-0.854910582823544
"DE22B","2019",0,2,103041,11.54288224626,2019,-1,0,1,1.49227042254786,-0.628442125010713,-1.19495140477517,-14.2158092916788,12.3697525419962,-0.579721660307374,-1.57836988852619
"DE22B","2020",0,1,103041,11.54288224626,2020,0,2,0,1.26186378468116,-0.613786684261746,-1.13949770481408,-14.048100380189,11.0353338239039,-0.578771699433862,-1.5539135056492
"DE22B","2021",0,0,103041,11.54288224626,2021,1,1,2,1.03169634083571,-0.594313255595375,-1.07303219628838,-13.8467149383493,9.6823295673275,-0.577548078964017,-1.52551589298911
"DE22B","2022",0,0,103041,11.54288224626,2022,2,0,1,1.04245313424329,-0.59536580669784,-1.07644706341613,-13.8570872764823,10.1747331392124,-0.578030133537096,-1.53633304736124
"DE22B","2023",1,0,103041,11.54288224626,2023,3,0,0,1.06839533599395,-0.0382717807291474,-0.0389742331303385,-0.0661568368327663,10.6715803338604,-0.524265681835853,-0.960758256995468
"DE22C","2019",0,0,101035,11.5232222704476,2019,-1,1,1,2.47615587971293,-0.664343265407452,-1.36107463597425,-14.7222178670703,8.82617768645196,-0.576585478853109,-1.50517025496087
"DE22C","2020",0,0,101035,11.5232222704476,2020,0,0,1,2.50944827268851,-0.665130143514589,-1.3654036782607,-14.735573475268,9.20594446975487,-0.577033959328173,-1.51445369396645
"DE22C","2021",11,1,101035,11.5232222704476,2021,1,0,0,3.20705036656691,1.6481382391242,1.07183909737133,1.23254373792272,11.307859316598,-0.0157629721332884,-0.0159061492513355
"DE22C","2022",0,0,101035,11.5232222704476,2022,2,1,0,2.68160958103243,-0.668926416811112,-1.38685821742727,-14.8019277621426,10.0321688806065,-0.577895311068574,-1.53326192633805
"DE22C","2023",0,0,101035,11.5232222704476,2023,3,0,1,2.72578397078782,-0.669832713792553,-1.39212702287332,-14.818266640405,10.3858737067211,-0.578223172322044,-1.54079486611026
"DE231","2019",46,0,42553,10.658505636804,2019,-1,0,0,8.31616733136956,3.21856555145081,1.70504001654833,1.71043992681758,3.75245887685313,6.33231495140666,2.39541961611932
"DE231","2020",2,0,42553,10.658505636804,2020,0,0,0,8.54858591994021,-0.544555575525979,-0.813973550090524,-1.45261819922982,3.90637714434624,-0.274937609208797,-0.335609735620791
"DE231","2021",13,0,42553,10.658505636804,2021,1,0,0,8.78750009694248,0.341045868768642,0.299044716153609,0.391619166215966,4.06660882761433,1.23959479319383,0.820527046691702
"DE231","2022",1,0,42553,10.658505636804,2022,2,0,0,9.03309139978842,-0.633176593100721,-1.10459744989691,-2.20089365654815,4.23341289019301,-0.431655515406666,-0.640001205909085
"DE231","2023",0,0,42553,10.658505636804,2023,3,0,0,9.28554643946145,-0.712541434880684,-1.76687154763135,-16.0439696028909,4.40705891777797,-0.565995845640532,-1.34584335385747
"DE232","2019",86,0,151389,11.927607962128,2019,-1,2,2,40.0524144561652,0.835144757470221,0.638019426287122,0.764158350137604,13.1011736533029,3.22819295073926,1.58185709623218
"DE232","2020",90,2,151389,11.927607962128,2020,0,0,2,62.2246339836741,0.325725273376724,0.287078362600963,0.369058715347662,18.7782888025837,2.20901534909728,1.23245565205888
"DE232","2021",58,2,151389,11.927607962128,2021,1,2,0,65.4159671511179,-0.082742515746956,-0.0860792340783178,-0.120323346918118,19.7667056325555,1.12705733111176,0.764898768688525
"DE232","2022",115,1,151389,11.927607962128,2022,2,2,2,54.2492795987996,0.816654691695093,0.626666362760609,0.751342424011304,17.3097671067423,3.28450348619092,1.59949254065048
"DE232","2023",59,1,151389,11.927607962128,2023,3,1,2,54.9786716172271,0.0533438730719079,0.0521019008839632,0.0705921396096015,18.054560017941,1.3203947540164,0.859375890684947
"DE233","2019",4,0,42444,10.6559408389935,2019,-1,0,0,2.14619040537961,0.566133527638252,0.46327389499247,0.622600245134472,3.74284691018622,0.0386384492889454,0.0378220855976183
"DE233","2020",5,0,42444,10.6559408389935,2020,0,0,0,2.20617170745618,0.832275910725307,0.635729505592912,0.818179358069692,3.89637091426296,0.159557432620373,0.147038551270881
"DE233","2021",2,0,42444,10.6559408389935,2021,1,0,0,2.26782935501905,-0.0778240226040717,-0.0807819447337816,-0.12567546218357,4.0561921622274,-0.286020597457807,-0.352899281004287
"DE233","2022",0,0,42444,10.6559408389935,2022,2,0,0,2.33121019823807,-0.660692348556571,-1.34148037617329,-14.6618980890867,4.22256895427707,-0.565099193679588,-1.335641616585
"DE233","2023",0,0,42444,10.6559408389935,2023,3,0,0,2.39636239664228,-0.662380553124624,-1.35044283471805,-14.6894624774657,4.39577018556079,-0.565943024196304,-1.34523277309374
"DE234","2019",0,0,103982,11.5519730862209,2019,-1,0,0,1.59325237607036,-0.633780188119368,-1.21658235698973,-14.281288004511,9.16946346750976,-0.576992446555548,-1.51358051940069
"DE234","2020",0,0,103982,11.5519730862209,2020,0,0,0,1.63778027621088,-0.635963509412797,-1.2256807098464,-14.30885239289,9.5455762983435,-0.57740560699909,-1.52240318054448
"DE234","2021",0,0,103982,11.5519730862209,2021,1,0,0,1.68355263323765,-0.638109269715721,-1.23477348019681,-14.336416781269,9.93711651617966,-0.577803325113472,-1.53118729679745
"DE234","2022",5,1,103982,11.5519730862209,2022,2,0,0,2.15799209097588,0.863644993831481,0.654778103082418,0.840259910583592,12.1150426150073,-0.340367499911507,-0.444748768307627
"DE234","2023",0,0,103982,11.5519730862209,2023,3,1,0,1.8044282457428,-0.643342193256633,-1.25761661813397,-14.4057543382083,10.7482902030005,-0.578537249045842,-1.54822391215365
"DE235","2019",1,0,128534,11.763948739759,2019,-1,0,0,1.14397080376827,-0.0760845618901609,-0.0789483749133428,-0.134504371450858,11.334536913436,-0.527920583014844,-0.979672823343702
"DE235","2020",0,0,128534,11.763948739759,2020,0,0,0,1.17594227199197,-0.607199640149024,-1.11619217900873,-13.9775803177936,11.7994566745329,-0.579341402338304,-1.56829397698674
"DE235","2021",0,0,128534,11.763948739759,2021,1,0,0,1.20880727244308,-0.609804249007062,-1.12529907701287,-14.0051447061726,12.2834465031509,-0.579666334680079,-1.5768784897952
"DE235","2022",0,0,128534,11.763948739759,2022,2,0,0,1.24259077738236,-0.612370479137895,-1.13440948276931,-14.0327090945516,12.7872886148584,-0.579978979504631,-1.58542589070741
"DE235","2023",0,0,128534,11.763948739759,2023,3,0,0,1.27731845699033,-0.6148982856502,-1.14352249856858,-14.0602734829306,13.3117973101233,-0.580279782431541,-1.59393642887934
"DE236","2019",3,0,138693,11.840018136392,2019,-1,2,0,8.63362152837921,-0.463991565917141,-0.630340841825846,-1.05705143914439,12.1833126350196,-0.436881086902958,-0.652780979525242
"DE236","2020",36,3,138693,11.840018136392,2020,0,0,2,16.8255775156047,0.822146904136293,0.630037803152983,0.760618766441976,20.1475652661236,0.458545572698508,0.374928349524492
"DE236","2021",0,0,138693,11.840018136392,2021,1,3,0,9.25349777684169,-0.71247397660761,-1.76587786130029,-16.0405121760494,13.1778448629298,-0.580205194571494,-1.59179872408649
"DE236","2022",0,0,138693,11.840018136392,2022,2,0,3,9.19711158046277,-0.712354196992747,-1.76412028568915,-16.0344000340786,13.4918822221511,-0.580377767613632,-1.59677311011645
"DE236","2023",26,0,138693,11.840018136392,2023,3,0,0,9.36991527730023,1.26495727436534,0.881329173898185,1.0205925221839,14.3639278660349,0.470514853572012,0.38312018489683
"DE237","2019",11,1,96049,11.4726137568984,2019,-1,0,0,3.05246104682025,1.75957697742522,1.12374060766587,1.28194719786061,9.91938943489276,0.0629435549664683,0.0608270885574662
"DE237","2020",0,1,96049,11.4726137568984,2020,0,1,0,3.18267276020199,-0.677889790453212,-1.44180052183962,-14.9732318923715,10.3063696275975,-0.578151390204874,-1.5391266917503
"DE237","2021",0,0,96049,11.4726137568984,2021,1,1,1,2.63151941231141,-0.667866620596542,-1.38077074237499,-14.7830719606484,9.09306144311714,-0.576904456852556,-1.51173928367847
"DE237","2022",0,0,96049,11.4726137568984,2022,2,0,1,2.66690069792244,-0.668618819375028,-1.38508328837534,-14.7964275688461,9.48431151957197,-0.577340482796071,-1.52099262317148
"DE237","2023",0,0,96049,11.4726137568984,2023,3,0,0,2.73326845459355,-0.669983723213187,-1.39301069025525,-14.8210086871604,9.94744441035079,-0.577813402811776,-1.53141377844861
"DE238","2019",2,0,196213,12.1869560828378,2019,-1,1,1,10.1648352035022,-0.57370245437397,-0.894787903385405,-1.62578655423976,17.1407017606948,-0.514026262260791,-0.91131464074299
"DE238","2020",1,0,196213,12.1869560828378,2020,0,0,1,10.3015033716493,-0.645114480949405,-1.15756604585503,-2.33228884299775,17.8782202429258,-0.54960074767486,-1.11594974435672
"DE238","2021",0,0,196213,12.1869560828378,2021,1,0,0,10.55786374894,-0.714900636398423,-1.80351578793214,-16.1723815192758,18.7512400510584,-0.582420543385115,-1.66501127869483
"DE238","2022",50,0,196213,12.1869560828378,2022,2,0,0,10.8529328225977,2.5803806567732,1.47012384632902,1.52758767573762,19.5203779621517,0.9097307503337,0.650562272355306
"DE238","2023",1,0,196213,12.1869560828378,2023,3,0,0,11.1562484279686,-0.651666453001598,-1.18906992119161,-2.41199873807003,20.3210643534879,-0.554146958451583,-1.15225642473024
"DE239","2019",0,0,149312,11.9137933553811,2019,-1,1,1,3.23468060474881,-0.678678014545434,-1.44696343100027,-14.9894407498988,13.0435417698769,-0.580128903226991,-1.58963112973813
"DE239","2020",3,0,149312,11.9137933553811,2020,0,0,1,3.2781715088256,-0.0576441664745422,-0.0592339005013128,-0.0886731781308016,13.6047704327019,-0.452445017824309,-0.695028747883871
"DE239","2021",8,1,149312,11.9137933553811,2021,1,0,0,4.18947114928371,0.627557654729863,0.505206096827992,0.646867158066585,16.7110317244507,-0.303266163369829,-0.380592369484701
"DE239","2022",1,0,149312,11.9137933553811,2022,2,1,0,3.50307126152325,-0.487607145167706,-0.680868584458072,-1.25363908700729,14.8257851229882,-0.541840148849903,-1.06135478006834
"DE239","2023",1,1,149312,11.9137933553811,2023,3,0,1,4.44014287702259,-0.536296086444373,-0.794184159534147,-1.49068555543648,17.9751382557542,-0.549804417496103,-1.11749907320385
"DE23A","2019",0,1,72210,11.1873338194452,2019,-1,0,0,1.22680611993392,-0.61118503433011,-1.13018368747146,-14.0199246997441,7.45743434177977,-0.574602690724993,-1.46760663618437
"DE23A","2020",0,1,72210,11.1873338194452,2020,0,1,0,1.27913914709252,-0.615027865110775,-1.14399346663474,-14.0616978683045,7.74836750834278,-0.575080889476312,-1.47619848625882
"DE23A","2021",0,0,72210,11.1873338194452,2021,1,1,1,1.05762663969506,-0.596823315506378,-1.08120663358601,-13.8715379365814,6.83619784492799,-0.573450252138107,-1.44794575704399
"DE23A","2022",1,0,72210,11.1873338194452,2022,2,0,1,1.07184663367793,-0.040095162090927,-0.0408672733461392,-0.0693819868153088,7.13034112617822,-0.49351620031585,-0.828276111867713
"DE23A","2023",1,0,72210,11.1873338194452,2023,3,0,0,1.0985203139646,-0.0538645636752163,-0.0552737016548277,-0.0939631051295821,7.47852617800737,-0.497800090384519,-0.84450379509626
"DE241","2019",35,0,77150,11.2535068577913,2019,-1,0,0,9.93489700980912,1.80091691023338,1.14322669032666,1.25929458051149,6.80333237020232,2.37641010378413,1.29437188358992
"DE241","2020",3,0,77150,11.2535068577913,2020,0,0,0,10.2125555330936,-0.504481556005503,-0.716515388453072,-1.22500527592697,7.08239129288916,-0.330821605489953,-0.427668570169631
"DE241","2021",9,1,77150,11.2535068577913,2021,1,0,0,13.0905405830321,-0.224446126411476,-0.252602572878474,-0.374665188026816,8.63464488816283,0.0243867010129659,0.0240573002935192
"DE241","2022",23,0,77150,11.2535068577913,2022,2,1,0,10.9457959919509,0.787970095788485,0.608859756870203,0.742538804539719,7.66053178738841,1.15126174990833,0.777044334357873
"DE241","2023",0,0,77150,11.2535068577913,2023,3,0,1,11.126107049068,-0.715786013519752,-1.81832931756601,-16.2248048910944,7.93061965134394,-0.57536313805071,-1.48140044244535
"DE242","2019",82,0,72940,11.1973924643627,2019,-1,0,0,14.3213145562067,3.4001239408693,1.76786313176315,1.74497030352232,6.43208118059051,6.72707711947198,2.48294315981283
"DE242","2020",14,1,72940,11.1973924643627,2020,0,0,0,18.3571828611249,-0.171458104303837,-0.187018347197072,-0.270963533439006,7.84180576721255,0.451727678220776,0.370225708927539
"DE242","2021",0,0,72940,11.1973924643627,2021,1,1,0,15.3495554526801,-0.720364258217852,-1.90742806451943,-16.5465970708407,6.95713641132021,-0.573690162715286,-1.45192464542374
"DE242","2022",0,0,72940,11.1973924643627,2022,2,0,1,15.6024100255212,-0.720561676923005,-1.91186918349996,-16.5629359491031,7.20242461907547,-0.574152857707496,-1.45976421580567
"DE242","2023",13,0,72940,11.1973924643627,2023,3,0,0,15.9906873066601,-0.134818834584714,-0.1441069001694,-0.20705707506845,7.55412961395732,0.414355988555558,0.344142920983757
"DE243","2019",0,1,41064,10.6228871042401,2019,-1,0,0,17.2133654779726,-0.721686347677159,-1.938412072812,-16.6611967026996,4.24085422809645,-0.565191349265915,-1.33667449331086
"DE243","2020",0,0,41064,10.6228871042401,2020,0,1,0,14.393140272679,-0.719556482848013,-1.88986403915394,-16.4822622810932,3.7624244008633,-0.562503855866542,-1.30789158590511
"DE243","2021",1,0,41064,10.6228871042401,2021,1,0,1,14.6302397344002,-0.670569152986085,-1.29281520851,-2.6830896013918,3.89507644094704,-0.418689787215066,-0.607970596109696
"DE243","2022",16,1,41064,10.6228871042401,2022,2,0,0,18.6973033928698,-0.104236879558966,-0.109635031545732,-0.155790525132574,4.78440605049586,1.33062599250353,0.864128442293037
"DE243","2023",141,1,41064,10.6228871042401,2023,3,1,0,19.494891919983,4.50601356323383,2.11934191872529,1.97860741903768,4.97105769751013,15.5522792307166,3.99874997770687
"DE244","2019",0,0,46778,10.7531682859108,2019,-1,0,0,7.44551050610094,-0.707775475162027,-1.70265266465862,-15.8231217920786,4.12503281417141,-0.564594621264561,-1.33004742946868
"DE244","2020",12,0,46778,10.7531682859108,2020,0,0,0,7.65359615109371,0.402307032643756,0.34586203857065,0.449731110627987,4.29423331041827,1.01468009086407,0.706884953787364
"DE244","2021",13,1,46778,10.7531682859108,2021,1,0,0,9.81044467247864,0.231999882620517,0.211230095493891,0.281501833345486,5.23540399972107,0.844294204140912,0.614106463551107
"DE244","2022",4,0,46778,10.7531682859108,2022,2,1,0,8.20310859541297,-0.363781976475705,-0.451338214049905,-0.718218568312816,4.64477454245567,-0.0787165104141919,-0.082536456145986
"DE244","2023",30,0,46778,10.7531682859108,2023,3,0,1,8.3382391225645,1.84537569423334,1.16334690293963,1.28034535730041,4.8085356584649,2.97423802803714,1.50030438772838
"DE245","2019",0,0,147777,11.90345965969,2019,-1,1,0,1.01346600065149,-0.592491669553519,-1.06716560936128,-13.8288866978403,13.0063413567761,-0.580107498161586,-1.58902635794618
"DE245","2020",0,0,147777,11.90345965969,2020,0,0,1,1.03016091494225,-0.594161682545648,-1.0725419583832,-13.8452255761027,13.4649067739592,-0.580363253891866,-1.5963508738404
"DE245","2021",0,0,147777,11.90345965969,2021,1,0,0,1.05579721590697,-0.596649247584222,-1.0806363004725,-13.869806694417,14.1224179897625,-0.58070150562271,-1.60638476937758
"DE245","2022",0,0,147777,11.90345965969,2022,2,0,0,1.08530442625522,-0.599402981116566,-1.08972062921465,-13.897371082796,14.7016909894497,-0.580974870287282,-1.61480533300237
"DE245","2023",0,0,147777,11.90345965969,2023,3,0,0,1.11563629824247,-0.602118766785368,-1.09881209509976,-13.924935471175,15.3047245950339,-0.581237827766034,-1.62318992966864
"DE246","2019",5,1,103215,11.5445694703047,2019,-1,0,0,3.44837041144861,0.306734437116176,0.272011117782413,0.371536337488269,10.65945278475,-0.307124532570241,-0.386989405459047
"DE246","2020",7,0,103215,11.5445694703047,2020,0,1,0,2.88339192632895,0.960649132003089,0.712576662168935,0.886942938573085,9.45691200406941,-0.149985804020287,-0.165065348953608
"DE246","2021",0,1,103215,11.5445694703047,2021,1,0,1,3.65469931028092,-0.684300362397083,-1.48563689412468,-15.1115243797328,11.4657874328741,-0.57910176501739,-1.56214527630122
"DE246","2022",0,2,103215,11.5445694703047,2022,2,1,0,4.7375082433632,-0.694545780495951,-1.56650349430392,-15.3710218683952,14.0565413987344,-0.580669016649019,-1.60540301752237
"DE246","2023",0,1,103215,11.5445694703047,2023,3,2,1,3.97315368678388,-0.687841406968999,-1.51187669986013,-15.1950707168535,12.3778561706707,-0.579726816242795,-1.57850932977067
"DE247","2019",0,0,84468,11.3441280433961,2019,-1,0,0,6.02696622451724,-0.702237063927734,-1.63977431957011,-15.6117543284205,7.44865688459171,-0.574587702255459,-1.46734167118207
"DE247","2020",0,0,84468,11.3441280433961,2020,0,0,0,6.19540667640441,-0.703019455917879,-1.64805226724477,-15.6393187167995,7.75418571260871,-0.575090098419597,-1.47636664176238
"DE247","2021",0,1,84468,11.3441280433961,2021,1,0,0,7.94132499579099,-0.709266755180517,-1.72155583688236,-15.8875906953453,9.45367705007568,-0.577307610295912,-1.52028350218575
"DE247","2022",14,0,84468,11.3441280433961,2022,2,1,0,6.64022411896261,0.781290845671166,0.604649538177456,0.745911685269285,8.3871652497359,0.385481067778176,0.323564665837399
"DE247","2023",29,1,84468,11.3441280433961,2023,3,0,1,8.41648417132827,1.73770650819562,1.11418536008798,1.23710368026551,10.1688007540388,1.07042085052103,0.735989469032382
"DE248","2019",0,0,116184,11.6629304202876,2019,-1,0,1,7.14685246604218,-0.706782572160576,-1.69058173476373,-15.7821826032078,10.1691487645984,-0.578024921800179,-1.53621364875101
"DE248","2020",1,2,116184,11.6629304202876,2020,0,0,0,11.3892319575594,-0.653286002939133,-1.19716288304394,-2.43266734389183,14.6286073048056,-0.54122884997633,-1.05737837418196
"DE248","2021",9,0,116184,11.6629304202876,2021,1,2,0,7.74645339599717,0.114683624951622,0.109191731277482,0.149989576147897,11.0604711779481,-0.107823936605833,-0.115228689461101
"DE248","2022",32,0,116184,11.6629304202876,2022,2,0,2,7.78616530832159,2.20432493392163,1.31885118809109,1.4133874536045,11.3870651443582,1.04818758212112,0.724484033511335
"DE248","2023",0,2,116184,11.6629304202876,2023,3,0,0,12.3710802280216,-0.717450351178779,-1.848043709658,-16.3308720669926,16.5035612013608,-0.581704391629267,-1.63882357582474
"DE249","2019",0,0,92191,11.4316177908973,2019,-1,0,0,2.27740399443036,-0.659235747503302,-1.3338770553428,-14.6385467533004,8.12969558705538,-0.575657421992316,-1.48693319520947
"DE249","2020",0,1,92191,11.4316177908973,2020,0,0,0,2.91919581895475,-0.673515424769514,-1.41416928227823,-14.8868187318461,9.91148773629137,-0.577778228765911,-1.53062415084554
"DE249","2021",8,0,92191,11.4316177908973,2021,1,1,0,2.4409169118846,1.51107024991437,1.00554785351907,1.18706791440442,8.79332825467538,-0.0520155007914065,-0.0536346890086063
"DE249","2022",1,1,92191,11.4316177908973,2022,2,0,1,3.09386222277295,-0.457834042576306,-0.619461155853874,-1.1294192207051,10.6612425443113,-0.524205150217252,-0.960452293082156
"DE249","2023",0,0,92191,11.4316177908973,2023,3,1,0,2.57925998180727,-0.66672272782146,-1.37428674025177,-14.7630130869977,9.52949185536747,-0.577388588238754,-1.52203382703899
"DE24A","2019",0,0,64545,11.0751179339408,2019,-1,0,0,0.893550989313571,-0.579183016128952,-1.02585645409075,-13.7029586788964,5.69178338087763,-0.570697030714612,-1.40592107886904
"DE24A","2020",0,0,64545,11.0751179339408,2020,0,0,0,0.918523774429231,-0.582161634843881,-1.0348768230417,-13.7305230672754,5.92524881399263,-0.571341481299281,-1.41521345175411
"DE24A","2021",1,2,64545,11.0751179339408,2021,1,0,0,1.46813381111459,-0.199952523282077,-0.222106157743179,-0.383991078024153,8.46013885838283,-0.508018498322568,-0.885763557249947
"DE24A","2022",0,0,64545,11.0751179339408,2022,2,2,0,0.998559884394876,-0.590965798821482,-1.06229283177157,-13.814069404396,6.39658444955608,-0.572504689709004,-1.43279557452525
"DE24A","2023",1,0,64545,11.0751179339408,2023,3,0,2,1.00367896541849,-0.00216810806596495,-0.00217029935611338,-0.00367121457805565,6.58546301116952,-0.485927271513566,-0.800865504746446
"DE24B","2019",0,0,71518,11.1777044452506,2019,-1,0,0,1.65746063063061,-0.636897961478934,-1.2296217337905,-14.320797248501,6.30668469801853,-0.572295722301868,-1.42955525914167
"DE24B","2020",4,0,71518,11.1777044452506,2020,0,0,0,1.70378301028373,0.861228107687772,0.653016225684345,0.853443532204124,6.56537213849445,-0.223849596321665,-0.260974292257988
"DE24B","2021",1,1,71518,11.1777044452506,2021,1,0,0,2.18392356041794,-0.355926634675432,-0.439837631586049,-0.781122057462017,8.004310215316,-0.50357824461475,-0.86736104104052
"DE24B","2022",0,0,71518,11.1777044452506,2022,2,1,0,1.82611112220493,-0.644220071753227,-1.26154697387403,-14.4176991938193,7.10130800220925,-0.573965855884213,-1.45656887517362
"DE24B","2023",1,0,71518,11.1777044452506,2023,3,0,1,1.85619281083682,-0.297703545363238,-0.352297508125379,-0.618526514117971,7.35167927705529,-0.496285298219926,-0.838699163802386
"DE24C","2019",0,0,67379,11.1180886756512,2019,-1,1,0,13.8826931224716,-0.71908108674522,-1.87995191235204,-16.4461535232183,5.93024810544412,-0.571354749175225,-1.41540797366229
"DE24C","2020",0,0,67379,11.1180886756512,2020,0,0,1,14.1113839435308,-0.719298209664349,-1.88444189206282,-16.4624924014807,6.13933124588126,-0.571891068906981,-1.4233845790598
"DE24C","2021",0,0,67379,11.1180886756512,2021,1,0,0,14.4625559600166,-0.719618609497991,-1.89118181717884,-16.4870735197949,6.43912382665913,-0.572601614224607,-1.43431130046539
"DE24C","2022",0,0,67379,11.1180886756512,2022,2,0,0,14.8667525940443,-0.719969140083905,-1.89871828441703,-16.5146379081739,6.70324365211184,-0.573176883289856,-1.44348048218322
"DE24C","2023",139,1,67379,11.1180886756512,2023,3,0,0,19.0563299792684,4.54907307628411,2.13211671861287,1.9870746115695,8.1723991433416,9.2163757427104,2.98143249821887
"DE24D","2019",0,0,70549,11.1640627828361,2019,-1,1,0,7.39107045910511,-0.707600163090806,-1.70049268498605,-15.8157831348166,6.20925026478541,-0.572062678075954,-1.42598504556189
"DE24D","2020",13,0,70549,11.1640627828361,2020,0,0,1,7.51282421083668,0.517097096801775,0.429400844352191,0.548337979269903,6.4281702023728,0.585372974110844,0.458901827156781
"DE24D","2021",4,1,70549,11.1640627828361,2021,1,0,0,9.60131591535191,-0.416064124928917,-0.539627659782083,-0.875605552475902,7.89585952320155,-0.283861184025956,-0.349410017938106
"DE24D","2022",0,0,70549,11.1640627828361,2022,2,1,0,8.02824334083925,-0.709510098947865,-1.72473489952663,-15.8984762999536,7.00509212013564,-0.57378308152974,-1.45348120477509
"DE24D","2023",51,2,70549,11.1640627828361,2023,3,0,1,12.6888010909585,2.16732158737056,1.30344192068228,1.39110585174689,9.94660162294494,2.38485172953816,1.29747944064836
"DE251","2019",5,0,40742,10.6150147803775,2019,-1,0,0,5.13405463292531,-0.018206932436134,-0.0183601265241599,-0.0264576113539071,3.59275913709376,0.219889838017156,0.197220234352372
"DE251","2020",8,0,40742,10.6150147803775,2020,0,0,0,5.27754016945702,0.360168069289105,0.313818298619552,0.415981554512839,3.74012684452224,0.640511596649068,0.493585153168084
"DE251","2021",3,0,40742,10.6150147803775,2021,1,0,0,5.42503581119131,-0.31249050493581,-0.372981382513299,-0.592411878544603,3.89353927701133,-0.129273771941777,-0.140204053788287
"DE251","2022",20,0,40742,10.6150147803775,2022,2,0,0,5.57665363174985,1.81028153057738,1.14734953567536,1.277143434629,4.05324437694742,2.21977669448391,1.23632986487634
"DE251","2023",0,0,40742,10.6150147803775,2023,3,0,0,5.73250883696554,-0.700765992102942,-1.62467213395846,-15.5616638352683,4.21950025681175,-0.565083653985699,-1.33546779210718
"DE252","2019",4,0,115928,11.6607245877258,2019,-1,0,0,12.7997004241395,-0.493585848800623,-0.692187132993384,-1.16312715516773,10.2228997409308,-0.351886642694794,-0.466070665672598
"DE252","2020",5,0,115928,11.6607245877258,2020,0,0,0,13.1574239027766,-0.445363541770951,-0.593694235598257,-0.967548042232508,10.6422223953604,-0.306677427457044,-0.386246562189138
"DE252","2021",4,0,115928,11.6607245877258,2021,1,0,0,13.5251449659608,-0.506166998450404,-0.720221535066083,-1.21825593192573,11.078744816292,-0.369827169944206,-0.500796180417077
"DE252","2022",0,0,115928,11.6607245877258,2022,2,0,0,13.9031430241943,-0.719100784918738,-1.88035674167502,-16.4476254893889,11.5331725033322,-0.579151253182358,-1.56340286161459
"DE252","2023",76,0,115928,11.6607245877258,2023,3,0,0,14.2917052968881,3.10648276858384,1.66557220346247,1.67105403364063,12.0062398942534,3.08867054844911,1.53752612751707
"DE253","2019",5,0,132036,11.7908298916579,2019,-1,0,0,11.4502777315638,-0.403486383806108,-0.517453749450089,-0.828575873303766,11.6433544113031,-0.33049209412419,-0.42704111982236
"DE253","2020",1,0,132036,11.7908298916579,2020,0,0,0,11.7702878135006,-0.655799967642282,-1.2099853522426,-2.46557737411735,12.1209412410617,-0.531745294173121,-1.0004686677705
"DE253","2021",38,0,132036,11.7908298916579,2021,1,0,0,12.0992414734835,1.53512340007511,1.01808690181005,1.14444342354632,12.6181177158575,1.16644679748098,0.784647035431272
"DE253","2022",31,1,132036,11.7908298916579,2022,2,0,0,15.5089106756183,0.719661490380881,0.565658717589215,0.692572495701576,15.3836410793705,0.59006398109642,0.461913366811911
"DE253","2023",5,2,132036,11.7908298916579,2023,3,1,0,20.1639327239013,-0.543937072355756,-0.811844168854538,-1.39445738733466,18.7191552798557,-0.426845863472909,-0.627166467218547
"DE254","2019",96,1,529508,13.1797035525025,2019,-1,1,7,42.4343918992458,0.919299808926737,0.688664934831276,0.816389038735311,51.7958293083314,0.499949160593098,0.403025373345807
"DE254","2020",53,1,529508,13.1797035525025,2020,0,1,1,42.8464987022692,0.172590031976104,0.16064379217936,0.212668001280226,56.3946506285706,-0.0352721486042462,-0.0360035042731308
"DE254","2021",39,3,529508,13.1797035525025,2021,1,1,1,68.4842300045719,-0.314284630483937,-0.375481431972268,-0.563041828081707,80.5209350974417,-0.302433265420476,-0.379213730082931
"DE254","2022",17,0,529508,13.1797035525025,2022,2,3,1,37.354847093819,-0.396498228824711,-0.505349847304635,-0.787249275213958,51.9844102255124,-0.394243046546863,-0.55149464969057
"DE254","2023",37,1,529508,13.1797035525025,2023,3,0,3,46.1582105972834,-0.144567223468335,-0.155344087419115,-0.221156916553707,62.7993413867982,-0.240803697428154,-0.284833476922175
"DE255","2019",10,2,40835,10.6172948357924,2019,-1,0,0,15.4706168731788,-0.254764129604675,-0.292260004081919,-0.436357346243814,4.93890859301267,0.58228136637653,0.456910428770302
"DE255","2020",16,1,40835,10.6172948357924,2020,0,2,0,13.1210380206345,0.157607404936502,0.147542506259046,0.198371886927045,4.37328691199732,1.50432048402831,0.943899385393947
"DE255","2021",45,1,40835,10.6172948357924,2021,1,1,2,13.3770298551753,1.69869462593075,1.09610590895543,1.21312346585268,4.49374776197554,5.10541826764591,2.10512264004979
"DE255","2022",17,0,40835,10.6172948357924,2022,2,1,1,10.9946915976609,0.390855281161252,0.337245498002342,0.435800828592386,4.02446418443835,1.8185910350483,1.07868275276719
"DE255","2023",10,0,40835,10.6172948357924,2023,3,0,1,11.1425173449467,-0.0733968494946611,-0.0760018664402937,-0.108182989490992,4.19762609802502,0.780960534130879,0.577849830244457
"DE256","2019",21,0,187633,12.142243206268,2019,-1,1,1,8.1061734940209,1.1288999371236,0.808130817548785,0.951896554204664,16.3911733344092,0.163550602846585,0.150448604200624
"DE256","2020",3,1,187633,12.142243206268,2020,0,0,1,10.2439688702214,-0.505163718476679,-0.718059453226756,-1.22807650750087,20.022212335338,-0.495438926991096,-0.834706236512169
"DE256","2021",0,0,187633,12.142243206268,2021,1,1,0,8.54008907292586,-0.7108470888467,-1.74271496386647,-15.9602819957954,17.8967422027042,-0.582169177791323,-1.65548586506925
"DE256","2022",3,0,187633,12.142243206268,2022,2,0,1,8.68077070903037,-0.465407614889507,-0.633189662427877,-1.0624976940921,18.5277287983409,-0.488062065803252,-0.807641350154521
"DE256","2023",13,0,187633,12.142243206268,2023,3,0,0,8.89679797940584,0.328232145166252,0.289034844395174,0.379257999976853,19.4324650651995,-0.192851924834024,-0.219216779185325
"DE257","2019",0,0,138325,11.8373612677663,2019,-1,0,0,8.41189970826931,-0.710526830462035,-1.73832614551624,-15.945157893274,12.1979384330296,-0.579610764447501,-1.57538938818969
"DE257","2020",3,1,138325,11.8373612677663,2020,0,0,0,10.7824446246256,-0.516254127500482,-0.743651417033786,-1.27930669185411,14.8713707533545,-0.463835629050297,-0.728314726513463
"DE257","2021",4,0,138325,11.8373612677663,2021,1,1,0,9.01585678658977,-0.396089543376465,-0.504755811146941,-0.812690281129188,13.1936645749365,-0.404307204378039,-0.573826680739109
"DE257","2022",0,1,138325,11.8373612677663,2022,2,0,1,11.4275986135164,-0.71622121716391,-1.82585203376025,-16.2515419186425,15.9963160714371,-0.58151538128926,-1.63236718473889
"DE257","2023",83,3,138325,11.8373612677663,2023,3,1,0,18.4716373511922,2.5237234715065,1.44806594274754,1.5026041803374,22.966821868032,1.52492803894468,0.95321020023851
"DE258","2019",2,0,117719,11.6760557075781,2019,-1,0,0,1.49861744752024,0.210371670363314,0.192904266327424,0.288604699132986,10.3808358170816,-0.466817480232999,-0.737538428458395
"DE258","2020",0,0,117719,11.6760557075781,2020,0,0,0,1.54050050952239,-0.631062019063732,-1.20546217699414,-14.2476179277701,10.8066366896645,-0.578585890161324,-1.54939395176461
"DE258","2021",1,0,117719,11.6760557075781,2021,1,0,0,1.58355411100116,-0.233373673308726,-0.264604495786686,-0.459670758185338,11.2499030521451,-0.527477598844168,-0.977332646849257
"DE258","2022",0,0,117719,11.6760557075781,2022,2,0,0,1.62781096596075,-0.635483135053179,-1.22366582182184,-14.3027467045281,11.7113513035657,-0.579279424364661,-1.56668931209748
"DE258","2023",0,0,117719,11.6760557075781,2023,3,0,0,1.67330470268984,-0.637637198559048,-1.23275989235364,-14.3303110929071,12.1917272282073,-0.57960669815198,-1.57528077141478
"DE259","2019",4,0,168813,12.0365468723966,2019,-1,2,0,5.14177268071753,-0.154850668486279,-0.167357174116081,-0.251103288406972,14.8291662582507,-0.424305337436115,-0.620907565541872
"DE259","2020",0,0,168813,12.0365468723966,2020,0,0,2,5.16813179184239,-0.697511029513015,-1.59318328813687,-15.4580218256369,15.2670423802456,-0.581221994523582,-1.6226767832225
"DE259","2021",0,0,168813,12.0365468723966,2021,1,0,0,5.28096642455111,-0.698213574976901,-1.59977181827451,-15.4796196738865,16.1327388437021,-0.58156736540323,-1.63412563910226
"DE259","2022",0,0,168813,12.0365468723966,2022,2,0,0,5.4285578225805,-0.699091417225528,-1.60816019355855,-15.5071840622655,16.7944711355757,-0.581807717074266,-1.64242814625955
"DE259","2023",18,0,168813,12.0365468723966,2023,3,0,0,5.58027407561199,1.55783916341054,1.0289801967475,1.17113392077154,17.4833463465996,0.0171999403003553,0.0170349629209208
"DE25A","2019",0,0,101043,11.523301447795,2019,-1,1,0,6.53373124746567,-0.7044759963403,-1.66395408874251,-15.6924887389023,8.89312781902952,-0.576667245788662,-1.5068386527769
"DE25A","2020",14,1,101043,11.523301447795,2020,0,0,1,8.28150445509344,0.49039713919987,0.410427549694552,0.525032751676593,10.7822419350517,0.172662066711657,0.15816604941865
"DE25A","2021",20,0,101043,11.523301447795,2021,1,1,0,6.9040414511531,1.33901854448801,0.919836096905189,1.06362536585793,9.63764648216381,0.620927472610038,0.481421389705141
"DE25A","2022",7,1,101043,11.523301447795,2022,2,0,1,8.75087264387433,-0.142327585449039,-0.15275661301436,-0.223243134212794,11.6849142584943,-0.232247016349372,-0.272689743659177
"DE25A","2023",0,0,101043,11.523301447795,2023,3,1,0,7.29533960824132,-0.707285863793435,-1.69665144230468,-15.8027462924183,10.4444950758956,-0.578275416849871,-1.542015832019
"DE25B","2019",3,0,128632,11.7647108934242,2019,-1,1,0,4.98141427051166,-0.276954758117323,-0.322493818294788,-0.507101218780211,11.3213267382936,-0.425568144458154,-0.624063939739268
"DE25B","2020",2,0,128632,11.7647108934242,2020,0,0,1,5.06347354456672,-0.421594132850248,-0.549873268782399,-0.928905038484181,11.7204834862524,-0.480435721082427,-0.781360899072298
"DE25B","2021",0,0,128632,11.7647108934242,2021,1,0,0,5.18948175341311,-0.697646139963857,-1.59444197317941,-15.4621443953225,12.2928119454254,-0.579672375109902,-1.57704088852718
"DE25B","2022",21,1,128632,11.7647108934242,2022,2,0,0,6.65192186988094,1.52056872760489,1.01089547092558,1.14961666943841,14.9870377724377,0.233144386078845,0.20793309688389
"DE25B","2023",2,1,128632,11.7647108934242,2023,3,1,0,6.93567918264368,-0.502437589291378,-0.712206543219033,-1.24353130390457,15.5717196022337,-0.506680717763879,-0.87948531011858
"DE25C","2019",0,0,94695,11.4584164794698,2019,-1,2,0,3.43696668053602,-0.681539957422789,-1.4662266787742,-15.0500998614399,8.31836350769815,-0.575923708692181,-1.49203972309665
"DE25C","2020",0,0,94695,11.4584164794698,2020,0,0,2,3.45458616554446,-0.681774969629369,-1.46784624476398,-15.0552132295857,8.56398842623117,-0.576253315395204,-1.49849864909212
"DE25C","2021",1,0,94695,11.4584164794698,2021,1,0,0,3.53000935072041,-0.489341994589709,-0.684609669086055,-1.26129951987149,9.04959751206587,-0.513110174687389,-0.907870527878501
"DE25C","2022",18,1,94695,11.4584164794698,2022,2,0,0,4.52479602332115,2.06347997526382,1.25904270469116,1.38079931503494,11.0330053319624,0.365474891615096,0.309078552099462
"DE25C","2023",0,2,94695,11.4584164794698,2023,3,1,0,5.88292011682414,-0.701534672664431,-1.63249046595934,-15.5875638151082,13.4252053169283,-0.58034178904525,-1.59572773571868
"DE261","2019",48,0,73091,11.1994605191431,2019,-1,0,0,22.1720930939525,0.843539518830003,0.643142088127423,0.772366601475518,6.44539684083549,3.69175444774829,1.72269978180362
"DE261","2020",59,1,73091,11.1994605191431,2020,0,0,0,28.4203775946792,0.781190969409399,0.604646938168327,0.730431052043384,7.85803983179781,3.7438761501171,1.73802008044802
"DE261","2021",69,1,73091,11.1994605191431,2021,1,1,0,29.6327324797363,0.964902315433375,0.715436486197201,0.845226941718196,8.16460162053997,4.28966434607099,1.89216302501002
"DE261","2022",26,0,73091,11.1994605191431,2022,2,1,1,24.5011399649231,0.0443492662534421,0.0434849232223715,0.059376930834251,7.20343116700829,1.49819412037331,0.941226718622332
"DE261","2023",11,1,73091,11.1994605191431,2023,3,0,1,30.9626872988517,-0.468453233487226,-0.639126976857656,-1.03488748030577,8.7991643689143,0.144206478069843,0.133856212217849
"DE262","2019",3,0,54481,10.9056072960147,2019,-1,0,0,8.7195802331792,-0.46656204740791,-0.635520239927249,-1.06695847636393,4.80430785302648,-0.213207340400196,-0.246388942462287
"DE262","2020",32,0,54481,10.9056072960147,2020,0,0,0,8.96327332519761,1.8295225813921,1.15619943830014,1.27260044730541,5.00137083639527,3.06866670706743,1.53096537947872
"DE262","2021",32,2,54481,10.9056072960147,2021,1,0,0,14.3265585424409,0.88758067373352,0.669755031610786,0.803620878592846,7.14101518542963,1.99832219291394,1.15120799424108
"DE262","2022",1,0,54481,10.9056072960147,2022,2,2,0,9.74429342449057,-0.640242037284067,-1.13530860203909,-2.27668082386548,5.39921477103207,-0.464277788904204,-0.730389048361151
"DE262","2023",7,0,54481,10.9056072960147,2023,3,0,2,9.79424719124744,-0.203573592881104,-0.226239575904491,-0.335884900098337,5.55864296710089,0.147880527397725,0.137026945075338
"DE263","2019",13,0,133258,11.8000423777494,2019,-1,0,2,20.6133337438514,-0.267215437222691,-0.309047016565115,-0.460988701141616,11.5766815096673,0.0712088123281778,0.0685203952105532
"DE263","2020",69,1,133258,11.8000423777494,2020,0,0,0,26.265165983154,1.18039288550314,0.836263455338661,0.965862945147461,14.3266157516755,2.21645649496808,1.23524987197547
"DE263","2021",45,0,133258,11.8000423777494,2021,1,1,0,21.9619004060825,0.759539740435167,0.59104351104121,0.717353359656441,12.7103658335578,1.47327140714422,0.930038644505676
"DE263","2022",1,1,133258,11.8000423777494,2022,2,0,1,27.8367090972464,-0.699812791954789,-1.51995378039039,-3.32635462076579,15.4103530601668,-0.543561591272336,-1.07278509770523
"DE263","2023",35,0,133258,11.8000423777494,2023,3,1,0,23.2066280363924,0.368195039431486,0.320013575977969,0.410910160966735,13.7744576548964,0.894553457843865,0.642202194339256
"DE264","2019",14,1,170945,12.0490971463215,2019,-1,0,0,13.4117425217396,0.0315192805579819,0.0310783402453416,0.0429267702277929,17.6542184400435,-0.120486595526467,-0.129871088534731
"DE264","2020",10,1,170945,12.0490971463215,2020,0,1,0,13.9838598874991,-0.204886516353624,-0.227871109780911,-0.335318606382323,18.3429536589621,-0.26484990933508,-0.320143207704386
"DE264","2021",16,0,170945,12.0490971463215,2021,1,1,1,11.5622313462919,0.274968989158694,0.246568731034799,0.324844917086466,16.1835457776099,-0.00659606669478634,-0.00662090537234336
"DE264","2022",26,0,170945,12.0490971463215,2022,2,0,1,11.717687774867,0.873464446336161,0.661264071786727,0.79699710063203,16.8798804018077,0.314363989933155,0.271156326915501
"DE264","2023",0,0,170945,12.0490971463215,2023,3,0,0,12.0092909273939,-0.717001121702988,-1.83976329474581,-16.3011911521295,17.7041498061137,-0.582109220691985,-1.65326954954836
"DE265","2019",3,1,103489,11.5472206058462,2019,-1,0,0,6.66457767103403,-0.387651587806919,-0.490541918928785,-0.798193964435435,10.6877499320932,-0.416107928242565,-0.601165475576855
"DE265","2020",19,0,103489,11.5472206058462,2020,0,1,0,5.57265814172763,1.68642769734637,1.09020912283862,1.22656686696765,9.48201682303095,0.579527935554738,0.45517205532892
"DE265","2021",0,0,103489,11.5472206058462,2021,1,0,1,5.66445702791427,-0.700405670209001,-1.62106031511986,-15.549721601057,9.81632490252212,-0.577683925489657,-1.52851890134192
"DE265","2022",0,0,103489,11.5472206058462,2022,2,0,0,5.80542114629912,-0.701143270606193,-1.62848993494916,-15.5743027193713,10.2956704954571,-0.578141647670382,-1.53890111120298
"DE265","2023",7,0,103489,11.5472206058462,2023,3,0,0,5.96766990045674,0.121428624684274,0.115299070645856,0.159553742126395,10.7179780589365,-0.200680956246658,-0.229542785296922
"DE266","2019",0,0,79375,11.281938736195,2019,-1,0,0,1.40699713884374,-0.623461869911283,-1.1754985358183,-14.156968302579,6.99953994665988,-0.573772386530522,-1.45330159658402
"DE266","2020",0,0,79375,11.281938736195,2020,0,0,0,1.44631961470344,-0.625816583252347,-1.18461254307498,-14.184532690958,7.28664690697444,-0.574304788408168,-1.46238794326611
"DE266","2021",0,0,79375,11.281938736195,2021,1,0,0,1.48674106728814,-0.62813306911253,-1.19372446669836,-14.212097079337,7.58553041364622,-0.574817610806896,-1.47143457826531
"DE266","2022",4,0,79375,11.281938736195,2022,2,0,0,1.52829221058052,1.01956474843721,0.745673272602435,0.962143701368136,7.89667351676898,-0.283891840108709,-0.349458197843779
"DE266","2023",0,0,79375,11.281938736195,2023,3,0,0,1.57100461695151,-0.632651824162873,-1.2119388641763,-14.267225856095,8.2205790801736,-0.575787175008029,-1.48940929299409
"DE267","2019",1,0,83869,11.3370113366929,2019,-1,0,5,0.914132896932045,0.0546357040332196,0.0533018691494699,0.0897803166398744,7.12442491857676,-0.493439881389711,-0.827992187028803
"DE267","2020",0,0,83869,11.3370113366929,2020,0,0,0,0.925768312074708,-0.583003922505068,-1.03745018358721,-13.7383792793793,7.69919734728868,-0.575002525944075,-1.47477177207475
"DE267","2021",0,0,83869,11.3370113366929,2021,1,0,0,0.951641500511429,-0.585935659552265,-1.04648716296729,-13.7659436677583,8.01500283794764,-0.575489607142679,-1.48376423497411
"DE267","2022",0,0,83869,11.3370113366929,2022,2,0,0,0.978237787666429,-0.588830551031024,-1.0555359259666,-13.7935080561373,8.34376203058768,-0.57595866399504,-1.49271734226458
"DE267","2023",0,1,83869,11.3370113366929,2023,3,0,0,1.25391352025518,-0.613206577578991,-1.13740816633265,-14.041780034683,10.1724713004485,-0.578028023300228,-1.53628469610897
"DE268","2019",0,0,91287,11.4217636687122,2019,-1,0,1,1.32488357016588,-0.618191878824401,-1.15561260285704,-14.0968351419686,7.99000794665268,-0.575452415897515,-1.4830669509625
"DE268","2020",0,0,91287,11.4217636687122,2020,0,0,0,1.35785425800244,-0.620368213680284,-1.16374170773806,-14.1214162602829,8.38017179460756,-0.576008415159816,-1.4936847554222
"DE268","2021",2,0,91287,11.4217636687122,2021,1,0,0,1.39580329841426,0.269577386894991,0.241933826335892,0.359677589862216,8.72390947868374,-0.444302285152243,-0.672623508007008
"DE268","2022",1,0,91287,11.4217636687122,2022,2,0,0,1.43481293105068,-0.189445016520511,-0.209125435594555,-0.361033479077108,9.0817465867753,-0.513369237786503,-0.909026291012794
"DE268","2023",0,0,91287,11.4217636687122,2023,3,0,0,1.47491279713199,-0.627465721683194,-1.19108426029789,-14.2041094254199,9.45426144871568,-0.577308239328852,-1.52029705356599
"DE269","2019",0,0,127547,11.7562402031052,2019,-1,0,0,1.52530972942308,-0.630251228435747,-1.20218808032541,-14.2377080486624,11.2475001143512,-0.578937472252884,-1.55801449716944
"DE269","2020",2,0,127547,11.7562402031052,2020,0,0,0,1.56793878200459,0.174290132512913,0.162016261094804,0.243385801482675,11.7088498021275,-0.480330673443604,-0.781007136650749
"DE269","2021",0,0,127547,11.7562402031052,2021,1,0,0,1.61175922285888,-0.634699531675686,-1.22039498161146,-14.2928368254204,12.1891231202436,-0.579604992110609,-1.57523521453666
"DE269","2022",1,0,127547,11.7562402031052,2022,2,0,0,1.65680434866817,-0.252472222282388,-0.289778583311671,-0.504889655835651,12.6890962777113,-0.534217731211935,-1.01451804777823
"DE269","2023",0,1,127547,11.7562402031052,2023,3,0,0,2.12370591220813,-0.654730112134222,-1.31107047586418,-14.5686731923452,15.4701760717106,-0.581306448979515,-1.62542658373449
"DE26A","2019",5,0,125282,11.7383224753373,2019,-1,1,2,9.74191163274555,-0.347277234095534,-0.425285431890577,-0.666999252158315,10.8628058265789,-0.312295781255494,-0.395642744942738
"DE26A","2020",29,1,125282,11.7383224753373,2020,0,0,1,12.2744184145997,0.977464553238154,0.722712697680575,0.859778571577111,13.3687720486046,0.67851964802983,0.517020183513801
"DE26A","2021",14,0,125282,11.7383224753373,2021,1,1,0,10.2328138543804,0.262986854214275,0.236813627329713,0.313457799822885,11.949601917782,0.099425306791045,0.0943141366086695
"DE26A","2022",8,2,125282,11.7383224753373,2022,2,0,1,16.173169407875,-0.364352445451594,-0.452181329707258,-0.703911993137077,16.9673614265982,-0.307520761905149,-0.387634189151588
"DE26A","2023",13,1,125282,11.7383224753373,2023,3,2,0,13.6760311341333,-0.0355354892143467,-0.036126778007032,-0.0506953139424462,15.1369638816659,-0.0820463303106892,-0.0862089316774228
"DE26B","2019",2,0,113977,11.6437519526355,2019,-1,0,0,2.98225376780504,-0.222198594675577,-0.249861032807633,-0.399531632029491,10.0508543559112,-0.462915369405769,-0.725672772115106
"DE26B","2020",0,1,113977,11.6437519526355,2020,0,0,0,3.82267825617653,-0.686234932239405,-1.49977407065174,-15.1564618490994,12.2537084717519,-0.579647094592248,-1.57636191539693
"DE26B","2021",5,1,113977,11.6437519526355,2021,1,1,0,3.98574585239119,0.175068178962775,0.162777474849035,0.226713652738658,12.7317562887946,-0.352190128955767,-0.466626098419476
"DE26B","2022",1,2,113977,11.6437519526355,2022,2,1,1,5.12422712260037,-0.561164520547324,-0.860256484718204,-1.63397870830643,15.4065500449625,-0.54355080932844,-1.07271240319
"DE26B","2023",7,1,113977,11.6437519526355,2023,3,2,1,4.28467750011083,0.437804104037818,0.372204571638366,0.49086500521296,13.6684678851381,-0.283195954489444,-0.348344377249614
"DE26C","2019",0,0,162216,11.9966840594483,2019,-1,0,0,3.2253012011046,-0.678537539223664,-1.4460389603333,-14.9865368995423,14.3047227966914,-0.580789882287256,-1.60907543592694
"DE26C","2020",5,0,162216,11.9966840594483,2020,0,0,0,3.31544127681571,0.345432425964487,0.302385713416074,0.410847382477101,14.8914735705419,-0.38596170203077,-0.533818342115818
"DE26C","2021",2,0,162216,11.9966840594483,2021,1,0,0,3.40810056941312,-0.281425971268995,-0.328805941578669,-0.533007437776161,15.5022916734493,-0.506321709516432,-0.877987988825411
"DE26C","2022",0,0,162216,11.9966840594483,2022,2,0,0,3.5033494854687,-0.682414288429435,-1.47228236881831,-15.0692300646793,16.1381642985348,-0.581569414895576,-1.63419523152043
"DE26C","2023",4,0,162216,11.9966840594483,2023,3,0,0,3.6012603992632,0.0756953409705092,0.073230424362167,0.105010716025873,16.8001191315835,-0.443284554308089,-0.669704283030297
"DE271","2019",45,0,301105,12.6152143201108,2019,-1,1,1,19.590428764318,0.937779165508813,0.699561757352766,0.831621393378313,26.3038178084734,0.415051203581499,0.344642966689016
"DE271","2020",16,3,301105,12.6152143201108,2020,0,0,1,38.4946587272556,-0.425295177850215,-0.556158716292369,-0.877930712572461,44.0690286482422,-0.372905839282321,-0.506914161951588
"DE271","2021",24,1,301105,12.6152143201108,2021,1,3,0,26.4779358259178,-0.0678993489424359,-0.0701176183570546,-0.0982579038223295,33.5053493616181,-0.165892727409224,-0.184714617448668
"DE271","2022",35,1,301105,12.6152143201108,2022,2,1,3,26.6931883277626,0.225802325291408,0.206053922047742,0.270939676013367,34.2377207763666,0.0130205719173121,0.0129256468981912
"DE271","2023",10,0,301105,12.6152143201108,2023,3,1,1,21.8739990204211,-0.393026432350783,-0.499448554023887,-0.782713479136197,30.8924037940835,-0.395296311471007,-0.553792007272287
"DE272","2019",0,1,46193,10.7405835504387,2019,-1,0,0,1.22108680176674,-0.610749677162253,-1.12863926329228,-14.0152518412841,4.770547909567,-0.567569801379278,-1.36463010916893
"DE272","2020",1,0,46193,10.7405835504387,2020,0,1,0,1.02102483360597,-0.0122161979923595,-0.0122863091738808,-0.0208058617138428,4.23236095726375,-0.431618288177074,-0.639906476239212
"DE272","2021",1,0,46193,10.7405835504387,2021,1,0,1,1.03784426521475,-0.0216932256407944,-0.0219159588296793,-0.0371447399762454,4.38158158086564,-0.436727408350435,-0.653066638412049
"DE272","2022",1,0,46193,10.7405835504387,2022,2,0,0,1.06367177191942,-0.0357602968995401,-0.0363723478069547,-0.0617258582905207,4.59554065839508,-0.443495471603769,-0.671018209651008
"DE272","2023",0,0,46193,10.7405835504387,2023,3,0,0,1.09339905879104,-0.600138836950365,-1.09217081514835,-13.9048018046333,4.78404043402153,-0.567623854402819,-1.36529671705091
"DE273","2019",28,0,67645,11.1220287210375,2019,-1,1,0,12.1533981273014,0.935122498682736,0.697984149020295,0.834595733947067,5.95365964310493,2.11594977865748,1.19697505771404
"DE273","2020",13,3,67645,11.1220287210375,2020,0,0,1,23.952446302442,-0.331410475735042,-0.400954217938011,-0.611121026320552,9.90036513146692,0.180889051913518,0.165083026767553
"DE273","2021",28,0,67645,11.1220287210375,2021,1,3,0,13.2123916297586,0.804052549256583,0.618863003076334,0.751049396826406,6.42725527425962,1.92181689249447,1.12074695070056
"DE273","2022",2,0,67645,11.1220287210375,2022,2,0,3,13.131881910403,-0.608916238614935,-1.00890203121058,-1.88189532653247,6.58042131122272,-0.398787780358372,-0.56164787530141
"DE273","2023",27,0,67645,11.1220287210375,2023,3,0,0,13.3786156507407,0.731616370918313,0.573308672168932,0.702179317764262,7.00574578744369,1.63756868963317,1.00251692819063
"DE274","2019",11,0,44192,10.696299056209,2019,-1,0,0,15.0650511034802,-0.194316179749665,-0.214766377356874,-0.314482201068207,3.8969911095785,1.02676239068961,0.713212403025562
"DE274","2020",1,0,44192,10.696299056209,2020,0,0,0,15.4860861518021,-0.673947832513467,-1.3139318328268,-2.73994095315517,4.05683779669939,-0.425147465889586,-0.623688211403091
"DE274","2021",92,0,44192,10.696299056209,2021,1,0,0,15.9188882038133,3.4449187689789,1.78310124279045,1.75428224638494,4.22324107136823,11.7452149569321,3.42060770939086
"DE274","2022",25,0,44192,10.696299056209,2022,2,0,0,16.3637861213898,0.380581114232192,0.329462497768581,0.423805134955528,4.39646987153455,2.65223966015341,1.39206751855057
"DE274","2023",2,0,44192,10.696299056209,2023,3,0,0,16.8211179573738,-0.635654959585503,-1.11351746578077,-2.12948743773185,4.5768041664382,-0.319093926108743,-0.407313866361472
"DE275","2019",0,0,136803,11.8262972137547,2019,-1,0,0,1.9473567726768,-0.648826935557281,-1.28267083659322,-14.4819835098258,12.0637236324146,-0.579521985061857,-1.57302859263566
"DE275","2020",0,0,136803,11.8262972137547,2020,0,0,0,2.00178111198053,-0.650742105222648,-1.29171249658837,-14.5095478982048,12.5585531567222,-0.579840091045782,-1.58159262648903
"DE275","2021",0,0,136803,11.8262972137547,2021,1,0,0,2.05772649188154,-0.652621573696683,-1.30074363350277,-14.5371122865838,13.073679586495,-0.580146156889736,-1.59011968516395
"DE275","2022",3,0,136803,11.8262972137547,2022,2,0,0,2.11523542211958,0.273751104108632,0.245457112353606,0.349446505002887,13.6099354597108,-0.452495717940792,-0.695172164113324
"DE275","2023",2,0,136803,11.8262972137547,2023,3,0,0,2.17435160048809,-0.0526237535127456,-0.053947569375969,-0.0835828248176818,14.1681874633699,-0.498748152529795,-0.847529446237456
"DE276","2019",15,0,262811,12.479190421642,2019,-1,2,2,11.3102181622398,0.233601566254331,0.212566808569701,0.282343688504176,22.7436111540348,-0.198614729372878,-0.226800263732248
"DE276","2020",7,0,262811,12.479190421642,2020,0,0,2,11.300572716172,-0.27249810257904,-0.316278501717471,-0.478943115368597,23.7679958000553,-0.411676434125539,-0.59067752099063
"DE276","2021",3,1,262811,12.479190421642,2021,1,0,0,14.3990012378999,-0.569642654641173,-0.882551575612935,-1.56854622369598,29.4138646494227,-0.524741282494038,-0.962365378175049
"DE276","2022",29,0,262811,12.479190421642,2022,2,1,0,12.0398794104952,1.01006716041402,0.741493688957012,0.879071440378313,26.0955543690905,0.0649892901327141,0.062737474879591
"DE276","2023",2,2,262811,12.479190421642,2023,3,0,1,19.0292730941225,-0.646770633866716,-1.16368425257968,-2.25283080212706,37.0533433376488,-0.553461942176009,-1.14588863970398
"DE277","2019",0,0,98899,11.5018544063362,2019,-1,0,0,3.03646901473106,-0.675545628127144,-1.42678553774169,-14.9262058899967,8.72122836138224,-0.57645484888446,-1.50252646443717
"DE277","2020",0,0,98899,11.5018544063362,2020,0,0,0,3.12133164609974,-0.676930071651388,-1.43559305610121,-14.9537702783757,9.07895549546916,-0.576888053998568,-1.51139746415534
"DE277","2021",2,0,98899,11.5018544063362,2021,1,0,0,3.20856600139114,-0.255488676635418,-0.293402862668653,-0.472676428230597,9.45135587249382,-0.455141663032679,-0.702841534032096
"DE277","2022",0,0,98899,11.5018544063362,2022,2,0,0,3.29823836507316,-0.679611078449385,-1.4531527894322,-15.0088990551337,9.83903135918028,-0.577706588338822,-1.52902327661318
"DE277","2023",14,1,98899,11.5018544063362,2023,3,0,0,4.22771000173203,1.59566614301105,1.04707593550107,1.19739692532862,11.9954600524992,0.0968352155500598,0.0919758669204107
"DE278","2019",19,0,129846,11.7741044118417,2019,-1,2,0,5.27073797003069,1.81854963408027,1.1510801260435,1.28226864678446,11.4061590160048,0.385517205480559,0.323594047050978
"DE278","2020",5,0,129846,11.7741044118417,2020,0,0,2,5.29775821703288,-0.0392485354207973,-0.0399728263807997,-0.0578456407252779,11.7429604645695,-0.332642599586134,-0.430855322460289
"DE278","2021",0,0,129846,11.7741044118417,2021,1,0,0,5.41342295366789,-0.699003451766146,-1.60731160159457,-15.5043921593732,12.408828750744,-0.579746461757454,-1.57904135267294
"DE278","2022",0,0,129846,11.7741044118417,2022,2,0,0,5.56471622039684,-0.699862688394628,-1.61567944914317,-15.5319565477522,12.9178137884521,-0.580056073427198,-1.58757941708115
"DE278","2023",0,0,129846,11.7741044118417,2023,3,0,0,5.72023780121715,-0.700701612008432,-1.62402435216925,-15.5595209361312,13.4476763621319,-0.580353953433695,-1.59608068240119
"DE279","2019",0,0,183595,12.1204875236822,2019,-1,1,1,7.31613030588599,-0.707354786215756,-1.69749039552559,-15.8055920994177,16.0384232428777,-0.581531519155952,-1.63291169905967
"DE279","2020",1,0,183595,12.1204875236822,2020,0,0,1,7.41449708771895,-0.612231006978425,-1.02248083173565,-2.00343614965156,16.7285136331434,-0.547006579396752,-1.09677825921689
"DE279","2021",29,2,183595,12.1204875236822,2021,1,0,0,11.8157507213024,1.04240592741455,0.759908387941926,0.897862416170344,24.0644386661212,0.11969239490227,0.112414163977013
"DE279","2022",13,0,183595,12.1204875236822,2022,2,2,0,8.03655265274825,0.438214036982065,0.372555326982205,0.480949217677621,18.1947621351963,-0.166240125920334,-0.185150281331089
"DE279","2023",3,1,183595,12.1204875236822,2023,3,0,2,10.0726232572941,-0.501392483141063,-0.70956524400135,-1.21120855301818,21.9376899588633,-0.503435828797644,-0.865992961077805
"DE27A","2019",17,1,82411,11.3194742021335,2019,-1,1,0,8.13367472568771,0.773734582571466,0.599937971412779,0.737200585659801,8.49453913606659,0.576902788601613,0.453485629181447
"DE27A","2020",13,1,82411,11.3194742021335,2020,0,1,1,8.38597339055227,0.390901025347051,0.337273309412192,0.438388958720937,8.77709034226324,0.277382580444457,0.242842500591239
"DE27A","2021",0,0,82411,11.3194742021335,2021,1,1,1,6.91309385783511,-0.705948816412305,-1.68073832045903,-15.7489278318402,7.80193741307797,-0.575165176454309,-1.47774147799647
"DE27A","2022",0,0,82411,11.3194742021335,2022,2,0,1,7.00604173695604,-0.70628664439168,-1.68469569576996,-15.7622834400378,8.13763388103411,-0.575668867367381,-1.48715069286498
"DE27A","2023",15,0,82411,11.3194742021335,2023,3,0,0,7.18039216312232,0.769827726355595,0.597473924560167,0.73669626738103,8.53500652064486,0.436464656755886,0.359648347681977
"DE27B","2019",1,0,142047,11.8639132677351,2019,-1,0,0,18.201906100041,-0.682598481402294,-1.37279706287092,-2.90152531937085,12.5261562305914,-0.533531275457309,-1.01056658535698
"DE27B","2020",47,1,142047,11.8639132677351,2020,0,0,0,23.3313581227547,0.735040987796765,0.575503989694529,0.700349325070521,15.271524318827,1.20756431465574,0.804986073996522
"DE27B","2021",41,0,142047,11.8639132677351,2021,1,1,0,19.5087654789323,0.796442645164545,0.614150559305616,0.742708214784869,13.5486750180806,1.17598011733618,0.789389063339142
"DE27B","2022",6,1,142047,11.8639132677351,2022,2,0,1,24.7273605399393,-0.549102066663714,-0.825375237553246,-1.41615070884416,16.4267392662167,-0.369214434625069,-0.499550195292546
"DE27B","2023",44,0,142047,11.8639132677351,2023,3,1,0,20.614457562762,0.820749728413111,0.62918196415193,0.758197003577846,14.6829487648402,1.1599999932424,0.781435453694654
"DE27C","2019",6,1,147255,11.8999210567947,2019,-1,0,0,15.4969916714476,-0.441530458038901,-0.586371542408498,-0.948886283480365,15.2076512117266,-0.351892485541945,-0.466056954997994
"DE27C","2020",5,1,147255,11.8999210567947,2020,0,1,0,16.1580614793338,-0.497873821907982,-0.701563731966376,-1.17298097550132,15.8009397235981,-0.397450529128911,-0.558533685273783
"DE27C","2021",80,1,147255,11.8999210567947,2021,1,1,1,16.659268802656,2.74256673665502,1.53224221396124,1.56905990079475,16.3265214539814,2.268396570429,1.25468178887137
"DE27C","2022",6,2,147255,11.8999210567947,2022,2,1,1,21.3539925083519,-0.520437388757104,-0.753344502061051,-1.26947908903021,19.904818751774,-0.407072317320429,-0.580073762431174
"DE27C","2023",1,0,147255,11.8999210567947,2023,3,2,1,14.3191344053489,-0.669242878015208,-1.28477523225005,-2.66159571315219,15.0787843385693,-0.542601370544872,-1.06636613296343
"DE27D","2019",4,0,135098,11.8137557199897,2019,-1,0,1,2.53905371600848,0.38310322935344,0.331229841693535,0.454503152256998,11.8246200836579,-0.38337498770994,-0.528413675466533
"DE27D","2020",0,1,135098,11.8137557199897,2020,0,0,0,3.24488583378297,-0.678830034002093,-1.44796602257615,-14.9925907253082,14.5244348168204,-0.58089349629348,-1.6122682156569
"DE27D","2021",3,2,135098,11.8137557199897,2021,1,1,0,4.21884302628698,-0.199413173846084,-0.221113471859564,-0.340948304069635,17.6736540644336,-0.483291585255731,-0.790944545546764
"DE27D","2022",2,1,135098,11.8137557199897,2022,2,2,1,3.53817046067134,-0.296864375680708,-0.350553481800867,-0.570462093969485,15.5629995896035,-0.506635800941282,-0.87929769415629
"DE27D","2023",1,1,135098,11.8137557199897,2023,3,1,2,3.59645505290139,-0.493517805263123,-0.693694551829601,-1.27994765279221,16.1117052712139,-0.545463947404595,-1.08584021563085
"DE27E","2019",0,0,155413,11.9538413685004,2019,-1,0,0,1.85532663030033,-0.645375934380237,-1.26676712300316,-14.4335713195477,13.7048126202236,-0.580490363026515,-1.60007357102883
"DE27E","2020",2,0,155413,11.9538413685004,2020,0,0,0,1.90717892951098,0.0315062944508063,0.0310625516407734,0.0475225305974251,14.266956292959,-0.499356807706271,-0.849901738416453
"DE27E","2021",0,0,155413,11.9538413685004,2021,1,0,0,1.96048038645456,-0.649296909413458,-1.28487494489906,-14.4887000963057,14.8521579612724,-0.581042447791333,-1.61693259035725
"DE27E","2022",0,1,155413,11.9538413685004,2022,2,0,0,2.51296044148391,-0.665212099681673,-1.36585681267785,-14.7369720748515,18.1073177850602,-0.582233294212872,-1.65787917271977
"DE27E","2023",2,0,155413,11.9538413685004,2023,3,1,0,2.10123884142564,-0.0315112701590753,-0.0319777375680713,-0.0493794147209095,16.0645498770837,-0.509140894794333,-0.889886660034659
"DE300","2019",347,17,3685265,15.1198529941814,2019,-1,72,17,2253.98043061696,-0.619961335752787,-1.04905056850128,-1.87112822966454,3653.07148244343,-0.531905428702372,-1.00043091162519
"DE300","2020",238,20,3685265,15.1198529941814,2020,0,17,72,2422.9403807422,-0.660798396698082,-1.23406853881025,-2.32046643708646,4501.77698571875,-0.556666042412659,-1.17322020187347
"DE300","2021",189,19,3685265,15.1198529941814,2021,1,20,17,1768.94817966587,-0.654458418886477,-1.20068308226353,-2.2363933798051,6002.53914605029,-0.569238140203212,-1.31133211864049
"DE300","2022",315,20,3685265,15.1198529941814,2022,2,19,20,2255.55966297271,-0.630436322096901,-1.09075627943253,-1.96858076671415,7169.59420423709,-0.561924022850032,-1.22403043160916
"DE300","2023",328,13,3685265,15.1198529941814,2023,3,20,19,500.191075310644,-0.252151704472577,-0.288766915378012,-0.421976564609605,2483.81064232114,-0.510108800257789,-0.893781336364824
"DE401","2019",33,1,74113,11.2133462344931,2019,-1,0,0,6.73390070554572,2.75097042707615,1.53524514896151,1.58935301638054,7.65396525927606,1.90387394915845,1.1135458282665
"DE401","2020",2,0,74113,11.2133462344931,2020,0,1,0,5.63062334098696,-0.45150378898306,-0.605929142280495,-1.03507247322269,6.79048703538822,-0.404486646844345,-0.574383143923283
"DE401","2021",0,0,74113,11.2133462344931,2021,1,0,1,5.72337709298347,-0.700718106917497,-1.6241902192481,-15.5600695900092,7.02989967533381,-0.57383066851952,-1.45428178481337
"DE401","2022",1,0,74113,11.2133462344931,2022,2,0,0,5.86580747988916,-0.581866383145668,-0.920940878686945,-1.76913915035969,7.37318002328565,-0.496545639126271,-0.839691499475823
"DE401","2023",1,0,74113,11.2133462344931,2023,3,0,0,6.02974389927316,-0.585785932997995,-0.933124833101076,-1.79670353873869,7.6756129432303,-0.500056622892365,-0.853291714882376
"DE402","2019",2,0,95123,11.4629260699758,2019,-1,0,1,10.4074559183046,-0.577316330379106,-0.905562305689969,-1.64937478394814,8.32575860647675,-0.437584014347162,-0.65473967972368
"DE402","2020",25,0,95123,11.4629260699758,2020,0,0,0,10.6664530015066,0.960918099556982,0.713087614133202,0.851772282045965,8.73231765331817,1.07392007771801,0.73778636450634
"DE402","2021",17,1,95123,11.4629260699758,2021,1,0,0,13.6723502203498,0.174963682556897,0.162704467009816,0.217837841511727,10.646186982459,0.345228645617856,0.294215544217511
"DE402","2022",21,0,95123,11.4629260699758,2022,2,1,0,11.432282363987,0.599413587400496,0.486353948516509,0.608081345580902,9.44514277656187,0.706246684146702,0.533789251192299
"DE402","2023",10,1,95123,11.4629260699758,2023,3,0,1,14.4904180694557,-0.223009414576722,-0.250762498693059,-0.37090241519671,11.4515181385428,-0.0734017436435289,-0.0767016824836437
"DE403","2019",54,0,57107,10.9526819800743,2019,-1,0,0,14.0851825691896,2.03828935372912,1.24850120709611,1.34386070187967,5.03587688483661,5.52835722709798,2.20892139015603
"DE403","2020",26,0,57107,10.9526819800743,2020,0,0,0,14.4788324468372,0.572629973530108,0.468085827029503,0.585408824900896,5.24243836115388,2.25416750475362,1.2492791506305
"DE403","2021",0,0,57107,10.9526819800743,2021,1,0,0,14.8834839728775,-0.71998325035738,-1.89902533645188,-16.5157626979254,5.457472571113,-0.569997285522314,-1.39616058897565
"DE403","2022",31,0,57107,10.9526819800743,2022,2,0,0,15.2994446191889,0.739209368736141,0.57815293791085,0.706170708403081,5.68132704909765,2.54316122668746,1.35406828084478
"DE403","2023",1,2,57107,10.9526819800743,2023,3,0,0,24.4540561300812,-0.695296010642572,-1.47618769319821,-3.19679509705319,8.11186453837115,-0.504669941995356,-0.871814654949256
"DE404","2019",51,0,184754,12.1267804894556,2019,-1,0,2,19.5961752475345,1.15867093779175,0.824472772055049,0.95649124556998,16.0503550678914,1.26629469061079,0.833547423066707
"DE404","2020",20,0,184754,12.1267804894556,2020,0,0,0,20.0240140344713,-0.000867334608311792,-0.000867677038553675,-0.00119993145774389,16.9604681908807,0.104277635192241,0.0986793802037802
"DE404","2021",36,2,184754,12.1267804894556,2021,1,0,0,32.005629964786,0.0907044263471283,0.087211132513269,0.117607142509593,24.2163528490458,0.283985399576886,0.247957382950686
"DE404","2022",25,1,184754,12.1267804894556,2022,2,2,0,27.1448185347007,-0.0573415433533289,-0.058909371108195,-0.0823103174309761,21.4430085061445,0.0967224906672471,0.0918742529520969
"DE404","2023",16,1,184754,12.1267804894556,2023,3,1,2,27.6744147361632,-0.306198513683614,-0.3637143083566,-0.547919545886526,22.0336496149303,-0.159704194313842,-0.177010069277981
"DE405","2019",32,1,194169,12.1764841928491,2019,-1,0,1,15.3072642456687,0.785528261410363,0.607348000042541,0.737408431028556,19.9032732533415,0.354166550790444,0.300805017594184
"DE405","2020",17,1,194169,12.1764841928491,2020,0,1,0,15.9126979150698,0.0492513924583282,0.0481892807007043,0.0660960013629729,20.8349642809502,-0.107299690850784,-0.114627354280127
"DE405","2021",9,0,194169,12.1764841928491,2021,1,1,1,13.1570464891578,-0.226964913947129,-0.255834409847315,-0.379732781346396,18.3821866687692,-0.29721089874678,-0.37069573136492
"DE405","2022",10,0,194169,12.1764841928491,2022,2,0,1,13.3339455146609,-0.179657392226757,-0.196883037360767,-0.287727884997356,19.1731229210483,-0.278706755361705,-0.341331666257218
"DE405","2023",13,1,194169,12.1764841928491,2023,3,0,0,17.0406520492899,-0.171098874422806,-0.186588839767434,-0.27065235208784,23.5507586824307,-0.261407176223989,-0.314976245439634
"DE406","2019",0,0,178793,12.093983991067,2019,-1,0,1,2.14373253924424,-0.65534829152188,-1.31413861384984,-14.5780590449043,15.6490791767269,-0.581379042959558,-1.62781550421394
"DE406","2020",0,0,178793,12.093983991067,2020,0,0,0,2.19708087712699,-0.656948139875957,-1.32216727262084,-14.6026401632185,16.4132467456842,-0.581671580181915,-1.63769021330561
"DE406","2021",0,0,178793,12.093983991067,2021,1,0,0,2.25848445597408,-0.658709457288477,-1.33115847130121,-14.6302045515975,17.0864849038998,-0.581907948734135,-1.64597764472698
"DE406","2022",0,1,178793,12.093983991067,2022,2,0,0,2.89494459357129,-0.673077480251374,-1.4114925590738,-14.8784765301433,20.8313440236291,-0.582947295981021,-1.68632678807901
"DE406","2023",5,0,178793,12.093983991067,2023,3,1,0,2.42063898952391,0.706461944964833,0.556798344438732,0.725406561861485,18.4812664717458,-0.424793901658063,-0.62208868889829
"DE407","2019",0,0,97967,11.492385966251,2019,-1,0,0,3.5012363821816,-0.682386916586572,-1.47209152235632,-15.0686267161327,8.63904163722114,-0.576350399402571,-1.50043133326218
"DE407","2020",7,0,97967,11.492385966251,2020,0,0,0,3.59908823938622,0.645981628442204,0.517435073411827,0.665229745365006,8.99339763824332,-0.127845656533093,-0.138507130979259
"DE407","2021",11,1,97967,11.492385966251,2021,1,0,0,4.61334193061929,0.960206421425146,0.712544141232587,0.868942838614235,10.9644880850116,0.00187434889053445,0.00187235994049626
"DE407","2022",0,1,97967,11.492385966251,2022,2,1,0,4.81013761383613,-0.695080318484487,-1.57118527596861,-15.3862362516178,11.3922401901081,-0.579047097852959,-1.5607633060867
"DE407","2023",0,0,97967,11.492385966251,2023,3,1,1,3.97715111178937,-0.687882573740387,-1.51219137877047,-15.1960763198948,10.0510988608458,-0.577913427794737,-1.5336724927084
"DE408","2019",10,2,170834,12.048447603758,2019,-1,0,1,8.08783775213201,0.167784269825501,0.156453016161137,0.21222377179706,20.5080919804677,-0.298656569775876,-0.37304337315959
"DE408","2020",4,0,170834,12.048447603758,2020,0,2,0,5.48460413887083,-0.189321186007715,-0.208660555748027,-0.315650308420493,15.6222428634806,-0.432511717061075,-0.641461746347938
"DE408","2021",2,0,170834,12.048447603758,2021,1,0,2,5.51272076302937,-0.445769420925778,-0.594861476655611,-1.01391060712633,16.0835369782539,-0.509232693774447,-0.890279633786346
"DE408","2022",0,0,170834,12.048447603758,2022,2,0,0,5.6330787274884,-0.700236786727101,-1.61937881229427,-15.5441666939,16.9955316354483,-0.581877093477806,-1.64487932037201
"DE408","2023",10,0,170834,12.048447603758,2023,3,0,0,5.79051089004381,0.509649890031971,0.424114535510661,0.546364668679338,17.6926539411953,-0.253095830721745,-0.302663898983136
"DE409","2019",2,0,197817,12.195097639877,2019,-1,0,0,2.68170477620297,-0.170045445668854,-0.185412335143969,-0.293305022253898,17.4441322031926,-0.515295890075309,-0.91706383115187
"DE409","2020",0,0,197817,12.195097639877,2020,0,0,0,2.75665252727781,-0.670450890743192,-1.39575501982675,-14.829527649157,18.1596551961822,-0.582249002513463,-1.65846924724244
"DE409","2021",0,1,197817,12.195097639877,2021,1,0,0,3.53350066638187,-0.682801634957952,-1.47499200571394,-15.0777996277028,22.1397219422127,-0.583228496284719,-1.69856384071176
"DE409","2022",5,1,197817,12.195097639877,2022,2,1,0,3.68423254107177,0.244513037187425,0.221591425916854,0.305375874135247,23.003447872106,-0.456590415288667,-0.706819445464857
"DE409","2023",1,0,197817,12.195097639877,2023,3,1,1,3.04622252483302,-0.453889821219943,-0.611691534535263,-1.11390130657628,20.295387460634,-0.55410481324784,-1.15190199127669
"DE40A","2019",0,0,217690,12.290827311395,2019,-1,0,1,6.97060277246153,-0.706158843740722,-1.68319371398916,-15.7572122599819,19.0535873662933,-0.582504156218552,-1.66826733847409
"DE40A","2020",1,0,217690,12.290827311395,2020,0,0,0,7.14407127431241,-0.607841558603564,-1.00668121930589,-1.96628182033238,19.9840020809986,-0.553585173430479,-1.14756135125143
"DE40A","2021",22,0,217690,12.290827311395,2021,1,0,0,7.34373235568105,1.41188611772758,0.95696302433945,1.09719529010198,20.8037053952333,0.0335213912536591,0.0329044991790208
"DE40A","2022",0,0,217690,12.290827311395,2022,2,0,0,7.54897352519308,-0.708102032752986,-1.7067099831721,-15.8369221550542,21.6570312801945,-0.583128663657252,-1.69414445983804
"DE40A","2023",10,1,217690,12.290827311395,2023,3,0,0,9.676338500344,0.0238599845577874,0.0236057643163057,0.0329016173583746,26.4036208538867,-0.362789249450247,-0.4868970206595
"DE40B","2019",0,0,107793,11.5879680002837,2019,-1,0,1,3.49647857311313,-0.682325177835092,-1.4716613608274,-15.0672668980115,9.43471607779347,-0.577287159991311,-1.51984331924036
"DE40B","2020",0,0,107793,11.5879680002837,2020,0,0,0,3.58349097643466,-0.683430891925062,-1.47942987014497,-15.0918480163258,9.89542715015427,-0.577762437253866,-1.53027042503548
"DE40B","2021",0,1,107793,11.5879680002837,2021,1,0,0,4.5933492262477,-0.693438658130254,-1.55697358442732,-15.3401199948716,12.0642161559266,-0.579522314388298,-1.57303730907239
"DE40B","2022",6,1,107793,11.5879680002837,2022,2,1,0,4.7892920617946,0.175674266483182,0.163309094362906,0.225377030427088,12.5348714037617,-0.302283484585046,-0.378983494816697
"DE40B","2023",14,1,107793,11.5879680002837,2023,3,1,1,4.93785123505747,1.27730032899498,0.887680699978035,1.04212713713248,12.9518149221705,0.0469453055176567,0.0457505317893963
"DE40C","2019",4,0,179817,12.0996949460496,2019,-1,1,2,5.34667157317476,-0.175959594391045,-0.192443964303805,-0.290179620326056,15.5913631273282,-0.432207636833795,-0.640685957361573
"DE40C","2020",12,0,179817,12.0996949460496,2020,0,0,1,5.40241766749959,0.853563940644561,0.649144501785137,0.798060163542469,16.3842759114951,-0.155646928504068,-0.172000437326342
"DE40C","2021",1,0,179817,12.0996949460496,2021,1,0,0,5.53686074649073,-0.573335129289474,-0.895221332732431,-1.71142668789364,17.1843442190944,-0.548076196512382,-1.10456002280843
"DE40C","2022",5,0,179817,12.0996949460496,2022,2,0,0,5.69160382807321,-0.0851259741359369,-0.0886691759739035,-0.129553963838058,17.8892112348327,-0.41945234464121,-0.609088227346638
"DE40C","2023",0,2,179817,12.0996949460496,2023,3,0,0,9.09724522335413,-0.712138562323642,-1.76097792617678,-16.023482202949,25.5424229200673,-0.583826278570227,-1.72698680392693
"DE40D","2019",7,0,99152,11.5044093052019,2019,-1,1,0,7.98981846886425,-0.0878843913834065,-0.0916680264343783,-0.132257747815931,8.72669466971898,-0.114060756210532,-0.122408556735571
"DE40D","2020",7,0,99152,11.5044093052019,2020,0,0,1,8.12143544905959,-0.0980068346551559,-0.102754687771697,-0.148596626078333,9.0343723072711,-0.129892692907878,-0.140925611369448
"DE40D","2021",20,0,99152,11.5044093052019,2021,1,0,0,8.32354325611938,0.99642592626855,0.733634322105392,0.876644287248937,9.47553400408,0.641241050033254,0.494094316657694
"DE40D","2022",13,0,99152,11.5044093052019,2022,2,0,0,8.55616798556617,0.369214429827668,0.320781435069236,0.418297009700554,9.86420122878334,0.183659068914427,0.167401168076149
"DE40D","2023",1,0,99152,11.5044093052019,2023,3,0,0,8.79529406462873,-0.630567312952698,-1.09368190554211,-2.17421581306356,10.2688107963134,-0.521818752398298,-0.948568406151116
"DE40E","2019",37,2,221268,12.3071299154932,2019,-1,0,1,18.3881910311653,0.731169814224132,0.573030489640671,0.699209272877313,26.5625372954689,0.229467050120035,0.204977427682959
"DE40E","2020",19,0,221268,12.3071299154932,2020,0,2,0,12.4695810829404,0.375796224605593,0.325816568530785,0.421146866660708,20.2342767477003,-0.0355508223804791,-0.0362940209619501
"DE40E","2021",18,2,221268,12.3071299154932,2021,1,0,2,19.4884252735142,-0.0552162802340282,-0.0566674936959125,-0.0794489001649513,28.5718612819746,-0.216174281125844,-0.250397289104048
"DE40E","2022",1,0,221268,12.3071299154932,2022,2,2,0,13.1763155560658,-0.66384488895268,-1.25336632982351,-2.57841994189582,21.9282585480576,-0.556590146365297,-1.17345133060627
"DE40E","2023",7,0,221268,12.3071299154932,2023,3,0,2,13.2438634597803,-0.338709042573236,-0.412059038063775,-0.637624018128671,22.5757569068938,-0.402448231030107,-0.569608138566951
"DE40F","2019",0,0,75595,11.2331454224143,2019,-1,0,0,2.04636150858314,-0.652246791590444,-1.29892992283964,-14.5315739002979,6.66620752463311,-0.573098862730713,-1.44221911874028
"DE40F","2020",0,0,75595,11.2331454224143,2020,0,0,0,2.10355281253106,-0.654097959902742,-1.30795221277746,-14.5591382886769,6.93964186371946,-0.573655957013156,-1.45135383876007
"DE40F","2021",8,0,75595,11.2331454224143,2021,1,0,0,2.16234248765317,1.77076543465656,1.12832982152671,1.30824954758821,7.22429192591603,0.0616539124478088,0.0596206574994215
"DE40F","2022",0,0,75595,11.2331454224143,2022,2,0,0,2.22277520490874,-0.657695275286922,-1.32596139735782,-14.6142670654349,7.52061775748221,-0.57470958496208,-1.46950380623523
"DE40F","2023",0,0,75595,11.2331454224143,2023,3,0,0,2.28489688371215,-0.659442113801197,-1.334947152724,-14.6418314538139,7.82909827484375,-0.575207484699336,-1.47851931859181
"DE40G","2019",1,0,109635,11.6049119455826,2019,-1,1,0,5.98441880839989,-0.584722776026559,-0.929796071344163,-1.78915822625837,9.64933808813377,-0.517663945249239,-0.928659254901381
"DE40G","2020",23,1,109635,11.6049119455826,2020,0,0,1,7.58525093026013,1.43923376534216,0.97069955738652,1.10928856472036,11.6990894426076,0.559555228526419,0.442301893202407
"DE40G","2021",7,0,109635,11.6049119455826,2021,1,1,0,6.32359580603796,0.0752594393030599,0.0728255170030397,0.101622288896573,10.4571654847147,-0.19118303078193,-0.217038481418406
"DE40G","2022",0,0,109635,11.6049119455826,2022,2,0,1,6.42776495421199,-0.704035332460048,-1.65907307816602,-15.6761374392426,10.8258544435473,-0.578601799104257,-1.54977779878632
"DE40G","2023",5,0,109635,11.6049119455826,2023,3,0,0,6.58772454354074,-0.169840458783023,-0.185097723128876,-0.27576988715847,11.3544968498247,-0.324045444536767,-0.41574164114293
"DE40H","2019",4,1,177688,12.0877844823183,2019,-1,0,0,3.05715928424645,0.208447137345755,0.191386381279792,0.26880846481016,18.3505967777616,-0.45537659711809,-0.70334058129919
"DE40H","2020",0,1,177688,12.0877844823183,2020,0,1,0,3.18757141477873,-0.677965012383247,-1.44229068222721,-14.9747698728343,19.0664994574493,-0.582507668747241,-1.66840511962546
"DE40H","2021",3,0,177688,12.0877844823183,2021,1,1,1,2.63556975162814,0.0923604866878303,0.0887292184088486,0.129513238854409,16.8219127914356,-0.478056677259673,-0.773277780537921
"DE40H","2022",0,0,177688,12.0877844823183,2022,2,0,1,2.67100549483181,-0.668704958362263,-1.38557966379773,-14.7979655493089,17.5457146382545,-0.582058924789917,-1.65142624518058
"DE40H","2023",0,0,177688,12.0877844823183,2023,3,0,0,2.73747540234891,-0.670068286057215,-1.39350625734086,-14.8225466676232,18.4024977083198,-0.582320735161237,-1.66118279765599
"DE40I","2019",4,0,117432,11.6736147216371,2019,-1,1,0,2.07396763364123,0.606562122783489,0.490798193115134,0.656831107200337,10.335577784154,-0.354415694090573,-0.470848125305313
"DE40I","2020",0,0,117432,11.6736147216371,2020,0,0,1,2.1081322843184,-0.654242506022322,-1.30866352667088,-14.5613129401462,10.6999799175756,-0.578496582672163,-1.54724979074912
"DE40I","2021",2,0,117432,11.6736147216371,2021,1,0,0,2.16059468405647,-0.0487494613200439,-0.0498818601587509,-0.0772358199363777,11.2224756854841,-0.475747021296113,-0.765820728911444
"DE40I","2022",0,0,117432,11.6736147216371,2022,2,0,0,2.22097855404517,-0.657643512615776,-1.32569759947028,-14.6134584468395,11.6827989218421,-0.579259142871041,-1.56616641541724
"DE40I","2023",0,1,117432,11.6736147216371,2023,3,0,0,2.84686920933345,-0.672189873818022,-1.40611454585868,-14.8617304253853,14.2433276866812,-0.580760367687763,-1.60817355470904
"DE501","2019",120,2,586271,13.2815374189966,2019,-1,3,2,52.5351535119311,0.936351886042501,0.698730339660629,0.826009214890187,69.4527601402225,0.426708599091789,0.35284177267973
"DE501","2020",38,5,586271,13.2815374189966,2020,0,2,3,103.538568415555,-0.462691533059783,-0.627493501225614,-1.00235799894576,115.493280771051,-0.393785442064174,-0.550499399530899
"DE501","2021",36,2,586271,13.2815374189966,2021,1,5,2,57.1128350489775,-0.269650107925224,-0.312361294834229,-0.461509907111965,74.9775173056976,-0.304849709084511,-0.383195654051751
"DE501","2022",77,9,586271,13.2815374189966,2022,2,2,5,266.099383861829,-0.520269843281566,-0.75286758728839,-1.24006442770182,231.954901040122,-0.392355263407027,-0.547407308630551
"DE501","2023",124,3,586271,13.2815374189966,2023,3,9,2,79.6546456930452,0.406628706848801,0.349123594155833,0.442581212673604,94.4287031446632,0.183727539915397,0.167460186184556
"DE502","2019",3,0,118610,11.6835960790233,2019,-1,0,0,21.8430765599478,-0.624573532886955,-1.06738063265958,-1.98527138708381,10.4594070308451,-0.412422057150108,-0.592495144119171
"DE502","2020",46,2,118610,11.6835960790233,2020,0,0,0,34.9131510029247,0.230953372792159,0.210361833998172,0.275777840430465,14.934062456302,1.20876377219352,0.805574631250157
"DE502","2021",4,0,118610,11.6835960790233,2021,1,2,0,23.7463858984854,-0.602634169640281,-0.986371265962119,-1.781135735086,11.2914212491946,-0.373869822562342,-0.508903912735353
"DE502","2022",94,0,118610,11.6835960790233,2022,2,0,2,23.8681208843707,2.12953801528515,1.28753965381038,1.37075107855664,11.6248347171067,4.10441545445847,1.8410369940125
"DE502","2023",60,2,118610,11.6835960790233,2023,3,0,0,37.9229603611277,0.423647930331695,0.361810981063651,0.458787835954,16.8481666502566,1.49018445535465,0.937666209583096
"DE600","2019",281,6,1862565,14.4374651279557,2019,-1,13,3,234.221338868442,0.14619893683382,0.137472060346351,0.18208811200909,404.115805216761,-0.178987750524662,-0.201277183089107
"DE600","2020",109,3,1862565,14.4374651279557,2020,0,6,13,115.824882650491,-0.0430833016475199,-0.0439577556360854,-0.0607315267365703,246.338579184844,-0.327458820966756,-0.421673382653991
"DE600","2021",173,8,1862565,14.4374651279557,2021,1,3,6,336.861722229988,-0.356205121466216,-0.439199772519507,-0.666380926077714,598.779712127853,-0.417824140904608,-0.605147890646594
"DE600","2022",309,6,1862565,14.4374651279557,2022,2,8,3,236.965799570825,0.222526485735006,0.203307336221339,0.265425455020251,460.328434083403,-0.193148225611974,-0.219603249411079
"DE600","2023",158,20,1862565,14.4374651279557,2023,3,6,8,5281.07664414068,-0.710896778641256,-1.65100259043762,-3.50929022643256,4231.08964126945,-0.565789522287019,-1.26715367087143
"DE711","2019",130,3,167029,12.0259227290176,2019,-1,4,0,58.2842654044091,0.897617994036889,0.675774553046691,0.802202291365701,23.4772282121589,2.64743022809807,1.39057693697098
"DE711","2020",38,0,167029,12.0259227290176,2020,0,3,4,30.8303034562624,0.168963525041075,0.157485963817562,0.209088101303735,14.795633784355,0.911223983424456,0.651378734568342
"DE711","2021",63,0,167029,12.0259227290176,2021,1,0,3,30.2789533577767,0.785034282033573,0.607048910787743,0.73268187975582,15.6081579487856,1.7652207122726,1.05671028742915
"DE711","2022",27,0,167029,12.0259227290176,2022,2,0,0,30.8478618711526,-0.090628858218638,-0.0946599849251692,-0.13323053765218,16.6169887348964,0.363499431199443,0.307639556760342
"DE711","2023",23,1,167029,12.0259227290176,2023,3,0,0,39.5410518371759,-0.304512773550285,-0.361277449737066,-0.541845159831918,20.2589479884416,0.0788550689215701,0.0755811326967046
"DE712","2019",407,8,756021,13.5358244325537,2019,-1,3,5,263.558849417092,0.398450475629506,0.342983429719325,0.434536507408004,225.954254301514,0.470583770085487,0.383170534776953
"DE712","2020",85,2,756021,13.5358244325537,2020,0,8,3,76.9128443057679,0.0767902550675187,0.0742610379255157,0.0999783796079192,91.6533671254379,-0.0425869963899052,-0.0436613552465329
"DE712","2021",106,2,756021,13.5358244325537,2021,1,2,8,73.6924938210698,0.32012792989936,0.282674190938472,0.36353815728425,92.9809500329716,0.0821449566289546,0.0786026849218588
"DE712","2022",41,4,756021,13.5358244325537,2022,2,2,2,115.69771614924,-0.472059882589288,-0.646471588991877,-1.03740880349142,138.851242148192,-0.413692710483185,-0.595369361955577
"DE712","2023",88,4,756021,13.5358244325537,2023,3,4,2,122.359427851475,-0.205341947294683,-0.22843390102234,-0.329626017485784,143.990250215465,-0.228275788491507,-0.267111859662165
"DE713","2019",167,2,132746,11.7961928068235,2019,-1,1,1,35.7199744660263,2.67341917100592,1.50601633793585,1.54228377723363,15.9050461817499,5.52395194502173,2.2080590566399
"DE713","2020",30,0,132746,11.7961928068235,2020,0,2,1,23.9523880667567,0.182995352089477,0.169657719770968,0.225129385597563,12.048778954504,0.863402647378511,0.624882032794632
"DE713","2021",9,0,132746,11.7961928068235,2021,1,0,2,24.0034633810172,-0.453035995964189,-0.608452218961434,-0.980973439031674,12.4976597147833,-0.162266465297028,-0.180192509993967
"DE713","2022",2,0,132746,11.7961928068235,2022,2,0,0,24.5275254760686,-0.665850016917384,-1.26312459973515,-2.50664829516872,13.2063221752065,-0.492350961964171,-0.823320687188242
"DE713","2023",24,2,132746,11.7961928068235,2023,3,0,0,39.2038730589932,-0.282286978108681,-0.32978758698591,-0.490721672426494,18.8561397028493,0.158889397249783,0.14647662543307
"DE714","2019",133,1,288850,12.5736628012094,2019,-1,0,0,31.5603734912925,2.3357239761686,1.37304979901657,1.43844680550804,29.8307701097229,2.02109314840375,1.16022112486732
"DE714","2020",15,3,288850,12.5736628012094,2020,0,1,0,51.1667895060718,-0.51531714202146,-0.741181161168967,-1.22704041135752,42.5106659711393,-0.378831921100366,-0.518961520263303
"DE714","2021",70,7,288850,12.5736628012094,2021,1,3,1,131.221437481399,-0.341218068562016,-0.415873624692752,-0.628391002264825,82.3112287595051,-0.087727092630624,-0.0925162396354574
"DE714","2022",2,0,288850,12.5736628012094,2022,2,7,3,30.6397803669501,-0.679095579264854,-1.34638483288091,-2.7291514961064,27.7222311401649,-0.541990987934583,-1.0616821196203
"DE714","2023",29,1,288850,12.5736628012094,2023,3,0,7,35.9828621673737,-0.141169478868651,-0.151412836318017,-0.215746909732385,33.247960339142,-0.0747087903817507,-0.078131858985053
"DE715","2019",11,0,274169,12.5214999835556,2019,-1,1,0,10.8551001544076,0.00954921768360849,0.00950804254014492,0.0132603338506669,24.1305183042418,-0.31756261843682,-0.404555615796181
"DE715","2020",7,1,274169,12.5214999835556,2020,0,0,1,13.7588396100744,-0.353179433488737,-0.434470022633519,-0.675771206373527,29.2564204258702,-0.444514504982039,-0.672985366856414
"DE715","2021",19,2,274169,12.5214999835556,2021,1,1,0,17.8352883610634,0.0471537242568153,0.0461786384536641,0.0632600448496654,35.8670599208848,-0.275082519826153,-0.335722864372346
"DE715","2022",24,3,274169,12.5214999835556,2022,2,2,1,23.257857123506,0.0231196163110273,0.0228808599741441,0.0314108562744192,43.3186989856846,-0.261082940592028,-0.314489831116317
"DE715","2023",18,2,274169,12.5214999835556,2023,3,3,2,19.5054100235929,-0.0557983875755591,-0.0572810923171378,-0.0803200507467525,38.1454164531297,-0.309013205574395,-0.390114630962721
"DE716","2019",23,0,302021,12.6182518303633,2019,-1,0,1,8.14088849365467,1.29559153989833,0.897363176410243,1.03859493379493,26.4347627817322,-0.0758757171614631,-0.0794111559598126
"DE716","2020",4,0,302021,12.6182518303633,2020,0,0,0,8.34348040382756,-0.369797742347121,-0.461026833497545,-0.735185832806894,27.7256111557962,-0.49985980466868,-0.851679537766009
"DE716","2021",1,1,302021,12.6182518303633,2021,1,0,0,10.6947441779983,-0.648255507224472,-1.17243070598271,-2.36975142247304,33.8022564325059,-0.56748045453036,-1.28890897841947
"DE716","2022",3,0,302021,12.6182518303633,2022,2,1,0,8.94252511696961,-0.473005315893648,-0.64866399551668,-1.0922053788647,29.9888719502117,-0.525942559564786,-0.968521637011887
"DE716","2023",2,1,302021,12.6182518303633,2023,3,0,1,11.3346507211625,-0.589735395717625,-0.944089164947271,-1.73471678873545,36.3592292055638,-0.552810358550896,-1.14053590177177
"DE717","2019",8,3,268310,12.4998983074299,2019,-1,0,1,19.0781812566477,-0.419684720666362,-0.546025548593072,-0.869103672818253,37.7219505413447,-0.461003729057625,-0.719734017846236
"DE717","2020",14,2,268310,12.4998983074299,2020,0,3,0,16.3633684947006,-0.104151659376656,-0.109540766682746,-0.155987807145732,33.5877683443002,-0.341022208323851,-0.445916066852926
"DE717","2021",41,2,268310,12.4998983074299,2021,1,2,3,16.7324613578211,1.0462263049846,0.762084341948768,0.896221464513131,34.2558216163686,0.115137456191639,0.108376390855185
"DE717","2022",1,1,268310,12.4998983074299,2022,2,2,2,13.7525485321278,-0.666676489604683,-1.26958888971561,-2.62122315472942,30.6784747399747,-0.56542775438246,-1.26374852185658
"DE717","2023",11,2,268310,12.4998983074299,2023,3,1,2,17.3794305233214,-0.264946172602722,-0.305966169681532,-0.45739198938591,37.4744945243552,-0.413333069915674,-0.594533655779765
"DE718","2019",5,0,241664,12.3953036106251,2019,-1,2,3,3.4736476727159,0.299688768834262,0.266402207123112,0.36423286808999,20.7577539952571,-0.442517743879964,-0.667621104006277
"DE718","2020",2,0,241664,12.3953036106251,2020,0,0,2,3.46034675513664,-0.287757112334053,-0.337660889770082,-0.548221121735885,21.8555118964753,-0.529804277006338,-0.989116929411488
"DE718","2021",0,0,241664,12.3953036106251,2021,1,0,0,3.53589570994019,-0.682832148425542,-1.47520617067342,-15.0784772085095,23.0947983859326,-0.58341386866267,-1.70700339813524
"DE718","2022",2,0,241664,12.3953036106251,2022,2,0,0,3.63471621913526,-0.307656236286966,-0.366075887449998,-0.597383358364433,24.0421002677979,-0.535036552910039,-1.01862212006847
"DE718","2023",0,1,241664,12.3953036106251,2023,3,0,0,4.65901017822733,-0.693950763212051,-1.56135422499794,-15.3543135754343,29.3114273969116,-0.58432782121247,-1.75396513301767
"DE719","2019",57,2,420914,12.950183816263,2019,-1,2,0,30.1168293007809,0.648415166936497,0.519207587447754,0.637967156886252,50.7127180426955,0.0726227534228214,0.0698303367912723
"DE719","2020",45,2,420914,12.950183816263,2020,0,2,2,31.1437959044588,0.323280971439421,0.285156225145178,0.368047454991925,52.0091975616233,-0.0789498733616136,-0.0827906329130281
"DE719","2021",32,3,420914,12.950183816263,2021,1,2,2,39.9203825992305,-0.144434096447004,-0.155189838563059,-0.221151101496671,63.4080966853394,-0.290347391463213,-0.359648541454221
"DE719","2022",3,2,420914,12.950183816263,2022,2,3,2,33.3798563229842,-0.661691278170296,-1.23931469638933,-2.40933999193856,56.2547442920017,-0.55471588503196,-1.1562861926247
"DE719","2023",15,1,420914,12.950183816263,2023,3,2,3,27.2099822928376,-0.325658659914069,-0.392316008872965,-0.5955336342667,49.7280034013234,-0.409049967775817,-0.584585135379837
"DE71A","2019",69,1,238775,12.3832769649029,2019,-1,2,1,28.9665486447703,1.00359195835479,0.737802625640708,0.867964849898863,24.3813951789091,1.06807838631934,0.73479500315744
"DE71A","2020",28,0,238775,12.3832769649029,2020,0,1,2,23.6124226564182,0.134654429653808,0.127191723314993,0.170431588602719,21.552637340104,0.174433363240377,0.159660503153078
"DE71A","2021",67,1,238775,12.3832769649029,2021,1,0,1,29.75070667784,0.909401902923994,0.682791118857955,0.811839748729843,26.524665933096,0.891110358010928,0.640304690005228
"DE71A","2022",3,0,238775,12.3832769649029,2022,2,1,0,24.8022703143722,-0.637350739341327,-1.1204869641431,-2.11232257191393,23.7089238824844,-0.509689105909643,-0.892096971922394
"DE71A","2023",2,0,238775,12.3832769649029,2023,3,0,1,25.2108402879564,-0.667646159304001,-1.27359800979084,-2.5341263916179,24.5448309429637,-0.53610867410664,-1.02495287022484
"DE71B","2019",1,0,93846,11.4494104199023,2019,-1,0,0,1.49391605536416,-0.207804789289224,-0.231922183380316,-0.401399897290601,8.27563875066762,-0.506278940931215,-0.87846179333532
"DE71B","2020",3,0,93846,11.4494104199023,2020,0,0,0,1.53566772379452,0.6015030495976,0.48709836032195,0.669647336332285,8.61508870087461,-0.375629985031239,-0.512505423080874
"DE71B","2021",0,1,93846,11.4494104199023,2021,1,0,0,1.9684319556689,-0.649579106810947,-1.28620295491415,-14.4927478221792,10.5032648629233,-0.578327222234501,-1.5432322867862
"DE71B","2022",0,1,93846,11.4494104199023,2022,2,1,0,2.05240121643638,-0.65244639892454,-1.29989509162886,-14.5345209907395,10.9130234964925,-0.578673272573473,-1.55150944355044
"DE71B","2023",0,1,93846,11.4494104199023,2023,3,1,1,2.11606470239285,-0.654491628588547,-1.30989182291069,-14.5650686491832,11.2760199937473,-0.578959290777386,-1.55855921793804
"DE71C","2019",8,1,358022,12.7883497160087,2019,-1,1,3,8.88450966800347,-0.0708506701164187,-0.0732731538915898,-0.104867606910255,36.0846009144055,-0.455279634474786,-0.703013621546165
"DE71C","2020",11,1,358022,12.7883497160087,2020,0,1,1,9.07848312409228,0.150719831522319,0.141470460916839,0.191988241867831,38.1307281615047,-0.416321414625206,-0.601579007096563
"DE71C","2021",9,0,358022,12.7883497160087,2021,1,1,1,7.48397389315933,0.143398638035743,0.134982517544335,0.184460768395477,33.8943252297024,-0.429508946761193,-0.633801404718327
"DE71C","2022",0,2,358022,12.7883497160087,2022,2,0,1,11.7933369718078,-0.716720267216043,-1.83468771417186,-16.2830452665474,48.488120182257,-0.585678477530611,-1.84958781635762
"DE71C","2023",1,4,358022,12.7883497160087,2023,3,2,0,19.3356118180806,-0.685501364380033,-1.39438327111684,-2.96194756759407,69.4830408867076,-0.577867336109256,-1.46462308617653
"DE71D","2019",57,1,185651,12.1316238460707,2019,-1,0,0,15.524962959179,1.92482533126961,1.19890750857055,1.30060204344391,19.1729697131389,1.14930678089909,0.776090954431275
"DE71D","2020",18,1,185651,12.1316238460707,2020,0,1,0,16.1872259646999,0.0807427667878099,0.0779542548925692,0.106149402956886,19.920955217994,-0.0561920073489201,-0.0580898285833015
"DE71D","2021",8,0,185651,12.1316238460707,2021,1,1,1,13.3840336619702,-0.28906631333833,-0.339290986735616,-0.514620812091954,17.5757785086377,-0.317127311780523,-0.403817371426832
"DE71D","2022",0,1,185651,12.1316238460707,2022,2,0,1,16.9137293067249,-0.72149300399075,-1.93368926463667,-16.6436362351005,21.4692360381593,-0.583088624261772,-1.69239562727522
"DE71D","2023",2,2,185651,12.1316238460707,2023,3,1,0,21.9249041340322,-0.657996462710414,-1.21978775434151,-2.3944754852388,26.3203209492904,-0.539569534109892,-1.04613034126685
"DE71E","2019",64,1,311593,12.6494531280281,2019,-1,2,4,22.3843276654051,1.34643215233883,0.923742527442853,1.05052204279283,31.1110699391482,0.617927796041861,0.479547910358371
"DE71E","2020",13,2,311593,12.6494531280281,2020,0,1,2,28.1193433349279,-0.390336875817156,-0.494889198366933,-0.771508280042223,38.5755325671899,-0.387951680341035,-0.537995565038175
"DE71E","2021",10,0,311593,12.6494531280281,2021,1,2,1,18.7995405853693,-0.338233264870396,-0.411317471159629,-0.631247239594837,29.4420139973565,-0.385870449254391,-0.53360092127984
"DE71E","2022",10,0,311593,12.6494531280281,2022,2,0,2,18.8396281307396,-0.339061171782365,-0.412582826813507,-0.633377337675912,30.5388847821214,-0.393080899713778,-0.548982731269264
"DE71E","2023",18,1,311593,12.6494531280281,2023,3,0,0,24.005139880024,-0.181315242739917,-0.198886125833239,-0.287896155634559,37.7931160490841,-0.306426593527298,-0.385808494136491
"DE721","2019",23,0,268418,12.5003007459144,2019,-1,2,0,14.2057167021452,0.445347642033359,0.377809763096972,0.481849791157542,23.5788425577836,-0.0143245315621815,-0.0144425870873744
"DE721","2020",14,1,268418,12.5003007459144,2020,0,0,2,17.804752687289,-0.154296942338888,-0.16668944792062,-0.240408025518622,28.4293542162279,-0.296522734998279,-0.369576350993698
"DE721","2021",10,1,268418,12.5003007459144,2021,1,1,0,18.4538321770783,-0.33094639200347,-0.400259860434317,-0.612686861999281,29.983527900591,-0.389495730854154,-0.541283733130832
"DE721","2022",7,0,268418,12.5003007459144,2022,2,1,1,15.2581246217838,-0.389841837828892,-0.494080251993245,-0.779201831357827,26.4537437849534,-0.429437075759616,-0.633628524560064
"DE721","2023",31,1,268418,12.5003007459144,2023,3,0,1,19.2820636961201,0.439290851322419,0.373364919772338,0.474811915108482,32.313884083885,-0.023771665362321,-0.0240999276044542
"DE722","2019",3,4,254074,12.4453808421525,2019,-1,0,1,12.9953587906664,-0.55237807369535,-0.834353864236277,-1.46597965561214,41.8334654063487,-0.543372109135776,-1.07070686162707
"DE722","2020",8,0,254074,12.4453808421525,2020,0,4,0,5.83093961299549,0.260867728927958,0.235068675995777,0.316263510693831,23.1448509619928,-0.381763395865808,-0.525022048327575
"DE722","2021",0,0,254074,12.4453808421525,2021,1,0,4,5.73071614102356,-0.700756602800385,-1.62457759366644,-15.5613510618629,23.5652750665849,-0.583499720089613,-1.71102047291819
"DE722","2022",2,0,254074,12.4453808421525,2022,2,0,0,5.82099850824723,-0.460294052404382,-0.62321453642498,-1.06832413145887,25.2767171918055,-0.537593787339999,-1.03389743996084
"DE722","2023",9,0,254074,12.4453808421525,2023,3,0,0,5.98368261541464,0.353886300711485,0.308984294515304,0.408188488049634,26.3135169665011,-0.384215578704776,-0.53012918184232
"DE723","2019",54,0,173830,12.0658330891156,2019,-1,0,0,12.1175166744307,2.47868689880259,1.43029690838455,1.4943320002844,15.3288822542096,1.46635006242873,0.926913259512039
"DE723","2020",7,1,173830,12.0658330891156,2020,0,0,0,15.5323359836998,-0.395794481521208,-0.504179105122023,-0.797013751431732,18.6885261381211,-0.364257249143929,-0.489769722207738
"DE723","2021",2,0,173830,12.0658330891156,2021,1,1,0,12.9875294207779,-0.60756763202655,-1.00410440970841,-1.87084194117791,16.5801895034246,-0.511560024096253,-0.900363768928399
"DE723","2022",0,0,173830,12.0658330891156,2022,2,0,1,13.20147413169,-0.718391055554751,-1.86607495732111,-16.3958390579644,17.1647583155181,-0.581934244519947,-1.64691769041788
"DE723","2023",13,3,173830,12.0658330891156,2023,3,0,0,26.2333732620578,-0.365961889966713,-0.454748878867017,-0.702082954430132,28.9176108540606,-0.321615960909317,-0.411512710652303
"DE724","2019",0,0,242805,12.4000139310362,2019,-1,0,2,13.4708671194559,-0.718672035805689,-1.87165559902524,-16.416039920439,21.0934889759322,-0.58300639764534,-1.68884529178024
"DE724","2020",2,0,242805,12.4000139310362,2020,0,0,0,13.7649734628914,-0.614503388206967,-1.02921394441696,-1.92897953016449,22.2895660125723,-0.530923941453127,-0.995247742493099
"DE724","2021",0,0,242805,12.4000139310362,2021,1,0,0,14.1496742001998,-0.719333895961724,-1.88518576913772,-16.4652021570676,23.2038388924141,-0.583434072629804,-1.7079423972442
"DE724","2022",41,1,242805,12.4000139310362,2022,2,0,0,18.1371727922725,0.910424101861838,0.683391905591908,0.815608513445458,28.289443578089,0.262485526529529,0.231221448949398
"DE724","2023",51,1,242805,12.4000139310362,2023,3,1,0,18.9108672994121,1.22626856776933,0.86087941928244,0.992088906122746,29.3930855309748,0.429547470874013,0.354828519736184
"DE725","2019",0,0,101163,11.5244883563347,2019,-1,0,1,3.40346043689808,-0.681087017521294,-1.46312190975668,-15.0403032475623,8.85441710109024,-0.57662011449851,-1.50587568719448
"DE725","2020",17,1,101163,11.5244883563347,2020,0,0,0,4.34958917485717,2.01091726929872,1.23632471101332,1.3631320048007,10.8760706995959,0.325813392950197,0.279767386167764
"DE725","2021",0,1,101163,11.5244883563347,2021,1,1,0,4.5351337077038,-0.692973205031449,-1.55303200801709,-15.3273651246036,11.3003734213335,-0.578977836613435,-1.55902315356435
"DE725","2022",0,0,101163,11.5244883563347,2022,2,1,1,3.74977048802623,-0.685414560824264,-1.49372261572611,-15.1372051928806,9.97004702559903,-0.577835386855956,-1.53190852558618
"DE725","2023",1,0,101163,11.5244883563347,2023,3,0,1,3.80018687484517,-0.505471435755619,-0.720354941701931,-1.3350492431145,10.3990314425004,-0.522630255987007,-0.952571120195509
"DE731","2019",152,0,197230,12.1921258393975,2019,-1,2,1,32.780398543688,2.64377640025552,1.49466459494371,1.53404979604776,17.1963525188486,4.56191395644531,1.96545101871864
"DE731","2020",5,0,197230,12.1921258393975,2020,0,0,2,32.8502984280977,-0.616295884582749,-1.03529496006573,-1.88252271702446,17.8370076277055,-0.418964512626067,-0.607916158281682
"DE731","2021",22,0,197230,12.1921258393975,2021,1,0,0,33.5675114379046,-0.250549865193582,-0.28663874732203,-0.422516178895225,18.8484304060906,0.0973887189506181,0.0924762934318152
"DE731","2022",11,0,197230,12.1921258393975,2022,2,0,0,34.5056495632401,-0.495391356061692,-0.696008120482684,-1.14322770237963,19.621554868817,-0.256013678370975,-0.306961659259557
"DE731","2023",51,1,197230,12.1921258393975,2023,3,0,0,44.2296352257532,0.111505942255419,0.106304889094163,0.142430607699298,23.9220273830313,0.660549862287912,0.506029153096836
"DE732","2019",22,0,222283,12.3117066237937,2019,-1,0,2,15.4384918977181,0.306191581522786,0.271638901179733,0.354178634005005,19.3106567411591,0.0811334057859778,0.0776746006600844
"DE732","2020",32,1,222283,12.3117066237937,2020,0,0,0,19.6714688299313,0.453153777851712,0.383524302742445,0.486566630825545,23.8977256834838,0.197849370399667,0.179194066715197
"DE732","2021",22,1,222283,12.3117066237937,2021,1,1,0,20.5106132520195,0.0525334758285818,0.0513281381270881,0.0701000270283504,24.8300357365269,-0.0665296275710771,-0.0692199208999167
"DE732","2022",6,2,222283,12.3117066237937,2022,2,1,1,26.3692278984901,-0.560426983517786,-0.856143936243839,-1.48043808450031,30.0465371403388,-0.467709914224825,-0.740074859525578
"DE732","2023",32,2,222283,12.3117066237937,2023,3,2,1,27.4940849540102,0.118949609947554,0.113061908546929,0.151765045094375,31.2187277080141,0.0146284522925649,0.0145088228036353
"DE733","2019",6,0,117414,11.6734614296923,2019,-1,1,1,5.4832304204468,0.065915784952803,0.0640353026871981,0.0900652158351386,10.2570082335534,-0.239933821294222,-0.283599264859124
"DE733","2020",5,0,117414,11.6734614296923,2020,0,0,1,5.55695351010718,-0.070140413861383,-0.072514791905653,-0.105611915823163,10.6983398225545,-0.308128388701954,-0.388660322201605
"DE733","2021",1,1,117414,11.6734614296923,2021,1,0,0,7.10173227539433,-0.60712522094557,-1.00414311106691,-1.9603377367388,13.141000581967,-0.536033714023502,-1.025169011259
"DE733","2022",0,0,117414,11.6734614296923,2022,2,1,0,5.93818965556535,-0.701807953993192,-1.63530822032358,-15.5969148730961,11.6585052402388,-0.579241809909869,-1.56572039461832
"DE733","2023",20,1,117414,11.6734614296923,2023,3,0,1,7.52665547834237,1.17336723998356,0.832389883038909,0.977281539992959,14.1350519928815,0.240948564178988,0.214178869443719
"DE734","2019",0,1,231073,12.350488956897,2019,-1,0,0,9.87475376134803,-0.713706631019969,-1.78449149625247,-16.1054919328809,23.8638931679557,-0.583552473819823,-1.71352458702446
"DE734","2020",0,0,231073,12.350488956897,2020,0,1,0,8.25688133021544,-0.71012686942269,-1.73291880447955,-15.9265575112744,21.1717001164204,-0.58302375061551,-1.68959000705028
"DE734","2021",5,1,231073,12.350488956897,2021,1,0,1,10.4655972110699,-0.373273052416445,-0.466641086834665,-0.738655309305248,25.6690781327957,-0.470120048772582,-0.747602837014806
"DE734","2022",0,0,231073,12.350488956897,2022,2,1,0,8.72485396199473,-0.711292853690235,-1.74891405969661,-15.9816862880324,22.9441615256929,-0.583385644983712,-1.70569812470968
"DE734","2023",34,0,231073,12.350488956897,2023,3,0,1,8.86857924631729,2.01658066206918,1.23905193424791,1.34384594569737,23.7531053103694,0.251731370965552,0.222747218189828
"DE735","2019",14,2,180071,12.101106496544,2019,-1,2,0,18.5260046422741,-0.176501234575089,-0.193072728737987,-0.280118000369545,21.6953815997239,-0.206839406890388,-0.237759568386054
"DE735","2020",2,43,180071,12.101106496544,2020,0,2,2,163034.567321073,-0.732848499681799,-3.30761166780803,-11.3085698462,14460.7328629365,-0.587672855188787,-2.32212893196892
"DE735","2021",11,1,180071,12.101106496544,2021,1,43,2,28.2791028182269,-0.443598819801535,-0.5902576475576,-0.944227751861053,18.274553030335,-0.231789518298549,-0.272041368249761
"DE735","2022",62,1,180071,12.101106496544,2022,2,1,43,18.0877119329857,1.7533505738493,1.1214783666581,1.23190159218852,15.1820837685026,1.79223870034522,1.06794507281586
"DE735","2023",14,1,180071,12.101106496544,2023,3,1,1,16.4035841165659,-0.105668357461487,-0.11122315004752,-0.158442453602175,21.6363424791049,-0.205808202678423,-0.236376617772886
"DE736","2019",1,0,155126,11.9519929689003,2019,-1,0,0,4.15380471060382,-0.523605910385676,-0.762827199397731,-1.42402371197661,13.6795040474401,-0.53804308092134,-1.03730675822309
"DE736","2020",0,0,155126,11.9519929689003,2020,0,0,0,4.26989441750461,-0.690705357016876,-1.53434535209993,-15.2670996583194,14.2406096137489,-0.580759055244598,-1.60813352738732
"DE736","2021",10,2,155126,11.9519929689003,2021,1,0,0,6.82483844048934,0.328279928831723,0.289064676804745,0.382016523926371,20.3329072824463,-0.296186680498703,-0.369035207555801
"DE736","2022",4,3,155126,11.9519929689003,2022,2,2,0,9.00030268084865,-0.395524450361211,-0.503790927020292,-0.81096359685625,24.6938685884472,-0.489143899198546,-0.811461135847979
"DE736","2023",10,1,155126,11.9519929689003,2023,3,3,2,6.07136062922793,0.454537624517326,0.384500085650773,0.499002456661703,18.4290212818843,-0.266343984396813,-0.32239675234274
"DE737","2019",0,0,97695,11.4896056596486,2019,-1,0,0,1.97305923738663,-0.649742447860854,-1.28697320078553,-14.4950958085716,8.61505581214409,-0.576319551479354,-1.49981570913437
"DE737","2020",0,0,97695,11.4896056596486,2020,0,0,0,2.02820190405591,-0.651640595788051,-1.29600993194814,-14.5226601969506,8.96842796317314,-0.576757792584237,-1.5086985684053
"DE737","2021",1,1,97695,11.4896056596486,2021,1,0,0,2.59976645900149,-0.410547020598366,-0.53109203163771,-0.955420617532603,10.9340457854708,-0.52576479698633,-0.968409918259015
"DE737","2022",0,4,97695,11.4896056596486,2022,2,1,0,5.25572288686279,-0.698058837742013,-1.59831133191256,-15.474828114557,18.2482266669118,-0.582275383520539,-1.65946357348508
"DE737","2023",8,1,97695,11.4896056596486,2023,3,4,1,2.91645484671329,1.17388962487354,0.83228450188862,1.00907288159968,11.6707842500633,-0.182190318881937,-0.205386902644007
"DE803","2019",26,1,205307,12.23226169887,2019,-1,0,1,19.4059950056975,0.245643614149816,0.222563798619299,0.292514537238621,21.0449727908357,0.137265984457194,0.127834745581372
"DE803","2020",23,2,205307,12.23226169887,2020,0,1,0,25.1555746464653,-0.0621386317522907,-0.063987315836793,-0.0895852684993691,25.8001932271536,-0.0633691139477056,-0.0658014687243867
"DE803","2021",42,0,205307,12.23226169887,2021,1,2,1,16.9187214380916,1.06958727625503,0.775241763261329,0.909248855894612,19.3991892236195,0.678747700406991,0.517162222861711
"DE803","2022",3,0,205307,12.23226169887,2022,2,0,2,16.954798384237,-0.59385340328005,-0.957056655292256,-1.73193826227797,20.1219116538658,-0.495892396385227,-0.836423374784771
"DE803","2023",13,0,205307,12.23226169887,2023,3,0,0,17.3249685976505,-0.180177816891504,-0.197510547793612,-0.287199298144289,21.2628967459931,-0.226574534296394,-0.264740703215682
"DE804","2019",41,0,98308,11.4958606863436,2019,-1,1,0,15.2880605829952,1.2114488183283,0.852957760821691,0.986499921383482,8.6524114449606,2.15478651000524,1.21187903005382
"DE804","2020",2,0,98308,11.4958606863436,2020,0,0,1,15.539902145456,-0.627782697641999,-1.08062445527739,-2.05026336741365,8.9574700740601,-0.447970689593435,-0.682653308856919
"DE804","2021",28,1,98308,11.4958606863436,2021,1,0,0,19.8598430636728,0.296403118780098,0.2638344572515,0.343504789434963,11.0026528796567,0.894069832556382,0.641930807696631
"DE804","2022",14,0,98308,11.4958606863436,2022,2,1,0,16.606020907104,-0.113193278021751,-0.119610999254241,-0.170707933804249,9.76139415365626,0.250818709075982,0.222022354797885
"DE804","2023",47,2,98308,11.4958606863436,2023,3,0,1,26.2461521477141,0.573659969706365,0.46879955895153,0.582628229542616,13.8603029433227,1.38813188633222,0.891090627280013
"DE80J","2019",54,0,246318,12.4143786630461,2019,-1,1,2,20.1742756549506,1.2127299225074,0.853651873986543,0.984575754671653,21.3574544275415,0.89115059628142,0.640325831981817
"DE80J","2020",18,0,246318,12.4143786630461,2020,0,0,1,20.384619054242,-0.0846232033602629,-0.0881193981729927,-0.124408835092367,22.4436069669033,-0.115485350551277,-0.124055664134279
"DE80J","2021",10,0,246318,12.4143786630461,2021,1,0,0,20.8919050729074,-0.377254346103675,-0.473109878519334,-0.736776573864319,23.5395613282332,-0.335616615461879,-0.436147782213179
"DE80J","2022",8,1,246318,12.4143786630461,2022,2,0,0,26.7794216959233,-0.50884944853838,-0.726225210625802,-1.20819207872432,28.6987465796327,-0.421389479169606,-0.613744129197502
"DE80J","2023",32,0,246318,12.4143786630461,2023,3,1,0,22.3919008391406,0.310756232920443,0.275264530801577,0.357036610252034,25.4611119830613,0.149934272957416,0.138799832349093
"DE80K","2019",18,2,218721,12.2955522240029,2019,-1,0,0,8.07431797210517,0.872350075424731,0.660566953568788,0.801683409568888,26.4538515090565,-0.18661614046337,-0.21109512991054
"DE80K","2020",6,1,218721,12.2955522240029,2020,0,2,0,6.84804193466631,-0.0873927646860331,-0.0911333516701803,-0.132203126563003,23.4242607243532,-0.43402049064882,-0.645294296557337
"DE80K","2021",1,0,218721,12.2955522240029,2021,1,1,2,5.59894014841695,-0.575018260505647,-0.900212375083813,-1.72257632061856,20.5522928280533,-0.554521787002383,-1.15542469871113
"DE80K","2022",2,0,218721,12.2955522240029,2022,2,0,1,5.65731647495226,-0.452770357516053,-0.608395538055276,-1.03980197819119,21.5974981506554,-0.529117564367345,-0.985402977872602
"DE80K","2023",0,3,218721,12.2955522240029,2023,3,0,0,11.2419638343838,-0.71595592013805,-1.82124658137769,-16.2351641055299,36.3854844595927,-0.584990619784039,-1.79560581029239
"DE80L","2019",215,3,215203,12.279337047693,2019,-1,2,1,49.5812452770702,2.43191277861294,1.41177568028544,1.46702538996702,30.1391286046994,3.58459707512287,1.69103501476689
"DE80L","2020",5,0,215203,12.279337047693,2020,0,3,2,26.7422927661739,-0.589941653164673,-0.944181308867794,-1.67680819850244,19.3501785661612,-0.432046644544263,-0.640254270760016
"DE80L","2021",2,0,215203,12.279337047693,2021,1,0,3,26.421224060141,-0.670602099150145,-1.29134509152038,-2.58101994827645,20.1098157508727,-0.524817334277383,-0.962895775869151
"DE80L","2022",15,1,215203,12.279337047693,2022,2,0,0,33.5651993698835,-0.402145795198854,-0.515064654612597,-0.805439529418993,25.0735080675253,-0.234528211204099,-0.275903272479235
"DE80L","2023",45,1,215203,12.279337047693,2023,3,1,0,34.9970217757763,0.20787934666358,0.190947266426518,0.251399546244345,26.0516883322928,0.424692838794784,0.351427721842691
"DE80M","2019",6,0,156692,11.9620373740734,2019,-1,0,0,2.70727006997034,0.814229038171207,0.624811044275802,0.795818862979883,13.8175989079941,-0.328457665634926,-0.423445778325812
"DE80M","2020",0,0,156692,11.9620373740734,2020,0,0,0,2.78293231478455,-0.670967675870014,-1.39880967905576,-14.8390157192581,14.3843688459545,-0.580827801878084,-1.61023905707785
"DE80M","2021",1,0,156692,11.9620373740734,2021,1,0,0,2.86070915295014,-0.437384667716497,-0.58000854007238,-1.05106854967333,14.9743865395282,-0.542290339024141,-1.06431039894916
"DE80M","2022",1,0,156692,11.9620373740734,2022,2,0,0,2.940659682701,-0.444732219315794,-0.59395180534532,-1.07863293805233,15.5886055645929,-0.544061121986768,-1.07616877452563
"DE80M","2023",0,0,156692,11.9620373740734,2023,3,0,0,3.02284465393671,-0.675316939299563,-1.42534691749973,-14.9217088843951,16.2280186107787,-0.581603161631641,-1.63534404713185
"DE80N","2019",277,2,224956,12.3236601065075,2019,-1,0,0,51.5466866999373,3.18878538195678,1.69473749976666,1.68152957492218,27.2079618329805,5.36220828177315,2.16886858954563
"DE80N","2020",5,0,224956,12.3236601065075,2020,0,2,0,35.0597834627559,-0.623584915918565,-1.06326138350124,-1.94761659084929,20.571532982879,-0.441213986737582,-0.664135315938612
"DE80N","2021",1,0,224956,12.3236601065075,2021,1,0,2,35.2395161708498,-0.706697208681685,-1.59728276069736,-3.56216707142967,21.1789699034154,-0.555496853181726,-1.16380515917481
"DE80N","2022",23,0,224956,12.3236601065075,2022,2,0,0,36.0088924220993,-0.262806386276102,-0.30306254861059,-0.448271660271307,22.3798940174902,0.0161615286820876,0.0160157261064381
"DE80N","2023",26,1,224956,12.3236601065075,2023,3,0,0,46.1565047136382,-0.318192835536734,-0.381228778100723,-0.573941321741479,27.2849140190498,-0.0275055449505168,-0.0279467222615153
"DE80O","2019",6,0,208092,12.2457355685866,2019,-1,0,1,8.71285025654974,-0.22146070104067,-0.248796119792823,-0.373039340996467,18.2135105068066,-0.390451944441007,-0.543342561841678
"DE80O","2020",8,0,208092,12.2457355685866,2020,0,0,0,8.92967584971449,-0.0741025780015133,-0.0767600034682759,-0.109938428525621,19.1029030320142,-0.338568217761715,-0.441468635672449
"DE80O","2021",35,1,208092,12.2457355685866,2021,1,0,0,11.4461344885925,1.47389421595634,0.988003501717908,1.11769601630961,23.2897021914139,0.293364485681093,0.255174833034348
"DE80O","2022",0,0,208092,12.2457355685866,2022,2,1,0,9.57080818885077,-0.713122759964579,-1.77555224414438,-16.0742282101091,20.6622862048118,-0.582908395586551,-1.68468398418057
"DE80O","2023",0,1,208092,12.2457355685866,2023,3,0,1,12.1309995242851,-0.717155141566168,-1.84257941590283,-16.3112746785382,25.051452461399,-0.583749948422279,-1.72315233602888
"DE911","2019",49,0,252962,12.4409945588004,2019,-1,0,0,27.268662464115,0.578372350190586,0.472030564925954,0.586082170751416,22.3069936880249,0.697943390431335,0.528799532357362
"DE911","2020",39,1,252962,12.4409945588004,2020,0,0,0,34.9532035810992,0.0842041242950146,0.0811793433845608,0.109551545457516,27.196036063691,0.253502454589159,0.224147732581133
"DE911","2021",19,0,252962,12.4409945588004,2021,1,1,0,29.2264962808145,-0.254106727567815,-0.29137564951889,-0.430636672908686,24.1279289947955,-0.124032581568198,-0.134019598141352
"DE911","2022",53,2,252962,12.4409945588004,2022,2,0,1,46.1930689128969,0.107370407317529,0.10253379694644,0.137462169117379,34.2594920355288,0.319906188013791,0.275335409992946
"DE911","2023",60,1,252962,12.4409945588004,2023,3,2,0,39.0608564531784,0.390186277990115,0.336748693398317,0.429223727075948,30.5636616388146,0.562909565389134,0.444479109745588
"DE912","2019",15,1,104970,11.5614298740298,2019,-1,0,0,17.0917804226579,-0.088314201194629,-0.0921345862980917,-0.130547403139947,10.8406991117106,0.22199951387661,0.198945448518522
"DE912","2020",3,2,104970,11.5614298740298,2020,0,1,0,22.2219031228269,-0.626396843383131,-1.07465173831685,-2.00246580763454,13.1912028477077,-0.448258235562422,-0.683321746407935
"DE912","2021",1,0,104970,11.5614298740298,2021,1,2,1,14.9456410375501,-0.671858450556195,-1.3007628491832,-2.70441868792793,9.91847765932647,-0.519531682026947,-0.93749157791534
"DE912","2022",73,0,104970,11.5614298740298,2022,2,0,2,14.977510649494,2.78950149339315,1.5498782057253,1.58390966883852,10.2879934259733,3.5241064166019,1.67285987836163
"DE912","2023",10,0,104970,11.5614298740298,2023,3,0,0,15.3045111945834,-0.249664306910228,-0.285469978765169,-0.42556244126401,10.8713598241993,-0.0463790182423216,-0.0476585089495018
"DE913","2019",26,4,129560,11.7718993732853,2019,-1,1,1,13.3783767415749,0.677930207910559,0.538622517016529,0.664456848905491,21.2910510273947,0.128953363617578,0.120571432828612
"DE913","2020",6,0,129560,11.7718993732853,2020,0,4,1,5.93578980977339,0.00759165471034455,0.00756557392636909,0.010759540061309,11.7143345033814,-0.282577595664363,-0.347378592556516
"DE913","2021",0,0,129560,11.7718993732853,2021,1,0,4,5.81638638977998,-0.701199242965906,-1.62905952437935,-15.5761897316455,12.0166449051329,-0.579490383806494,-1.57219359169666
"DE913","2022",0,0,129560,11.7718993732853,2022,2,0,0,5.90801841604591,-0.701659365845456,-1.63377362588486,-15.5918210397656,12.8893608923791,-0.58003939837178,-1.5871120349149
"DE913","2023",10,0,129560,11.7718993732853,2023,3,0,0,6.07313453826812,0.45420507063191,0.384257508625141,0.498710322813677,13.4180563858556,-0.147832714704811,-0.162441287049997
"DE914","2019",0,0,175943,12.0779153579288,2019,-1,0,0,4.43561872874804,-0.692151548079079,-1.54616436462352,-15.3051776744231,15.5152133144589,-0.581324878959667,-1.62603083994033
"DE914","2020",2,0,175943,12.0779153579288,2020,0,0,0,4.55958451771003,-0.389120384189698,-0.493211811311174,-0.824083824278018,16.151615959103,-0.509560087469857,-0.891684053091461
"DE914","2021",2,0,175943,12.0779153579288,2021,1,0,0,4.68701487785649,-0.397957364012594,-0.508240104686492,-0.851648212657019,16.8141225520398,-0.512609106679469,-0.904987801960131
"DE914","2022",1,0,175943,12.0779153579288,2022,2,0,0,4.81800663633301,-0.5508583051808,-0.832065062756408,-1.57235928159634,17.5038038243891,-0.54879295662661,-1.1098699530732
"DE914","2023",16,1,175943,12.0779153579288,2023,3,0,0,6.17576190385031,1.11820282029082,0.802195204892375,0.951956524598154,21.3401270793118,-0.145904388751179,-0.160099139719102
"DE916","2019",0,0,126775,11.7501691406632,2019,-1,0,0,3.52080274252481,-0.682639235510866,-1.4738539256443,-15.074199573428,11.179422699059,-0.578884951183623,-1.55670802762156
"DE916","2020",11,0,126775,11.7501691406632,2020,0,0,0,3.61920143647203,1.39464813239807,0.947980097766083,1.11164195986468,11.6379799890606,-0.0317525297293931,-0.0323431088692278
"DE916","2021",5,2,126775,11.7501691406632,2021,1,0,0,5.78479528351988,-0.0951063702421825,-0.0995682526306645,-0.145794860121257,16.6168425714073,-0.406698242391448,-0.579231364828175
"DE916","2022",0,1,126775,11.7501691406632,2022,2,2,0,4.90623738399488,-0.695765069462609,-1.57726235260555,-15.4060178890945,14.7138216404866,-0.580980368727971,-1.61497772343452
"DE916","2023",0,0,126775,11.7501691406632,2023,3,1,2,4.01132611759505,-0.688231466351954,-1.5148676829321,-15.2046324472548,12.9098106673921,-0.580051390416244,-1.58744806895234
"DE917","2019",6,0,90227,11.4100839960705,2019,-1,0,0,24.5224790365912,-0.547583613748102,-0.821358021537821,-1.407830572697,7.95650382069015,-0.141491369094563,-0.154770924359389
"DE917","2020",76,0,90227,11.4100839960705,2020,0,0,0,25.2078283975208,1.46117966425372,0.981727393463662,1.10357875647352,8.28286350205458,4.70810273352941,2.00381391426977
"DE917","2021",45,0,90227,11.4100839960705,2021,1,0,0,25.9123317659153,0.534332821907812,0.441543412625143,0.55194352664283,8.6226097969393,2.43143964108746,1.31432187961827
"DE917","2022",9,0,90227,11.4100839960705,2022,2,0,0,26.6365244541614,-0.480419727665917,-0.663858933431417,-1.08505868528139,8.97629179713404,0.00152335877974204,0.00152204445204407
"DE917","2023",84,1,90227,11.4100839960705,2023,3,0,0,34.1429237009497,1.06183520498216,0.770898289768874,0.900261458473578,10.943633142467,3.86321257636942,1.77266319464318
"DE918","2019",13,0,125623,11.7410406372707,2019,-1,1,1,14.3842421583617,-0.0692444777932499,-0.0715544862742173,-0.101183878461681,10.9741269808002,0.106834806146907,0.100971306905205
"DE918","2020",16,2,125623,11.7410406372707,2020,0,0,1,22.6668635245641,-0.213041974584631,-0.238100815532402,-0.348315316637745,15.6992294236348,0.0111386194711334,0.0110690207735832
"DE918","2021",39,2,125623,11.7410406372707,2021,1,2,0,23.9005812817647,0.457874445630941,0.386967638845439,0.489658891716217,16.40246557992,0.801358456915357,0.589694845948807
"DE918","2022",43,2,125623,11.7410406372707,2022,2,2,2,24.7155773937301,0.536367626004365,0.442966484871878,0.553766430386461,16.8217974853088,0.905428186324476,0.648197381788008
"DE918","2023",22,0,125623,11.7410406372707,2023,3,2,2,16.3394579650545,0.249814555339793,0.226006115710505,0.297459582204502,12.7678554899266,0.419361150250546,0.347678193267496
"DE91A","2019",1,0,137045,11.82806461803,2019,-1,0,0,1.70518640293268,-0.264298354672282,-0.305715994246133,-0.533673431993437,12.0850639620788,-0.531581479438417,-0.999555295549237
"DE91A","2020",0,0,137045,11.82806461803,2020,0,0,0,1.75284261296642,-0.641181712727707,-1.24806657108762,-14.3767493783362,12.5807688235126,-0.579853797423163,-1.58196830507606
"DE91A","2021",3,2,137045,11.82806461803,2021,1,0,0,2.80167762370393,0.0475215190751603,0.0465279815975119,0.0683942329168881,17.962967384725,-0.484957877062064,-0.796709233935887
"DE91A","2022",0,1,137045,11.82806461803,2022,2,2,0,2.3761766530404,-0.661866035794899,-1.34769385207952,-14.6810033056237,15.9057833699112,-0.58148039927006,-1.63119106289713
"DE91A","2023",1,1,137045,11.82806461803,2023,3,1,2,2.42253592885746,-0.389341377960331,-0.494452847811503,-0.88481389598701,16.3439033064405,-0.546058187223266,-1.0900150172391
"DE91B","2019",0,0,118290,11.6808945155398,2019,-1,1,0,7.47011292319277,-0.707853905637321,-1.70362307656951,-15.826420673888,10.4110931951051,-0.578245718803782,-1.54132107166606
"DE91B","2020",1,0,118290,11.6808945155398,2020,0,0,1,7.5931687483658,-0.614965773161952,-1.03254784881426,-2.02724799418665,10.7781577802475,-0.524883075273088,-0.96389211254242
"DE91B","2021",0,0,118290,11.6808945155398,2021,1,0,0,7.78213025572406,-0.70880764784842,-1.71563216236676,-15.8673406704647,11.3044710882546,-0.578980949425748,-1.55910110568263
"DE91B","2022",3,0,118290,11.6808945155398,2022,2,0,0,7.9996236824479,-0.443381565995224,-0.590052687132627,-0.980781878878035,11.7681576100611,-0.431636349021605,-0.639276195100382
"DE91B","2023",49,1,118290,11.6808945155398,2023,3,0,0,10.2539857065871,2.69940917996093,1.51584005474321,1.56415383909359,14.3473945096525,1.4028044211671,0.897875109440742
"DE91C","2019",674,6,328028,12.7008542495765,2019,-1,1,1,200.91515025191,1.72332386079155,1.10761015713654,1.21034743151246,73.9349439538736,4.75923569513188,2.01718599743961
"DE91C","2020",148,3,328028,12.7008542495765,2020,0,6,1,114.361924948276,0.215056471320372,0.197019451956905,0.257844080852039,47.457154206435,1.24072455429289,0.821188097031107
"DE91C","2021",42,1,328028,12.7008542495765,2021,1,3,6,73.5383778446856,-0.313159360456421,-0.373833776962798,-0.560137775401045,34.8997413867106,0.118990950344446,0.111793542668275
"DE91C","2022",70,0,328028,12.7008542495765,2022,2,1,3,58.3988878009948,0.14491968067488,0.136337247172173,0.181198411185755,31.84868161524,0.700287319086916,0.530214131333531
"DE91C","2023",27,0,328028,12.7008542495765,2023,3,0,1,58.8319993327638,-0.394727328585489,-0.502324045473404,-0.778849010176169,33.7195761891257,-0.116532555150978,-0.125269649128679
"DE922","2019",8,0,221202,12.3068315901808,2019,-1,0,2,31.0650702344998,-0.539486433654728,-0.8003046136241,-1.35664237772173,19.2167457361016,-0.340031299291088,-0.444120903593352
"DE922","2020",18,0,221202,12.3068315901808,2020,0,0,0,31.7433067677695,-0.314641516238852,-0.376007793336102,-0.56731007919938,20.3064046502874,-0.0661972893610298,-0.0688598401879425
"DE922","2021",12,0,221202,12.3068315901808,2021,1,0,0,32.6304623842396,-0.459579803684604,-0.62131043912836,-1.00033954790877,21.1393322653149,-0.252060103625119,-0.301143066878276
"DE922","2022",27,4,221202,12.3068315901808,2022,2,0,0,81.0965994635332,-0.487252638278825,-0.678330350222901,-1.09980412703486,41.3975686226595,-0.203568526648727,-0.233380734409312
"DE922","2023",188,0,221202,12.3068315901808,2023,3,4,0,36.4962741944338,3.02010998042245,1.63466124495006,1.63923178963568,22.7330600569342,4.24085981159412,1.87885633301478
"DE923","2019",118,1,150203,11.9197429914815,2019,-1,0,1,26.9041746119756,2.45700979778991,1.42175471071097,1.47840316833691,15.3965429727282,3.87365763157495,1.7756860552821
"DE923","2020",26,2,150203,11.9197429914815,2020,0,1,0,34.8753038715298,-0.18508315075681,-0.203460374806233,-0.293682376782694,18.8754714807491,0.219847161023113,0.197202001518029
"DE923","2021",10,0,150203,11.9197429914815,2021,1,2,1,23.4558565870058,-0.415684879169174,-0.538851660287115,-0.852535018563174,14.1924845180891,-0.171550342629753,-0.191828399297475
"DE923","2022",0,0,150203,11.9197429914815,2022,2,0,2,23.5058731132533,-0.724627010238021,-2.02073656556714,-16.9727608676026,14.7212296519145,-0.580983722165395,-1.61508292243013
"DE923","2023",28,0,150203,11.9197429914815,2023,3,0,0,24.0190714344374,0.120128583414494,0.114128502191774,0.153356388001654,15.5559765616292,0.465044855448226,0.379383591298858
"DE925","2019",401,0,267506,12.4968972749732,2019,-1,2,0,64.4326972533607,3.81226706609661,1.90459938562099,1.82834020421141,23.498729061622,9.37358693887772,3.01053997870691
"DE925","2020",49,0,267506,12.4968972749732,2020,0,0,2,64.763009138471,-0.177639266151319,-0.194442002595775,-0.278914275215935,24.1926003268113,0.598440136246766,0.467243222939198
"DE925","2021",34,11,267506,12.4968972749732,2021,1,0,0,750.032046150984,-0.699386825763189,-1.51328822853252,-3.09375537979092,145.31332182032,-0.449704231730311,-0.687224539837615
"DE925","2022",106,5,267506,12.4968972749732,2022,2,11,0,239.782284373907,-0.408428389411691,-0.526000453684619,-0.816292259645752,57.4002301948175,0.496156268800398,0.400480171403652
"DE925","2023",5,0,267506,12.4968972749732,2023,3,5,11,77.5808866163903,-0.683265787974232,-1.37540485988572,-2.74188297792685,25.2721750967382,-0.468285144865611,-0.741871068692203
"DE926","2019",58,0,65581,11.0910412988338,2019,-1,1,0,10.0671271738361,3.39986589766607,1.76772163949966,1.75116764737608,5.77200019298491,5.16601216117933,2.12034661029112
"DE926","2020",0,1,65581,11.0910412988338,2020,0,0,1,12.7600838452689,-0.7179058124499,-1.8566525335673,-16.3618324068052,6.99811177758606,-0.573769632840433,-1.45325537095847
"DE926","2021",0,0,65581,11.0910412988338,2021,1,1,0,10.6376985323896,-0.715030531815293,-1.80564968186137,-16.179914715134,6.25522296395381,-0.572173504950019,-1.42767726591449
"DE926","2022",0,1,65581,11.0910412988338,2022,2,0,1,13.483283050875,-0.718684722890553,-1.87190981182762,-16.4169611835632,7.58398268050548,-0.574815055929287,-1.47138875580086
"DE926","2023",16,1,65581,11.0910412988338,2023,3,1,0,14.0165745262198,0.101772192082318,0.09740876526045,0.132348260645276,7.93899607589158,0.584218282369134,0.458170908436229
"DE927","2019",9,0,121468,11.707406132588,2019,-1,0,1,53.6205844017443,-0.606819820600129,-1.00078796788483,-1.78470834325194,10.6316374211444,-0.0887729484042807,-0.0936835085858867
"DE927","2020",171,0,121468,11.707406132588,2020,0,0,0,54.9549715054373,1.54002543761611,1.02051147786884,1.13514941233707,11.1507959243637,8.29812858964628,2.80674529007958
"DE927","2021",272,0,121468,11.707406132588,2021,1,0,0,56.4908421058345,2.78261531201465,1.54733783426873,1.57172353157993,11.608179002013,12.9925995350469,3.61981217465734
"DE927","2022",32,2,121468,11.707406132588,2022,2,0,0,90.2928346796991,-0.47173089409365,-0.645797828057116,-1.03732217305538,16.5742923770687,0.541416445588355,0.430490403393164
"DE927","2023",12,2,121468,11.707406132588,2023,3,2,0,95.4917690531118,-0.638969419396206,-1.12727075901269,-2.07413332272543,17.1877216911845,-0.175645891049698,-0.197017670590804
"DE928","2019",23,1,156841,11.9629878323105,2019,-1,0,1,23.7538814008113,-0.0230003060224102,-0.0232454421277692,-0.0322516851230192,16.0769704758604,0.250424148922743,0.221711773318145
"DE928","2020",14,0,156841,11.9629878323105,2020,0,1,0,19.8028972520942,-0.211897341742269,-0.236658700454301,-0.346770851815422,14.370309893235,-0.0149672355953918,-0.0150962122400675
"DE928","2021",0,1,156841,11.9629878323105,2021,1,0,1,25.1001725668756,-0.725141637538274,-2.03772972656009,-17.0383852792527,17.4229091387822,-0.582019319552893,-1.64998477440051
"DE928","2022",76,0,156841,11.9629878323105,2022,2,1,0,20.9252597486951,1.90457782344135,1.18993666930274,1.28977632382697,15.5733696184807,2.25570529328322,1.24995268960367
"DE928","2023",38,2,156841,11.9629878323105,2023,3,0,1,33.0727965577679,0.108305823814687,0.103387783539319,0.138875097828959,22.1127860798071,0.419024050003996,0.347443296508971
"DE929","2019",473,2,1140888,13.9473174645171,2019,-1,4,6,171.531143570634,1.28599970280624,0.892426225578248,1.01433054532246,130.920220107794,1.53373146335499,0.957127812751499
"DE929","2020",184,4,1140888,13.9473174645171,2020,0,2,4,264.902097281486,-0.223591255808722,-0.251499728057726,-0.364424550460316,190.47917493901,-0.0199746703071102,-0.0202055402010319
"DE929","2021",242,4,1140888,13.9473174645171,2021,1,4,2,278.488209325176,-0.0959284893573756,-0.100465963819784,-0.140437991827367,200.505265401681,0.121533017909933,0.114041143710382
"DE929","2022",325,4,1140888,13.9473174645171,2022,2,4,4,287.984497518024,0.0941087900951266,0.0903577087613374,0.120918534781914,205.631217629515,0.340908712505706,0.291021515577935
"DE929","2023",142,4,1140888,13.9473174645171,2023,3,4,4,296.033030908025,-0.380978379517873,-0.479235175808702,-0.734643974360234,214.065793943,-0.197711820036384,-0.225605693400578
"DE931","2019",5,1,172449,12.0578568195659,2019,-1,1,1,30.155215986566,-0.605971742671928,-0.997894770987088,-1.79691979698893,17.6428132072338,-0.417124707779485,-0.603518141098876
"DE931","2020",13,0,172449,12.0578568195659,2020,0,1,1,24.8588719173949,-0.345892107234274,-0.423088914001908,-0.648265273250624,15.682660091883,-0.0994524152727539,-0.105690648886745
"DE931","2021",13,2,172449,12.0578568195659,2021,1,0,1,39.1729123385661,-0.486328201539891,-0.676363735815157,-1.10303606178186,22.4351038753335,-0.245302100066615,-0.291307469643175
"DE931","2022",147,0,172449,12.0578568195659,2022,2,2,0,26.5643208640144,3.28950210313173,1.72987825577868,1.71086359907162,17.0901633239057,4.42334730073433,1.92845982984353
"DE931","2023",5,2,172449,12.0578568195659,2023,3,0,2,41.5167741928603,-0.64046874235788,-1.13405798528993,-2.11665943055512,24.1322080282618,-0.462681786340393,-0.724769000817451
"DE932","2019",36,1,198842,12.2002658184964,2019,-1,0,1,18.628771604338,0.673743495844775,0.535889291936052,0.658811720222742,20.3822786348023,0.446597405687289,0.366689741042057
"DE932","2020",50,0,198842,12.2002658184964,2020,0,1,0,15.5302471957629,1.59918013607353,1.04904712983346,1.16923347108818,18.2185854450726,1.01573504227143,0.707519597984096
"DE932","2021",0,0,198842,12.2002658184964,2021,1,0,1,15.7860783195312,-0.720701210225123,-1.91504537402986,-16.5746389905666,18.8609192886906,-0.582451180361327,-1.6661991012124
"DE932","2022",5,0,198842,12.2002658184964,2022,2,0,0,16.1789263192778,-0.498171873184576,-0.702223889731275,-1.17427143848256,19.7819257375922,-0.43541551618059,-0.648905818015862
"DE932","2023",4,1,198842,12.2002658184964,2023,3,0,0,20.7382854258258,-0.583991140206225,-0.925471981256299,-1.64568691834257,24.1175468686138,-0.486804290505856,-0.803129879467786
"DE933","2019",7,1,265864,12.4907401788211,2019,-1,2,0,29.9626493290436,-0.556678089425037,-0.84577413025706,-1.45404129170025,27.3512208489455,-0.434599386366253,-0.646777732082879
"DE933","2020",14,1,265864,12.4907401788211,2020,0,1,2,30.5472214915036,-0.393540016901855,-0.50031151850213,-0.780216330896001,28.1046018590885,-0.293177994049066,-0.364182189361104
"DE933","2021",7,1,265864,12.4907401788211,2021,1,1,1,31.3074112370408,-0.564180674236832,-0.866652753858711,-1.49794455834166,29.4769909330163,-0.445580108491448,-0.675881531703352
"DE933","2022",144,1,265864,12.4907401788211,2022,2,1,1,32.1823845320185,2.52533068958979,1.44871369107254,1.49839406788734,30.6860774344851,2.15829996961728,1.21325513831238
"DE933","2023",17,1,265864,12.4907401788211,2023,3,1,1,33.0818114064099,-0.353401886821402,-0.434793240869974,-0.665770224132363,31.9447582168408,-0.273498196646121,-0.333287298496289
"DE934","2019",0,0,46502,10.7472506014032,2019,-1,0,1,0.514892991721625,-0.512715037940555,-0.849783682561466,-13.1517143749912,4.07014525107894,-0.564300668482469,-1.32683482307912
"DE934","2020",0,0,46502,10.7472506014032,2020,0,0,0,0.527706476982947,-0.515922910190331,-0.85740131822014,-13.1762954933054,4.2688964342441,-0.565331230978738,-1.33824899865306
"DE934","2021",0,0,46502,10.7472506014032,2021,1,0,0,0.542454712518963,-0.519497315132222,-0.865975183101304,-13.2038598816844,4.44399792498112,-0.566166913770725,-1.3478292918819
"DE934","2022",0,0,46502,10.7472506014032,2022,2,0,0,0.557615128804911,-0.523046808549415,-0.874581636951197,-13.2314242700635,4.62628172443201,-0.566973168978203,-1.35736949601772
"DE934","2023",0,0,46502,10.7472506014032,2023,3,0,0,0.573199245386309,-0.52657056013147,-0.883219689317217,-13.2589886584425,4.81604243636199,-0.567750908806539,-1.36686952331715
"DE935","2019",8,2,179448,12.0976407513479,2019,-1,0,0,43.2818267258449,-0.593728285838954,-0.956362849607658,-1.68829117412678,21.7038635777871,-0.368194860687117,-0.497517207297851
"DE935","2020",10,1,179448,12.0976407513479,2020,0,2,0,36.7084582811233,-0.529357236801578,-0.774895009372128,-1.30042200638745,19.2182585964025,-0.279426132378985,-0.342449724963902
"DE935","2021",234,2,179448,12.0976407513479,2021,1,1,2,46.6669841846762,2.92509515301818,1.60012751763039,1.61228418175581,23.1270952527773,5.31962366505088,2.15844437500811
"DE935","2022",32,0,179448,12.0976407513479,2022,2,2,1,31.1997991107733,0.0186363670445496,0.0184806919159976,0.0253242780122854,17.6512990705826,0.473181705429257,0.384938851263625
"DE935","2023",21,3,179448,12.0976407513479,2023,3,0,2,60.6224038118638,-0.476883808308935,-0.65644147482998,-1.06014203927638,29.4090731583584,-0.167082804516291,-0.1862052809254
"DE936","2019",1,0,113598,11.6404211794804,2019,-1,0,1,2.63204586646177,-0.414129346634395,-0.537449349164947,-0.967760439778971,9.9428059058119,-0.519695617745864,-0.9382758027226
"DE936","2020",0,0,113598,11.6404211794804,2020,0,0,0,2.69754623539138,-0.669256375063629,-1.38876962856836,-14.807853116057,10.4283277522958,-0.578261065457532,-1.54167985916104
"DE936","2021",0,0,113598,11.6404211794804,2021,1,0,0,2.77293672041309,-0.670772128971552,-1.39765147529663,-14.835417504436,10.8560766479292,-0.578626706506785,-1.55037991860919
"DE936","2022",4,1,113598,11.6404211794804,2022,2,0,0,3.5543738837082,0.0856387652858052,0.082506512568144,0.11811568610233,13.2354120038045,-0.404878346942471,-0.575117675235821
"DE936","2023",7,1,113598,11.6404211794804,2023,3,1,0,3.70599616694063,0.60876735268994,0.492554919054408,0.635958198334587,13.7517585311162,-0.285017748956064,-0.351208857928956
"DE937","2019",1,0,165904,12.0191645867981,2019,-1,0,1,5.3528129800575,-0.568127024659139,-0.88002321571803,-1.67762121339389,14.5209534586684,-0.540888177668755,-1.05518046884332
"DE937","2020",15,3,165904,12.0191645867981,2020,0,0,0,10.6368682396426,0.293297472584652,0.261343012813413,0.343724165560874,24.4635708600728,-0.225782914030853,-0.263638499210526
"DE937","2021",10,0,165904,12.0191645867981,2021,1,3,0,5.88492537819294,0.490559945893591,0.410522490782538,0.530191132363391,15.7632841898258,-0.212577201416383,-0.245503728677805
"DE937","2022",5,0,165904,12.0191645867981,2022,2,0,3,5.8490655805194,-0.101811952356498,-0.106955881017437,-0.156843806225775,16.1389343959952,-0.401393712835753,-0.567267102069838
"DE937","2023",0,0,165904,12.0191645867981,2023,3,0,0,5.95896314417467,-0.701909439430945,-1.63635983587472,-15.6004070548089,17.1820718326566,-0.581940029079562,-1.64712498196483
"DE938","2018",1,0,141321,11.8587891775873,2018,-2,4,0,23.1188811057677,-0.693153911983731,-1.45692579485147,-3.14064864755434,11.8791237871771,-0.530622308863571,-0.99424921464016
"DE938","2018",1,0,141321,11.8587891775873,2018,-2,0,4,22.1037572876163,-0.691354379430037,-1.44138972519323,-3.09574660708794,11.6183459527912,-0.529359691774918,-0.987370856558423
"DE938","2019",0,0,141321,11.8587891775873,2019,-1,0,0,22.4519824454073,-0.724247401096497,-2.00878784705148,-16.9268894731718,12.462135241599,-0.579780049352439,-1.57995357478349
"DE938","2019",0,0,141321,11.8587891775873,2019,-1,0,0,22.4519824454073,-0.724247401096497,-2.00878784705148,-16.9268894731718,12.462135241599,-0.579780049352439,-1.57995357478349
"DE938","2020",7,3,141321,11.8587891775873,2020,0,0,0,44.7488646785308,-0.6145417673981,-1.02870288283075,-1.85515578217443,20.8386554725404,-0.387128137201518,-0.53626375634761
"DE938","2020",7,0,141321,11.8587891775873,2020,0,3,0,24.0845280361285,-0.514157219939489,-0.738513807121825,-1.23565935221807,12.8984736654819,-0.26525453730137,-0.320757608270601
"DE938","2021",46,1,141321,11.8587891775873,2021,1,0,3,29.8494105425838,0.39300715624195,0.338879306422525,0.432476325901721,15.4658148760645,1.14767079551763,0.775268289143226
"DE938","2021",46,0,141321,11.8587891775873,2021,1,1,0,24.0639885546694,0.660719465608467,0.527335980047269,0.647924946081361,13.4794279515243,1.40020773808127,0.89667534891803
"DE938","2022",48,3,141321,11.8587891775873,2022,2,0,1,47.4263566157264,0.0088144901971304,0.00877939664363142,0.012022910831618,22.4149962347855,0.665773532573455,0.509235254166629
"DE938","2022",48,0,141321,11.8587891775873,2022,2,3,0,25.4495591561694,0.642628640285358,0.51536735299139,0.634502610852699,13.9783135784255,1.41319002705541,0.902658011206475
"DE938","2023",109,2,141321,11.8587891775873,2023,3,0,3,39.3305456213063,1.28939943012501,0.894200579063956,1.01934643215217,19.6288836255858,2.65285783914101,1.39245047973881
"DE938","2023",109,0,141321,11.8587891775873,2023,3,2,0,25.7917333833351,2.34008049726294,1.37481474479286,1.44129386231726,14.5797629682136,3.76209954124069,1.74339126726757
"DE939","2019",93,1,207700,12.2438500098642,2019,-1,1,3,22.412266344338,2.28097969441615,1.35068176892488,1.42299109026772,20.9338297923648,2.00691689794048,1.15464511552842
"DE939","2020",12,1,207700,12.2438500098642,2020,0,1,1,22.9015882004727,-0.344834520482086,-0.421454474514347,-0.646299528766437,22.120853576441,-0.26684013410807,-0.323145277912702
"DE939","2021",8,1,207700,12.2438500098642,2021,1,1,1,23.541637227084,-0.478389888828884,-0.659614539372545,-1.07932898358694,23.0282062136562,-0.380727748250662,-0.522877188866404
"DE939","2022",0,1,207700,12.2438500098642,2022,2,1,1,24.1995742164375,-0.724859129119076,-2.02828251675813,-17.00184559661,23.972776619409,-0.58357138563015,-1.71442907053583
"DE939","2023",26,2,207700,12.2438500098642,2023,3,1,1,31.0192201497298,-0.117570401530283,-0.124521048974434,-0.176510440708533,29.226910026798,-0.0645138862204913,-0.067038047100165
"DE93A","2019",0,0,91638,11.4256013117985,2019,-1,0,1,7.80220984059347,-0.70886653871141,-1.71638668064825,-15.8699175644309,8.02072965718402,-0.575498096757482,-1.48392365682051
"DE93A","2020",15,0,91638,11.4256013117985,2020,0,0,0,7.99637348703175,0.621347032534927,0.501128817341911,0.629062142987977,8.41239369148123,0.451096864520137,0.369791798363692
"DE93A","2021",28,2,91638,11.4256013117985,2021,1,0,0,12.7811022528042,0.854863517179547,0.650018231407599,0.784236852396031,12.0113131103027,0.771375514930507,0.572334365649404
"DE93A","2022",0,1,91638,11.4256013117985,2022,2,2,0,10.839989767661,-0.715351407303732,-1.81097815969628,-16.1987526100326,10.6357340760474,-0.578441943330917,-1.54594676726887
"DE93A","2023",16,0,91638,11.4256013117985,2023,3,1,2,8.86274565746265,0.573069551531718,0.468372299469482,0.590732174511091,9.33172336768664,0.412438322205744,0.34279136964626
"DE93B","2019",23,0,138626,11.8395349383327,2019,-1,0,0,67.6280695454584,-0.48170776835703,-0.666543338433096,-1.07852886741981,12.2244815703392,0.51092499861402,0.410354456804425
"DE93B","2020",150,1,138626,11.8395349383327,2020,0,0,0,86.6862350043707,0.533613755976952,0.441042588194089,0.548340195389924,14.9037313721635,5.26712083897435,2.14552298110201
"DE93B","2021",249,0,138626,11.8395349383327,2021,1,1,0,72.4836256875479,1.77812493228725,1.13288031590495,1.23409221671422,13.2223744468834,10.3464993050216,3.18471811343719
"DE93B","2022",99,0,138626,11.8395349383327,2022,2,0,1,73.6776548089582,0.250963867564654,0.226955340672982,0.295420298206648,13.6885565566761,3.61774797591612,1.70089284025789
"DE93B","2023",142,0,138626,11.8395349383327,2023,3,0,0,75.5111766458486,0.643011348682909,0.515624793986207,0.631546384300289,14.3569889205435,5.16382313907452,2.1199371012415
"DE941","2019",0,0,81406,11.3072042593479,2019,-1,3,20,7.99961585835392,-0.709430507544239,-1.72369206469188,-15.8949040807855,6.14582472777915,-0.571907164414632,-1.42362746732892
"DE941","2020",0,1,81406,11.3072042593479,2020,0,0,3,9.34016174668098,-0.712655369852512,-1.76855620120733,-16.0498341276869,8.55784255836977,-0.576245292260202,-1.49833955628154
"DE941","2021",30,1,81406,11.3072042593479,2021,1,1,0,9.65182414530815,1.5037555734101,1.00271831424344,1.13405048690675,9.09342544939427,1.3263544017038,0.862175043855764
"DE941","2022",19,0,81406,11.3072042593479,2022,2,1,1,7.98038771695225,0.979533444974122,0.723878585122068,0.867452035432324,8.02291003791817,0.787411275737179,0.581635762518636
"DE941","2023",6,2,81406,11.3072042593479,2023,3,0,1,12.5755919054874,-0.375271213986444,-0.469886557884844,-0.739998149002219,11.4773143732364,-0.276368574282618,-0.337719014827157
"DE942","2019",0,0,49202,10.8036895520607,2019,-1,0,0,1.60755451639828,-0.634492168577658,-1.2195326979414,-14.2902246482969,4.3387888435346,-0.565672437919987,-1.34212413146754
"DE942","2020",0,0,49202,10.8036895520607,2020,0,0,0,1.65248212990868,-0.636663291204353,-1.22862932200155,-14.3177890366759,4.51675717942622,-0.566496121312071,-1.35168824143311
"DE942","2021",1,0,49202,10.8036895520607,2021,1,0,0,1.698665371415,-0.262738790334285,-0.303598416670758,-0.52984186709117,4.70202541621696,-0.446642580876177,-0.679579484342751
"DE942","2022",5,0,49202,10.8036895520607,2022,2,0,0,1.74613933295843,1.19427889119653,0.842568871610196,1.05203085696441,4.89489298106541,0.0121977745880356,0.0121143542520743
"DE942","2023",1,0,49202,10.8036895520607,2023,3,0,0,1.79494008732553,-0.284749747854913,-0.333948691477424,-0.584970643849175,5.09567158302616,-0.457172981867837,-0.709303932451108
"DE943","2019",111,3,176614,12.0817218392081,2019,-1,0,15,51.1043153538844,0.854452648674307,0.649787258146319,0.775661267481927,22.362361493196,2.31191821623117,1.27080763934237
"DE943","2020",36,1,176614,12.0817218392081,2020,0,3,0,33.7134018885961,0.0493145918147042,0.0482499090488444,0.0656235257759725,18.8783086085017,0.528258764186424,0.421845687493825
"DE943","2021",33,2,176614,12.0817218392081,2021,1,1,3,42.3809796671941,-0.161199205108643,-0.174814198865173,-0.250192077065715,22.5922825873472,0.268720597537388,0.2361026427012
"DE943","2022",40,0,176614,12.0817218392081,2022,2,2,1,28.2499338764349,0.30196285036181,0.268274981992741,0.347788362181395,17.3725342943464,0.758050077873934,0.564548490331283
"DE943","2023",45,1,176614,12.0817218392081,2023,3,0,2,35.301618232903,0.199823283139592,0.184095728286015,0.242733706812148,21.1035331811579,0.66016653899252,0.505793014045967
"DE944","2019",46,0,166057,12.0200863818935,2019,-1,1,0,36.8923433434532,0.179618967790638,0.166740436014597,0.220637386179714,14.6152244712111,1.24750240574485,0.824467750237601
"DE944","2020",31,1,166057,12.0200863818935,2020,0,0,1,46.7610457464335,-0.245607256421353,-0.28009621840054,-0.411063263734483,17.7198494602188,0.43626576201183,0.35951631249163
"DE944","2021",63,0,166057,12.0200863818935,2021,1,1,0,38.9832789299636,0.448419331836908,0.380066127983447,0.480001933458034,15.8387880594269,1.73132486085717,1.04250570085499
"DE944","2022",45,1,166057,12.0200863818935,2022,2,0,1,49.4113066339955,-0.065074911078566,-0.0671074499045783,-0.0935167652431572,19.2033273658025,0.782557739252051,0.578840296656882
"DE944","2023",123,0,166057,12.0200863818935,2023,3,1,0,41.1927218063534,1.4460348987938,0.974187928796829,1.09392277793798,17.1647864653464,3.58810965418119,1.69207340993089
"DE945","2019",1,1,75745,11.2351277145924,2019,-1,0,1,6.38033009291743,-0.593520567091823,-0.95790505423537,-1.85321883472059,7.76423338727786,-0.501034784891947,-0.857155253110468
"DE945","2020",0,0,75745,11.2351277145924,2020,0,1,0,5.31908950510182,-0.698444668472937,-1.60196299191723,-15.4868127010132,6.94001646803505,-0.573656691189824,-1.45136607794314
"DE945","2021",25,1,75745,11.2351277145924,2021,1,0,1,6.74194602825571,1.91005294173413,1.19223645043877,1.31052725339011,8.41424278547737,1.13549155296668,0.769131238678245
"DE945","2022",8,0,75745,11.2351277145924,2022,2,1,0,5.62055784584968,0.296413888775675,0.263821402409116,0.353010746872912,7.52102372308147,0.0366004142160251,0.0358669829468648
"DE945","2023",1,0,75745,11.2351277145924,2023,3,0,1,5.71314578806223,-0.578023570480733,-0.9092242540337,-1.74276879806982,7.78619294220412,-0.501273802300818,-0.858104423246993
"DE946","2019",0,0,127751,11.757838335824,2019,-1,0,0,1.73234445929257,-0.640293845241342,-1.24419112053753,-14.3649862278298,11.265489483159,-0.578951247212641,-1.5583582664741
"DE946","2020",2,0,127751,11.757838335824,2020,0,0,0,1.78075967727745,0.0790853699574256,0.0763863819591642,0.116107622315305,11.7275770584301,-0.480499672506563,-0.781576393251838
"DE946","2021",0,0,127751,11.757838335824,2021,1,0,0,1.83052799413359,-0.6443967823742,-1.26234168697701,-14.4201150045878,12.2086185306925,-0.579617746923358,-1.57557601034847
"DE946","2022",2,0,127751,11.757838335824,2022,2,0,0,1.88168722599883,0.040642550995031,0.0399092273691671,0.0609788455572999,12.7093913504347,-0.488671805037996,-0.809956841510969
"DE946","2023",0,0,127751,11.757838335824,2023,3,0,0,1.93427624588884,-0.648353193464675,-1.28045854325995,-14.4752437813458,13.2307048575906,-0.580234805213968,-1.59264516166819
"DE947","2019",13,2,188816,12.1485282748655,2019,-1,1,2,19.0112155333078,-0.228519431228555,-0.257829994419372,-0.380079661855221,22.4545730703817,-0.245596764297854,-0.291733468709024
"DE947","2020",4,0,188816,12.1485282748655,2020,0,2,1,12.7101872095172,-0.491935974484832,-0.688591152059895,-1.15610920328202,17.1380097861602,-0.446104313444921,-0.677354373394322
"DE947","2021",7,0,188816,12.1485282748655,2021,1,0,2,12.7372900104666,-0.323356459263408,-0.388904156826474,-0.598623620570503,17.7764913195616,-0.352900871576674,-0.467951906119516
"DE947","2022",38,1,188816,12.1485282748655,2022,2,0,0,16.2296424468587,0.96717980591414,0.716751987235546,0.850746835142899,21.9991333730379,0.424185040092517,0.351071056235679
"DE947","2023",20,0,188816,12.1485282748655,2023,3,1,0,13.5705897032157,0.340537040260543,0.298655745689282,0.387827394261164,19.5173122556764,0.0144091110492081,0.0142930147331718
"DE948","2019",13,3,177025,12.08404624452,2019,-1,1,1,10.7145720339245,0.152542966038747,0.143081161894767,0.193344747094385,24.8401623109293,-0.278230642525778,-0.340590607875034
"DE948","2020",8,1,177025,12.08404624452,2020,0,3,1,7.2875794634915,0.0691404576375621,0.067077292198859,0.0932702109815005,18.7812751802649,-0.334339756997057,-0.433865340812534
"DE948","2021",4,1,177025,12.08404624452,2021,1,1,3,7.32493897524703,-0.32109594717085,-0.385597231294057,-0.604990212724272,19.3358493079559,-0.462061799937595,-0.7229356160542
"DE948","2022",5,1,177025,12.08404624452,2022,2,1,1,7.4848626831119,-0.235012462753663,-0.266254450487824,-0.403444559659596,20.4322618249922,-0.440223529365796,-0.661502573827781
"DE948","2023",7,3,177025,12.08404624452,2023,3,1,1,11.9635226463843,-0.297450845696746,-0.351172349100517,-0.535951948893789,29.1734199958077,-0.444109371688376,-0.671888482966087
"DE949","2019",32,0,334539,12.7205087436824,2019,-1,1,0,14.0981770767674,0.913347021886862,0.685120630006011,0.819690430359315,29.4438811936533,0.0507287221574539,0.0493386014557682
"DE949","2020",10,1,334539,12.7205087436824,2020,0,0,1,17.8694396582707,-0.317996783376752,-0.380950750902116,-0.580506779125553,35.6984693121767,-0.421082567990848,-0.612994687697381
"DE949","2021",0,0,334539,12.7205087436824,2021,1,1,0,14.8972149660201,-0.719994807218699,-1.89927703998362,-16.5166848384127,31.9088765822135,-0.584605055707787,-1.77042440021126
"DE949","2022",32,1,334539,12.7205087436824,2022,2,0,1,18.8822201949972,0.502038756426827,0.418753781363432,0.527515185172127,38.6870889732334,-0.101144317708549,-0.107608820650003
"DE949","2023",2,0,334539,12.7205087436824,2023,3,1,0,15.7415396710778,-0.629105127292766,-1.08601360670323,-2.0631553766466,34.5802375047757,-0.551021550027229,-1.12624692094413
"DE94A","2019",0,0,100411,11.5170270419913,2019,-1,0,2,0.801864449912738,-0.567138516754274,-0.990573257971629,-13.5946948574926,8.72312481852651,-0.576457236486164,-1.50257455074941
"DE94A","2020",0,0,100411,11.5170270419913,2020,0,0,0,0.819371372013853,-0.569584582380672,-0.997591701685953,-13.6162927057421,9.21775751277115,-0.577047333206764,-1.51473561750238
"DE94A","2021",0,0,100411,11.5170270419913,2021,1,0,0,0.842270999956679,-0.57267533511861,-1.00656438202716,-13.6438570941211,9.59585126758589,-0.577458444072683,-1.52355323012158
"DE94A","2022",0,0,100411,11.5170270419913,2022,2,0,0,0.865810622141228,-0.575730855421493,-1.01555332191114,-13.6714214825001,9.98945366289499,-0.577854184998839,-1.53233232489951
"DE94A","2023",0,0,100411,11.5170270419913,2023,3,0,0,0.890008124999121,-0.578750729068014,-1.02455750069669,-13.6989858708791,10.3992008317393,-0.578235100205515,-1.54107311334087
"DE94B","2019",0,1,144543,11.8813323201218,2019,-1,0,1,4.63813162447101,-0.693789376363977,-1.55996865217012,-15.3498221759704,14.8163652583973,-0.581026494916402,-1.61642873215695
"DE94B","2020",0,1,144543,11.8813323201218,2020,0,1,0,4.8215792349324,-0.695163168648774,-1.57191575452968,-15.388612074466,15.5099333161389,-0.581322723745557,-1.62596009965294
"DE94B","2021",15,0,144543,11.8813323201218,2021,1,1,1,3.98661135174858,1.90060859609033,1.18778068966426,1.32510868299021,13.684040231262,0.0558232580002657,0.0541477293609563
"DE94B","2022",0,0,144543,11.8813323201218,2022,2,0,1,4.04021210962119,-0.688522165541457,-1.51711051556115,-15.2118077509406,14.2728278271871,-0.580774580481483,-1.60860744140797
"DE94B","2023",0,0,144543,11.8813323201218,2023,3,0,0,4.14075571606289,-0.689505098026356,-1.52478316579011,-15.2363888692549,14.9697910171406,-0.581094348806796,-1.61857911103229
"DE94C","2019",0,0,169103,12.038263275711,2019,-1,0,2,9.00217095913593,-0.711929017174437,-1.75795064084155,-16.012976323894,14.6906870381461,-0.580969874824719,-1.6146488180674
"DE94C","2020",0,0,169103,12.038263275711,2020,0,0,0,9.19871328713122,-0.712357618878782,-1.7641703759641,-16.0345741721435,15.5237020713083,-0.581328340916569,-1.62614451469118
"DE94C","2021",19,0,169103,12.038263275711,2021,1,0,0,9.45579709433125,0.719557532729771,0.565573940275561,0.69781102923979,16.1604529075756,0.102188819715596,0.0968027908810722
"DE94C","2022",10,0,169103,12.038263275711,2022,2,0,0,9.72006582858159,0.0205460459100589,0.0203570536609508,0.0283928020568085,16.8233219742511,-0.23597776932046,-0.277958646402994
"DE94C","2023",25,1,169103,12.038263275711,2023,3,0,0,12.4592630890935,0.722248269158535,0.567312219615278,0.696411495385186,20.5105034556241,0.127583704304776,0.119369357771769
"DE94D","2019",0,0,132008,11.7906178057926,2019,-1,0,1,3.18350669260984,-0.677902610591232,-1.44188402263624,-14.9734938807175,11.5541639994931,-0.579166554164017,-1.56379295633569
"DE94D","2020",12,1,132008,11.7906178057926,2020,0,0,0,4.06849043936037,1.34281951957042,0.92161000211855,1.08163470188709,14.1922277998107,-0.0897043627623852,-0.0947234688284853
"DE94D","2021",0,0,132008,11.7906178057926,2021,1,1,0,3.40191194259499,-0.681065891221371,-1.46297762503192,-15.0398481675921,12.591138790589,-0.57986017914507,-1.58214341519645
"DE94D","2022",1,0,132008,11.7906178057926,2022,2,0,1,3.45795193630945,-0.484645212276951,-0.674525512038033,-1.2406754878907,13.0350653840816,-0.535619155257323,-1.02271169268678
"DE94D","2023",1,0,132008,11.7906178057926,2023,3,0,0,3.54400557635243,-0.490233693151165,-0.686540088881763,-1.26525660620497,13.6715868121645,-0.538014670062198,-1.03713243816344
"DE94E","2019",10,0,354821,12.7793687159411,2019,-1,2,0,21.5044854357434,-0.387259143756027,-0.489718894037341,-0.765676345298721,31.1688057253811,-0.396993636990501,-0.55750399209501
"DE94E","2020",17,2,354821,12.7793687159411,2020,0,0,2,33.6088722365511,-0.359305441474514,-0.444112117863405,-0.681576683892378,44.0119903772502,-0.359326019433364,-0.480186988619545
"DE94E","2021",32,2,354821,12.7793687159411,2021,1,2,0,35.3325803859156,-0.0686040189862278,-0.070869889778108,-0.0990695613345976,46.3286121134889,-0.181110032229205,-0.203995898931341
"DE94E","2022",0,2,354821,12.7793687159411,2022,2,2,2,36.5374011097612,-0.72753102951939,-2.13274061577505,-17.4138469818571,47.5130111964747,-0.585635966095323,-1.84581663977606
"DE94E","2023",126,2,354821,12.7793687159411,2023,3,2,2,37.5585411202487,1.71350054351613,1.10303976506936,1.2103811026162,49.4618987410799,0.906350983325079,0.648709255346795
"DE94F","2019",3,0,146539,11.8950468836153,2019,-1,0,0,4.07031362064425,-0.181129678082949,-0.198706032492168,-0.305107431153753,12.9222750770846,-0.445393846214509,-0.675462721395482
"DE94F","2020",0,0,146539,11.8950468836153,2020,0,0,0,4.18406993518852,-0.689915228224991,-1.5280262124759,-15.2467949994984,13.4523206437937,-0.580356462578664,-1.59615354746283
"DE94F","2021",4,0,146539,11.8950468836153,2021,1,0,0,4.30100548855926,-0.048358498674159,-0.0494671458603584,-0.0725542187932846,14.004107606744,-0.414793619460645,-0.5980158338254
"DE94F","2022",0,0,146539,11.8950468836153,2022,2,0,0,4.42120913349012,-0.692029757004078,-1.54515600385499,-15.3019237762564,14.5785277540007,-0.580918535195442,-1.6130460794771
"DE94F","2023",10,0,146539,11.8950468836153,2023,3,0,0,4.54477220595323,0.831890147919084,0.635888201719328,0.788607586322891,15.1765094529708,-0.198234159721934,-0.22629860284628
"DE94G","2019",1,0,88936,11.3956722889135,2019,-1,0,0,7.65784037698471,-0.615925310785443,-1.03612236374793,-2.03572900888233,7.84265933475455,-0.501882399043283,-0.860530403861435
"DE94G","2020",0,0,88936,11.3956722889135,2020,0,0,0,7.87186017492749,-0.709068597293179,-1.71898733809807,-15.8788049552251,8.16434934574712,-0.575707227018409,-1.48788093270687
"DE94G","2021",22,1,88936,11.3956722889135,2021,1,0,0,10.0902173554818,0.84287343533913,0.642711649533095,0.779476123006244,9.95373658812249,0.69929179180059,0.529603995063921
"DE94G","2022",20,1,88936,11.3956722889135,2022,2,1,0,10.5206452856334,0.644087538759436,0.516319226644736,0.642392779187042,10.3420567491855,0.539937647510784,0.429517314081712
"DE94G","2023",18,1,88936,11.3956722889135,2023,3,1,1,10.8469854514992,0.471743687995861,0.397020008392058,0.506484610641041,10.6860613575849,0.395936555986353,0.331064043271443
"DE94H","2019",4,0,55969,10.9325532450115,2019,-1,0,0,2.16959807402487,0.553552242407536,0.454596363104228,0.611752680066089,4.93552442550685,-0.10770398982331,-0.115095432252032
"DE94H","2020",3,0,55969,10.9325532450115,2020,0,0,0,2.23023356896355,0.227077815049054,0.207035486283617,0.296506302568615,5.13796964707341,-0.236744769052301,-0.279083622367365
"DE94H","2021",0,0,55969,10.9325532450115,2021,1,0,0,2.29256369264037,-0.659652072580236,-1.33603826787765,-14.645181265776,5.34871876184396,-0.56965262029711,-1.39147143194749
"DE94H","2022",3,0,55969,10.9325532450115,2022,2,0,0,2.35663580620185,0.180552213998165,0.167493661125102,0.24137752581061,5.5681123787092,-0.263048506819443,-0.317479398415687
"DE94H","2023",0,0,55969,10.9325532450115,2023,3,0,0,2.4224985944344,-0.663035736841204,-1.35396601710993,-14.7003100425341,5.79650507764706,-0.570992250742575,-1.41014044983403
"DEA11","2019",81,1,618685,13.3353515368418,2019,-1,4,3,39.6845617508098,0.757865101248792,0.589990462209519,0.713486927731171,61.9968196555588,0.179659886767762,0.164054310008026
"DEA11","2020",10,1,618685,13.3353515368418,2020,0,1,4,39.2081078056591,-0.542242358196265,-0.807366915849624,-1.36629836419265,64.4306519524124,-0.495211489341951,-0.83373678071065
"DEA11","2021",57,2,618685,13.3353515368418,2021,1,1,1,49.8094998330598,0.105229682915921,0.100576922520058,0.134845559840125,80.3340265041778,-0.170356706750981,-0.190320344670612
"DEA11","2022",25,3,618685,13.3353515368418,2022,2,2,1,64.7598934994156,-0.448090630754442,-0.59884354826243,-0.951810619397196,97.7522231979481,-0.43667110300752,-0.652127889124864
"DEA11","2023",47,1,618685,13.3353515368418,2023,3,3,2,43.5551409131115,0.0576090879455221,0.0561651863223506,0.0761198804297579,73.499987312137,-0.211417556853618,-0.243929293514979
"DEA12","2019",213,2,502270,13.1268931026907,2019,-1,2,3,74.2618340965185,1.36422406902032,0.932868431285697,1.05369502365008,59.1722809518257,1.52353733763725,0.952594983220957
"DEA12","2020",70,0,502270,13.1268931026907,2020,0,2,2,48.9482239185943,0.313474623814625,0.277419122040378,0.357732171600184,45.2492464033916,0.320277487065072,0.275614880288051
"DEA12","2021",32,1,502270,13.1268931026907,2021,1,0,2,60.9843639677489,-0.346785958718898,-0.424466454236984,-0.644881568868288,55.3797290204767,-0.247365518167843,-0.294293876530871
"DEA12","2022",29,2,502270,13.1268931026907,2022,2,1,0,78.8172373876166,-0.461640599974509,-0.625395627389646,-0.999835857046435,68.4026454327597,-0.337722069868264,-0.439929597245856
"DEA12","2023",64,2,502270,13.1268931026907,2023,3,2,1,82.4249481697695,-0.163289212416913,-0.177287708519929,-0.253005061156055,70.5417434797274,-0.0543735103547509,-0.056146947473494
"DEA13","2019",18,0,574682,13.2615721233163,2019,-1,5,3,19.6716809906692,-0.0614445049772247,-0.0632511153123528,-0.0888082749149263,49.0776352055585,-0.370887378489511,-0.502865147709703
"DEA13","2020",45,4,574682,13.2615721233163,2020,0,0,5,45.8097740993957,-0.0128793787131148,-0.0129556111777142,-0.0178349646430382,95.600356859937,-0.31053580470315,-0.392661037176233
"DEA13","2021",43,3,574682,13.2615721233163,2021,1,4,0,39.3805896032896,0.0669012710322,0.0649674391893686,0.0879270936999043,87.5384782436825,-0.298457160624549,-0.372713365160374
"DEA13","2022",33,3,574682,13.2615721233163,2022,2,3,4,40.389172180324,-0.133193355070174,-0.1422437213576,-0.202054141936551,88.6144915765609,-0.368162209356836,-0.497440583524966
"DEA13","2023",32,6,574682,13.2615721233163,2023,3,3,3,80.2595391228728,-0.439196111329046,-0.581902990517442,-0.919529688470948,149.2895697299,-0.461242063241689,-0.720426260848475
"DEA14","2019",15,1,231406,12.3519290225326,2019,-1,0,0,20.5726198112266,-0.195971904202456,-0.21680519002313,-0.315910788565419,23.898283496661,-0.217282076478274,-0.251912097929693
"DEA14","2020",40,1,231406,12.3519290225326,2020,0,1,0,21.450205481701,0.625976161565176,0.504260141397228,0.623145254219313,24.8306153113914,0.3565997793646,0.302591629539687
"DEA14","2021",4,1,231406,12.3519290225326,2021,1,1,1,22.1155699555239,-0.593148799058133,-0.954615362055705,-1.70998727221849,25.6565483248788,-0.49281910924658,-0.824859119861572
"DEA14","2022",42,0,231406,12.3519290225326,2022,2,1,1,18.231277837621,0.941682210644583,0.701853748314222,0.834530960542315,22.8060526279942,0.490964861901144,0.396986073162005
"DEA14","2023",9,0,231406,12.3519290225326,2023,3,0,1,18.4764008814447,-0.370530655512665,-0.462136644174323,-0.719269601300926,23.7873359823577,-0.362755558457486,-0.486833280927618
"DEA15","2019",3,0,267213,12.4958013721557,2019,-1,1,1,12.928733331545,-0.551467316697334,-0.83190853749674,-1.4608396024527,23.3430931670202,-0.50847473325543,-0.886903966437588
"DEA15","2020",14,1,267213,12.4958013721557,2020,0,0,1,16.3383551903285,-0.10320459758842,-0.108491636732489,-0.154458021774715,28.5141495619784,-0.297383604250356,-0.370971771521757
"DEA15","2021",3,0,267213,12.4958013721557,2021,1,1,0,13.6207958456526,-0.560501767819837,-0.85658283556201,-1.51298510914598,25.4872126662751,-0.515098928548308,-0.916024303896713
"DEA15","2022",63,2,267213,12.4958013721557,2022,2,0,1,21.5279435174635,1.39451223522114,0.948268861397737,1.07378295252122,36.1895527600579,0.4333698444194,0.357499022565154
"DEA15","2023",9,0,267213,12.4958013721557,2023,3,2,0,14.5987409411289,-0.27602594181273,-0.321122995584213,-0.483710599639373,27.56775144547,-0.393418340494699,-0.549714755786946
"DEA16","2019",4,0,173050,12.0613358490635,2019,-1,2,3,6.55014763960214,-0.2742974546149,-0.318788487856441,-0.493192978670543,14.8641474480239,-0.424685554293575,-0.621842823328306
"DEA16","2020",0,1,173050,12.0613358490635,2020,0,0,2,8.13648881875018,-0.709806220332185,-1.72864117287836,-15.9118692958731,18.3285016173216,-0.582299076202136,-1.66036016659324
"DEA16","2021",11,0,173050,12.0613358490635,2021,1,1,0,6.76294046949613,0.441931476375841,0.375280101459835,0.486437587534567,16.505791828612,-0.194037811489031,-0.22077178093276
"DEA16","2022",13,3,173050,12.0613358490635,2022,2,0,1,13.3286975992604,-0.0177194719887723,-0.017864360195497,-0.0249699905510209,27.447549185398,-0.30745069086534,-0.387511757999436
"DEA16","2023",11,1,173050,12.0613358490635,2023,3,3,0,9.16793163895238,0.142340394630099,0.134043320171485,0.182183660247125,20.8681641684798,-0.275668830459447,-0.336629306209369
"DEA17","2019",13,0,213646,12.2720757186877,2019,-1,2,1,5.44727210614892,0.969451110345424,0.717968564057146,0.869834481998755,18.6276526402774,-0.175946153531472,-0.197399326535551
"DEA17","2020",1,0,213646,12.2720757186877,2020,0,0,2,5.45888769679101,-0.57116947635123,-0.888857153631682,-1.69724405046743,19.3216312509698,-0.552424625289228,-1.13805767922246
"DEA17","2021",8,1,213646,12.2720757186877,2021,1,0,0,6.95562363765544,0.10602051530959,0.101297458001024,0.139891177796574,23.9113070871865,-0.388318963305207,-0.538783655792561
"DEA17","2022",0,1,213646,12.2720757186877,2022,2,1,0,7.25233624351854,-0.707142115890635,-1.69490773958803,-15.7968342154079,24.8441469847584,-0.583716822545949,-1.72150836685629
"DEA17","2023",0,0,213646,12.2720757186877,2023,3,1,1,5.99642660347446,-0.702090793037645,-1.63824618019467,-15.6066742836848,21.9193919097682,-0.583183465559126,-1.69655987659575
"DEA18","2019",1,0,113828,11.6424438161043,2019,-1,0,0,2.15902455302652,-0.352059101446639,-0.433739635225887,-0.769655523875416,10.0377150620271,-0.52032769993953,-0.941313425544234
"DEA18","2020",0,1,113828,11.6424438161043,2020,0,0,0,2.76745604364855,-0.670664382296047,-1.39701452707433,-14.833439060385,12.2376894278896,-0.579636692542576,-1.57608307538839
"DEA18","2021",2,0,113828,11.6424438161043,2021,1,1,0,2.31403807034012,-0.0896003183336978,-0.0935614764723958,-0.145846400254427,10.8571006776495,-0.472037848811782,-0.753872887266319
"DEA18","2022",4,0,113828,11.6424438161043,2022,2,0,1,2.35215742237072,0.463245295876656,0.390646406716512,0.530961652043208,11.2398901774078,-0.372904127242319,-0.506957160027573
"DEA18","2023",0,0,113828,11.6424438161043,2023,3,0,0,2.41069256452343,-0.662741301477424,-1.35237955893594,-14.6954246353552,11.788750557959,-0.579333919480915,-1.56809969613033
"DEA19","2019",0,0,165626,12.0174875134402,2019,-1,1,0,11.9586987593072,-0.716936205587344,-1.83858335443451,-16.2969695011786,14.5772907391366,-0.580917964637836,-1.61302832673954
"DEA19","2020",34,0,165626,12.0174875134402,2020,0,0,1,12.1556954525236,1.28881396403136,0.893864459720854,1.02856273255115,15.0912432201477,0.72815532890429,0.546893706494759
"DEA19","2021",28,3,165626,12.0174875134402,2021,1,0,0,24.155249094529,0.115372326167799,0.109819363280281,0.147702835598101,25.4243427563833,0.0591437033890834,0.0572687532417702
"DEA19","2022",20,0,165626,12.0174875134402,2022,2,3,0,13.3640687475266,0.356802097899044,0.311255765004228,0.403162654839952,16.3823647210273,0.128445116523819,0.120125405658584
"DEA19","2023",2,1,165626,12.0174875134402,2023,3,0,3,16.5628977227971,-0.634164737284318,-1.10713635999901,-2.1140174363502,19.6431474435322,-0.523335395694608,-0.955420031579171
"DEA1A","2019",9,2,358193,12.7888272262626,2019,-1,1,2,38.5464154134078,-0.557874277891041,-0.849033403112653,-1.4546384218536,42.5974011301968,-0.461710250383885,-0.721833331881107
"DEA1A","2020",56,1,358193,12.7888272262626,2020,0,2,1,32.1349884251838,0.539764719068025,0.445340760993573,0.555406289962548,38.0754480955535,0.275450048576703,0.241345834398745
"DEA1A","2021",42,0,358193,12.7888272262626,2021,1,1,2,26.1952135913692,0.437703257588047,0.372198292734176,0.472092935367528,33.6578903029837,0.14493472938331,0.134487405175192
"DEA1A","2022",53,1,358193,12.7888272262626,2022,2,0,1,33.0049197941307,0.44041242991578,0.374192207734825,0.473635297394954,41.4225081697183,0.163597055920151,0.150488570652631
"DEA1A","2023",8,0,358193,12.7888272262626,2023,3,1,0,27.5152100184544,-0.51478144535705,-0.739958810318509,-1.23529727667408,37.0252766121382,-0.458629780597315,-0.712732153125993
"DEA1B","2019",6,0,322018,12.6823627235853,2019,-1,0,1,9.6541613780617,-0.269983428628541,-0.312842164927296,-0.475629417390092,28.1850250196107,-0.459829677047196,-0.716271952391855
"DEA1B","2020",1,0,322018,12.6823627235853,2020,0,0,0,9.89441218068887,-0.641607218043368,-1.1414509948586,-2.29196917159957,29.5613412748358,-0.564589001169546,-1.2540188906698
"DEA1B","2021",0,0,322018,12.6823627235853,2021,1,0,0,10.1709392420309,-0.714243286108633,-1.79291385240836,-16.1350451179424,30.7738876565862,-0.584489623551987,-1.76342044510144
"DEA1B","2022",7,1,322018,12.6823627235853,2022,2,0,0,13.0371964670264,-0.332586851004922,-0.40275104252636,-0.621896246611413,37.5186262314576,-0.475914180953603,-0.766136492780592
"DEA1B","2023",38,1,322018,12.6823627235853,2023,3,1,0,13.5933364680378,1.29058946877334,0.894798722156415,1.02800647895799,38.9823216841228,-0.0147458912148673,-0.0148710454008642
"DEA1C","2019",1,2,490910,13.1040160905863,2019,-1,0,1,18.9765699053561,-0.684618989877914,-1.38771129987417,-2.94320405531994,58.9322232935563,-0.576101556200433,-1.42608249069592
"DEA1C","2020",1,1,490910,13.1040160905863,2020,0,2,0,16.046586435825,-0.675968719071674,-1.32702920950217,-2.77549514383009,52.5747588580532,-0.574696590346275,-1.39883394381297
"DEA1C","2021",28,2,490910,13.1040160905863,2021,1,1,2,20.3998160228855,0.269510108294903,0.242137851305094,0.316678663565991,63.2680349212078,-0.326749805893709,-0.420432161357391
"DEA1C","2022",29,3,490910,13.1040160905863,2022,2,2,1,26.4438434920339,0.0701321217348134,0.0680120243999798,0.0922724934833509,77.5637746027538,-0.367188758828403,-0.495515545011033
"DEA1C","2023",17,0,490910,13.1040160905863,2023,3,3,2,14.2628326613228,0.138066748769686,0.130238856656926,0.175556363769143,49.7981513836716,-0.38577655031067,-0.533397551787664
"DEA1D","2019",26,0,457077,13.0326071458366,2019,-1,0,0,13.26167389998,0.690102296178171,0.5465585635182,0.673218362891595,40.3065035615679,-0.207733267010866,-0.238959304247421
"DEA1D","2020",7,1,457077,13.0326071458366,2020,0,0,0,16.9989264512755,-0.424421622328223,-0.554602839409516,-0.887239900224761,49.1405134995916,-0.502272953803238,-0.861205389283657
"DEA1D","2021",8,0,457077,13.0326071458366,2021,1,1,0,14.213834779216,-0.314495772282203,-0.375809903294426,-0.574774103850928,43.5967512952702,-0.478016864079464,-0.773044892054966
"DEA1D","2022",14,1,457077,13.0326071458366,2022,2,0,1,18.0160357978755,-0.160982902683508,-0.174560102125263,-0.252204837916113,52.8577492209238,-0.430680559078815,-0.636751147962198
"DEA1D","2023",8,2,457077,13.0326071458366,2023,3,1,0,23.3538003701325,-0.476366552197602,-0.655400018340714,-1.07131806094249,64.8012310116228,-0.513831608499367,-0.910191142886474
"DEA1E","2019",1,0,297857,12.6043687845433,2019,-1,2,0,3.14654609739288,-0.462067619593039,-0.627890494934154,-1.1463043742492,26.1648745901309,-0.561602068912852,-1.22158423398857
"DEA1E","2020",0,1,297857,12.6043687845433,2020,0,0,2,3.94372746253447,-0.687536028832231,-1.50954960330718,-15.1876368905256,31.5473707381137,-0.584569183478343,-1.76822367008586
"DEA1E","2021",1,0,297857,12.6043687845433,2021,1,1,0,3.27797341717905,-0.472080178870084,-0.648211022123121,-1.18722437082588,28.4100874700659,-0.563656058914138,-1.24353402795242
"DEA1E","2022",0,0,297857,12.6043687845433,2022,2,0,1,3.33197176069725,-0.68009334834285,-1.456385760763,-15.0190748070521,29.4117437587601,-0.584339429460288,-1.75463011698927
"DEA1E","2023",7,2,297857,12.6043687845433,2023,3,0,0,5.30983386587716,0.222303222149602,0.203103073474302,0.27634974417683,42.3096229149774,-0.488527458253897,-0.80920511736776
"DEA1F","2019",279,5,457918,13.0344454077656,2019,-1,1,0,85.7935450918383,1.64525084902556,1.07101070614842,1.17926801377161,88.7907437322298,1.25667106041299,0.828913055757327
"DEA1F","2020",89,2,457918,13.0344454077656,2020,0,5,1,48.2889994617141,0.614443541257981,0.496522123317647,0.611432600665402,56.6773598568449,0.334178536027733,0.286019983603109
"DEA1F","2021",0,1,457918,13.0344454077656,2021,1,2,5,38.6044408673375,-0.727813355743055,-2.14635998975325,-17.4688778761941,49.1794814928725,-0.5857076025332,-1.8522117271977
"DEA1F","2022",5,0,457918,13.0344454077656,2022,2,1,2,31.0955749988416,-0.609775520554983,-1.01139367601592,-1.82762741363247,44.7935765673979,-0.520151474847493,-0.939582657319398
"DEA1F","2023",1,1,457918,13.0344454077656,2023,3,0,1,39.1791788682833,-0.709308212676039,-1.63110551302684,-3.66814445436678,55.1271120860913,-0.575299450481442,-1.4102044837028
"DEA22","2019",74,1,323336,12.6864473092001,2019,-1,0,2,31.929185255407,0.95761528973987,0.711189107869206,0.84054461690261,32.896613406267,0.730564938030716,0.548329877007082
"DEA22","2020",21,1,323336,12.6864473092001,2020,0,1,0,33.09317667045,-0.265660087724776,-0.306929314549488,-0.454804632903476,34.6950028621731,-0.230857832942837,-0.270729566916283
"DEA22","2021",65,1,323336,12.6864473092001,2021,1,1,1,34.119694766104,0.658120135135361,0.525624390251851,0.644512508590577,35.8490519224783,0.475656409374472,0.386624556228584
"DEA22","2022",18,0,323336,12.6864473092001,2022,2,1,1,28.1270451662176,-0.261379533054927,-0.301136548460454,-0.44635976145018,31.866147950032,-0.254381608939492,-0.304551811540859
"DEA22","2023",8,1,323336,12.6864473092001,2023,3,0,1,35.544832010636,-0.563673163230369,-0.865204149543383,-1.49135310658653,38.9252659067091,-0.464904825879436,-0.731457417542402
"DEA23","2019",100,5,1024621,13.8398333460804,2019,-1,3,1,129.743076885847,-0.167658240355783,-0.182478940322861,-0.260385967299839,196.435889484955,-0.288295052174581,-0.356381592470416
"DEA23","2020",53,2,1024621,13.8398333460804,2020,0,5,3,71.1921017408552,-0.186568908653129,-0.205269727004917,-0.295089949238662,124.936744590328,-0.337957334874585,-0.440353680545119
"DEA23","2021",102,3,1024621,13.8398333460804,2021,1,2,5,87.969842755998,0.116527184016365,0.11086738744066,0.147978763298232,150.928811950485,-0.190325483467493,-0.215914467530202
"DEA23","2022",64,3,1024621,13.8398333460804,2022,2,3,2,90.9052193526542,-0.216266275119963,-0.242174525438909,-0.350934319171434,160.374520830029,-0.352825928904011,-0.467795220424002
"DEA23","2023",92,2,1024621,13.8398333460804,2023,3,3,3,75.1628795766473,0.163583136127093,0.152786075545328,0.202131101485547,141.494573211601,-0.205347378487483,-0.235757928589104
"DEA24","2019",0,0,168581,12.0351716254356,2019,-1,0,0,10.2750868646005,-0.714424911655131,-1.79581097569595,-16.1452327722866,14.8660087401306,-0.581048600845482,-1.61712720901764
"DEA24","2020",20,1,168581,12.0351716254356,2020,0,0,0,13.1706937758494,0.372485192535918,0.32329055736044,0.41773813068593,18.1242042506506,0.0602597636065102,0.0583153384929908
"DEA24","2021",6,0,168581,12.0351716254356,2021,1,1,0,11.0128169443032,-0.325734524455385,-0.392459963322359,-0.607300135366901,16.0795313045897,-0.364545647167637,-0.490339777185519
"DEA24","2022",0,0,168581,12.0351716254356,2022,2,0,1,11.1942320434449,-0.715886331749861,-1.82004875566127,-16.2309092074883,16.6464483782336,-0.581755586725173,-1.6406027454674
"DEA24","2023",57,2,168581,12.0351716254356,2023,3,0,0,17.8391405077014,1.58510260292723,1.04229716143506,1.16165633720656,23.9463854823952,0.80550748012645,0.592080793737828
"DEA26","2019",0,0,279285,12.5399880447983,2019,-1,0,2,3.73424862720488,-0.685236160241979,-1.49241778865183,-15.1330571855498,24.2626596183902,-0.583620916192733,-1.7168152056283
"DEA26","2020",6,2,279285,12.5399880447983,2020,0,0,0,5.93317602814798,0.00790402161235196,0.00787575738769999,0.0111999797261214,35.1644855670542,-0.485096399659125,-0.797102957171391
"DEA26","2021",0,0,279285,12.5399880447983,2021,1,2,0,4.0354847248317,-0.688474850405385,-1.51674465789955,-15.210636982541,26.5873415696931,-0.583979435716054,-1.73488423686978
"DEA26","2022",6,0,279285,12.5399880447983,2022,2,0,2,4.0561724908824,0.33003463176811,0.290407434913339,0.391519843172218,27.3724134893107,-0.456055744848277,-0.705261347478727
"DEA26","2023",0,0,279285,12.5399880447983,2023,3,0,0,4.14472997193084,-0.68954305558595,-1.52508226555666,-15.2373481989363,28.9245282318902,-0.5842823031791,-1.75137678927547
"DEA27","2019",19,2,477988,13.077340906556,2019,-1,1,1,10.9013034135165,0.5315128890935,0.439556116625235,0.555556670490251,57.2704353752449,-0.391586651330972,-0.545754988072299
"DEA27","2020",8,1,477988,13.077340906556,2020,0,2,1,9.11524183847503,-0.0871343233239343,-0.09085067831102,-0.130506273021491,50.8095001418158,-0.493542657073567,-0.827491241294559
"DEA27","2021",1,1,477988,13.077340906556,2021,1,1,2,9.26539801651655,-0.63560015983936,-1.11493597616853,-2.22628581796422,52.6008939696624,-0.574703058832385,-1.39895355575407
"DEA27","2022",1,2,477988,13.077340906556,2022,2,1,1,11.841088110345,-0.65624966201955,-1.21231358970955,-2.47157452644527,64.6108078199244,-0.577123383147503,-1.44772009110653
"DEA27","2023",0,1,477988,13.077340906556,2023,3,2,1,9.9010528981937,-0.713755530886189,-1.78525059788524,-16.1081516628026,57.3217721775569,-0.585997990436842,-1.88038720638543
"DEA28","2019",1,2,202609,12.2190332923175,2019,-1,0,1,12.5545920707859,-0.660504788486793,-1.23489457970392,-2.53008550070712,24.3225822030192,-0.559635571270349,-1.2018637370016
"DEA28","2020",6,0,202609,12.2190332923175,2020,0,2,0,8.51364354027949,-0.209857507638864,-0.234106079771975,-0.34991036315528,18.5279686966701,-0.393769618042079,-0.550489096419804
"DEA28","2021",19,0,202609,12.2190332923175,2021,1,0,2,8.55728842504799,0.867519263846844,0.657657348493783,0.797655664602229,19.0750631819605,-0.00229226259385012,-0.00229524944612678
"DEA28","2022",6,0,202609,12.2190332923175,2022,2,0,0,8.74411773500231,-0.223235331726704,-0.251062980402278,-0.376621579550628,20.156688183421,-0.409310841249094,-0.585207542861856
"DEA28","2023",8,0,202609,12.2190332923175,2023,3,0,0,8.98849659623551,-0.0782899860610133,-0.0812670416897622,-0.11650393714451,20.9834747320301,-0.360718575173504,-0.482883648753564
"DEA29","2019",1,0,263681,12.4824953181718,2019,-1,0,0,6.12148703569531,-0.58789180671015,-0.939772263347378,-1.81180404669873,23.2522291990579,-0.55835106289814,-1.18958648613572
"DEA29","2020",6,1,263681,12.4824953181718,2020,0,0,0,7.84657417133281,-0.166851545792667,-0.181529024495557,-0.268317389349301,28.3484396285217,-0.460562636831028,-0.718438601528861
"DEA29","2021",6,0,263681,12.4824953181718,2021,1,1,0,6.56099720025668,-0.0602456365234552,-0.0619819606838557,-0.0893829677428504,25.1503247336622,-0.444499230331931,-0.672951491221735
"DEA29","2022",0,0,263681,12.4824953181718,2022,2,0,1,6.66907708241334,-0.705019608243473,-1.6700628686101,-15.7129920398642,26.0370513570392,-0.58390029509565,-1.73076864877844
"DEA29","2023",12,0,263681,12.4824953181718,2023,3,0,0,6.83504189894036,0.533236844046093,0.440741439763568,0.562844132907094,27.3084788968725,-0.327420334779848,-0.421610596132566
"DEA2A","2019",27,1,274057,12.5210913929322,2019,-1,2,0,10.1841724551048,1.1793774489139,0.835677783961931,0.975002108003405,28.1940899565171,-0.0247420288247274,-0.0250979936245043
"DEA2A","2020",7,1,274057,12.5210913929322,2020,0,1,2,10.3828659567897,-0.232828494697217,-0.263406755610903,-0.394246651452644,28.9706875383513,-0.443110112746952,-0.669192844968505
"DEA2A","2021",0,4,274057,12.5210913929322,2021,1,1,1,20.632362375391,-0.723502433424756,-1.98661855458505,-16.842371390144,48.8071578410304,-0.585692019628392,-1.85080370174663
"DEA2A","2022",15,4,274057,12.5210913929322,2022,2,4,1,22.1325983703198,-0.233361451458615,-0.264085983845237,-0.389001293333816,50.5160494485833,-0.411828325561274,-0.591015918312136
"DEA2A","2023",1,2,274057,12.5210913929322,2023,3,4,4,14.7633916497272,-0.671120041224173,-1.29619485937917,-2.69214957934282,37.4914720420137,-0.569466326725175,-1.31536172078351
"DEA2B","2019",27,0,284273,12.5576903230271,2019,-1,2,1,10.5946381850072,1.10708726809836,0.796120628680883,0.935488861502405,24.7855737950141,0.0521503715318669,0.0506831703860917
"DEA2B","2020",12,2,284273,12.5576903230271,2020,0,0,2,16.508795837891,-0.196976054484667,-0.218046344028951,-0.318986586832263,35.2612177422194,-0.385850382332539,-0.533556019435254
"DEA2B","2021",9,1,284273,12.5576903230271,2021,1,2,0,13.918252919865,-0.254111702108666,-0.291390559622253,-0.435976449951692,31.6934306603588,-0.418579215966167,-0.606966128572232
"DEA2B","2022",0,0,284273,12.5576903230271,2022,2,1,2,11.3795250981697,-0.716153316104038,-1.82466737149975,-16.2473262545236,27.8076083306266,-0.584143858608056,-1.74368553275498
"DEA2B","2023",9,2,284273,12.5576903230271,2023,3,0,1,17.8785776181947,-0.358594415294522,-0.442998437247529,-0.686378526578547,40.0792397221708,-0.453824688832588,-0.6988467622745
"DEA2C","2019",73,3,605441,13.3137123970956,2019,-1,1,1,43.6689685077311,0.489238085836895,0.409619929165738,0.513821707785804,84.9555300646313,-0.0825461558045342,-0.0867616828406339
"DEA2C","2020",11,1,605441,13.3137123970956,2020,0,3,1,29.7017068979687,-0.457328843177432,-0.616861404111557,-0.993309151761862,64.2336055721776,-0.485802483950344,-0.799547528332103
"DEA2C","2021",88,3,605441,13.3137123970956,2021,1,1,3,46.4201236213775,0.65267829727814,0.522031083106309,0.639603761893163,90.7012240137474,-0.0174712042853493,-0.0176473802989749
"DEA2C","2022",10,0,605441,13.3137123970956,2022,2,3,1,25.1693177238756,-0.437048813217446,-0.57788916623851,-0.923040509066503,59.4391270978804,-0.487462085400484,-0.805399049995353
"DEA2C","2023",3,1,605441,13.3137123970956,2023,3,0,3,31.1009349113577,-0.65652257906774,-1.21167045289602,-2.33862525819041,71.8049511028436,-0.561854635845943,-1.22342856165992
"DEA2D","2019",10,2,582410,13.2749299460469,2019,-1,3,4,34.1031633166465,-0.513932968660293,-0.737962240734909,-1.226804952877,67.9712031226777,-0.500020016714069,-0.852249458191794
"DEA2D","2020",10,2,582410,13.2749299460469,2020,0,2,3,34.4587337183452,-0.516174443607227,-0.743207903306664,-1.23717729100995,71.4279397448088,-0.504255921689626,-0.869217105251125
"DEA2D","2021",54,0,582410,13.2749299460469,2021,1,2,2,22.7127949978258,0.997795164135084,0.734468500748258,0.86605564309809,54.6211907604306,-0.00666339630040303,-0.00668874505603187
"DEA2D","2022",5,2,582410,13.2749299460469,2022,2,0,2,35.2861462829588,-0.624280525314969,-1.06600463239461,-1.95405231790053,78.290122853367,-0.549013832253734,-1.11064587617801
"DEA2D","2023",39,1,582410,13.2749299460469,2023,3,2,0,29.7490812386419,0.225863579159591,0.206105376948467,0.27076342299064,70.3686015095627,-0.261368764180384,-0.31491638028636
"DEA31","2019",0,0,118535,11.6829635545973,2019,-1,0,0,3.08769603815827,-0.676389434695286,-1.43213331645832,-14.942935752043,10.4527932923128,-0.57828276617431,-1.54218805326872
"DEA31","2020",0,0,118535,11.6829635545973,2020,0,0,0,3.17399035217681,-0.677755958055097,-1.44092975933338,-14.970500140422,10.8815457148751,-0.578647591699366,-1.55088590032497
"DEA31","2021",0,0,118535,11.6829635545973,2021,1,0,0,3.26269640249967,-0.679093307684065,-1.44970767048349,-14.998064528801,11.3278846939408,-0.578998693445974,-1.55954591545941
"DEA31","2022",14,1,118535,11.6829635545973,2022,2,0,0,4.18215201167154,1.6195743569269,1.05849330898878,1.20823145166128,13.8106266120087,0.0079605209690789,0.00792486100214321
"DEA31","2023",1,0,118535,11.6829635545973,2023,3,1,0,3.49695128606221,-0.487209550345463,-0.680013904937937,-1.2518905277766,12.2525877480012,-0.5323382904598,-1.00379279612484
"DEA32","2019",11,0,267930,12.498481031346,2019,-1,0,4,12.1461516352866,-0.0676749558451293,-0.0698786117456507,-0.0991170180705847,22.9306927407352,-0.303530496773908,-0.381023366129025
"DEA32","2020",46,1,267930,12.498481031346,2020,0,0,0,15.3843580172052,1.43361572817977,0.967956869106201,1.09529013816332,28.8052511545004,0.348767726837532,0.296831885902037
"DEA32","2021",8,1,267930,12.498481031346,2021,1,1,0,16.0406231049399,-0.361357548367961,-0.447395214623416,-0.69568278194541,29.9290160511044,-0.428188967346508,-0.630492455283936
"DEA32","2022",3,0,267930,12.498481031346,2022,2,1,1,13.2628184757335,-0.55594394631575,-0.844017373880234,-1.4863518949008,26.4056492943937,-0.517609492328294,-0.927602899574978
"DEA32","2023",2,0,267930,12.498481031346,2023,3,0,1,13.4411396259791,-0.611709924395074,-1.01896879487463,-1.90517244454004,27.5418136511288,-0.541693093315726,-1.05973385763203
"DEA33","2019",82,0,308258,12.6386923736501,2019,-1,2,2,47.3813969695949,0.532444496959393,0.440223148347164,0.548489576790345,26.6765854059399,1.21111563362077,0.806734656460713
"DEA33","2020",51,2,308258,12.6386923736501,2020,0,0,2,73.6107953565427,-0.224293128806029,-0.252398356985778,-0.366966038686765,38.236316705354,0.195320466508721,0.177103103268185
"DEA33","2021",51,0,308258,12.6386923736501,2021,1,2,0,49.7689810407084,0.0180299884449308,0.017884213195391,0.0244337330345913,29.3455099185079,0.431187143732896,0.355974750599182
"DEA33","2022",88,0,308258,12.6386923736501,2022,2,0,2,50.0241199165952,0.553387915385015,0.454818043346335,0.564831538398462,30.2120251262615,1.11786566604504,0.760251707836201
"DEA33","2023",80,0,308258,12.6386923736501,2023,3,0,0,51.1162850208743,0.411949839295004,0.353103294078025,0.447923511480956,31.925156108298,0.880336291714308,0.634332601787531
"DEA34","2019",13,2,380796,12.8500190776425,2019,-1,1,1,17.6740452607069,-0.190931139783993,-0.210606083965961,-0.307147759571727,45.6253142529765,-0.418708457179452,-0.607269607122239
"DEA34","2020",40,1,380796,12.8500190776425,2020,0,2,1,14.7783426168788,1.22861689557195,0.862121841955372,0.995716706764046,40.4781174757585,-0.00691305171202954,-0.00694034245513912
"DEA34","2021",0,5,380796,12.8500190776425,2021,1,1,2,36.3186728023319,-0.727499294883455,-2.1312499907726,-17.4078425692437,78.8304217782649,-0.586477492928849,-1.9377480966908
"DEA34","2022",0,0,380796,12.8500190776425,2022,2,5,1,13.0685724660309,-0.718248296675927,-1.86327510070885,-16.3857208574494,37.2407193512652,-0.585053806569079,-1.8000286569781
"DEA34","2023",8,0,380796,12.8500190776425,2023,3,0,5,12.6627405599214,-0.264310002417289,-0.305110420984715,-0.459222200536547,37.9903803871033,-0.461895285047587,-0.72238909155667
"DEA35","2019",5,0,227859,12.3364822955828,2019,-1,0,0,9.10198876539987,-0.320943795068648,-0.385345000944214,-0.59905482285944,20.0933313096815,-0.437756276952505,-0.655001022195822
"DEA35","2020",4,0,227859,12.3364822955828,2020,0,0,0,9.35636933492741,-0.408002829218263,-0.525370840600732,-0.849762712552663,20.9175190875753,-0.471487721814656,-0.751942886215974
"DEA35","2021",31,0,227859,12.3364822955828,2021,1,0,0,9.61785928195705,1.58559955268848,1.04249105633055,1.17036552469169,21.7755133798175,0.247034007662996,0.219023646057187
"DEA35","2022",8,3,227859,12.3364822955828,2022,2,0,0,19.1692775705643,-0.42115237770971,-0.548670111480488,-0.873867204251037,36.4120924915823,-0.456465519423081,-0.706432485894038
"DEA35","2023",0,3,227859,12.3364822955828,2023,3,3,0,20.5631286325464,-0.723471534609174,-1.985732741006,-16.8390101578181,37.6869940024422,-0.585085647484464,-1.80229255954541
"DEA36","2019",16,2,621305,13.3395773836614,2019,-1,1,2,22.9671675093467,-0.219760475570454,-0.246614048059454,-0.361476911747533,73.8874805180361,-0.459411397639016,-0.715013949031594
"DEA36","2020",51,5,621305,13.3395773836614,2020,0,2,1,46.2924261428481,0.0740973403583611,0.0717377140661747,0.0968472868489149,124.239048978826,-0.346005097562173,-0.455056736478418
"DEA36","2021",11,1,621305,13.3395773836614,2021,1,5,2,20.6006371268238,-0.337171544229024,-0.409695011594041,-0.627426640096393,67.8470793181921,-0.491218850507374,-0.818916838276926
"DEA36","2022",0,0,621305,13.3395773836614,2022,2,1,5,16.1883766096426,-0.720996041008572,-1.92186146779207,-16.5998040494492,59.4279060804304,-0.586060206637505,-1.88696590067251
"DEA36","2023",42,3,621305,13.3395773836614,2023,3,0,1,31.4323868569976,0.24430972922675,0.221461670827954,0.289830852168848,102.587641578533,-0.346545190886569,-0.456056088179222
"DEA37","2019",43,0,451712,13.0208000875949,2019,-1,0,2,24.4245016915007,0.551330217841424,0.453388372904922,0.565613342804871,39.2421164815234,0.056038759872375,0.0543507094980999
"DEA37","2020",5,2,451712,13.0208000875949,2020,0,0,0,38.8069682558716,-0.634062519213932,-1.10609916030655,-2.04916171229353,56.8745908461434,-0.534468725892338,-1.01508794700744
"DEA37","2021",32,0,451712,13.0208000875949,2021,1,2,0,26.3947887051788,0.154070637769694,0.144430382964424,0.192569340914017,43.0020274455457,-0.149777702770305,-0.164808314660889
"DEA37","2022",35,1,451712,13.0208000875949,2022,2,0,2,33.0819412341224,0.0421496640432854,0.0413676460953773,0.0563605386125487,51.8481713964287,-0.190361083276739,-0.215961069968637
"DEA37","2023",32,1,451712,13.0208000875949,2023,3,1,0,34.2879568365079,-0.0485234270103792,-0.0496377620581233,-0.0690582458294395,54.682603123361,-0.243039613413595,-0.288043027417309
"DEA38","2019",14,1,282639,12.5519257439571,2019,-1,0,2,24.9837380940891,-0.318782442301044,-0.382103777074931,-0.579167735936481,28.7560491765034,-0.299811711388196,-0.374923407463818
"DEA38","2020",0,0,282639,12.5519257439571,2020,0,1,0,20.7661482980765,-0.723561568989153,-1.98832099609975,-16.8488347332087,25.8963537462401,-0.583879525921854,-1.72970100127596
"DEA38","2021",0,0,282639,12.5519257439571,2021,1,0,1,21.1082308797937,-0.723709429690251,-1.99261939305528,-16.8651736114711,26.8093831626931,-0.584010457721447,-1.73651840008713
"DEA38","2022",63,0,282639,12.5519257439571,2022,2,0,0,21.6335245031668,1.38425576291696,0.943065484713742,1.06889057044347,28.1185248013363,0.724688870825296,0.544834180965721
"DEA38","2023",46,0,282639,12.5519257439571,2023,3,0,0,22.2381339380766,0.773785110230144,0.600006215727349,0.726832858028145,29.2718897718574,0.333925256712049,0.285830928718937
"DEA41","2019",64,2,331605,12.7116997805373,2019,-1,0,0,57.3117362301784,0.0851264672547244,0.0820371853037018,0.110377675465887,40.1069372838488,0.348650917647184,0.296746020833539
"DEA41","2020",94,2,331605,12.7116997805373,2020,0,2,0,60.6116653612552,0.401923235037032,0.345593980346257,0.438807420647858,41.5913307330291,0.737572982002121,0.552486249721817
"DEA41","2021",74,0,331605,12.7116997805373,2021,1,2,2,40.3101428309287,0.608458510766765,0.492487346552597,0.60746198628234,31.0995002869329,0.806326598614807,0.592551742402237
"DEA41","2022",34,2,331605,12.7116997805373,2022,2,0,2,62.6250356574464,-0.333552306897636,-0.40418498947149,-0.610804574757323,44.5758077450435,-0.138911693831707,-0.151666953255699
"DEA41","2023",82,2,331605,12.7116997805373,2023,3,2,0,65.8369043437033,0.17918891418304,0.166368485481405,0.219538722061924,46.9221066569405,0.437788150820228,0.360577870580342
"DEA42","2019",34,2,363982,12.8048596948467,2019,-1,0,0,18.7955444866382,0.584545382197287,0.476248583412195,0.592740707671451,44.022868311545,-0.133296024188836,-0.144960267154795
"DEA42","2020",13,1,363982,12.8048596948467,2020,0,2,0,15.9409967843793,-0.132985341509105,-0.142007004675605,-0.203944770546744,38.9812101580166,-0.390021905409988,-0.542403680167048
"DEA42","2021",6,0,363982,12.8048596948467,2021,1,1,2,13.0333148881624,-0.387575745467781,-0.490281156270092,-0.775749127196996,34.2018582949991,-0.482221502347373,-0.787191100398505
"DEA42","2022",3,1,363982,12.8048596948467,2022,2,0,1,16.4214546690003,-0.589413171015536,-0.942696098630499,-1.69997606939004,42.0919654170529,-0.543643576527875,-1.07253573420905
"DEA42","2023",17,1,363982,12.8048596948467,2023,3,1,0,17.0709568529043,-0.00299937085270952,-0.00300347298559976,-0.00416518700728881,44.0623300909588,-0.359585978592942,-0.480687719687395
"DEA43","2019",20,1,254404,12.4466788335949,2019,-1,0,0,14.6162722528721,0.265112764000172,0.238552850717787,0.313596877607971,26.2733849367974,-0.139428058899735,-0.152286744224091
"DEA43","2020",4,0,254404,12.4466788335949,2020,0,1,0,12.2215529013465,-0.482512760282842,-0.668389472502727,-1.11690641321971,23.3093662886526,-0.483330013923331,-0.79102598589812
"DEA43","2021",45,1,254404,12.4466788335949,2021,1,0,1,15.4908184875098,1.37246699817671,0.937054889309132,1.06641501922379,28.2608359838482,0.346028055564788,0.294809731665308
"DEA43","2022",2,0,254404,12.4466788335949,2022,2,1,0,12.9142299602675,-0.60687153559064,-1.00164348121411,-1.86518212053775,25.2607897451557,-0.537562377638661,-1.0337060941768
"DEA43","2023",1,1,254404,12.4466788335949,2023,3,0,1,16.3687866701803,-0.677068860387786,-1.33431655842477,-2.79537526952726,30.6267886895688,-0.565390289996315,-1.26330750944356
"DEA44","2019",2,0,139252,11.8440405203435,2019,-1,0,2,18.2617455895559,-0.643207179615549,-1.14707813438651,-2.21166078639918,12.0974054359528,-0.483731430659932,-0.792595871530296
"DEA44","2020",0,1,139252,11.8440405203435,2020,0,0,0,23.26881158633,-0.724544567971111,-2.01810122217353,-16.9626244633396,14.9710328584574,-0.581094892444004,-1.61859641675782
"DEA44","2021",0,0,139252,11.8440405203435,2021,1,1,0,19.4564665212716,-0.722948386132496,-1.97110773219344,-16.7836900417332,13.2820833500022,-0.580263364383209,-1.59346429526538
"DEA44","2022",46,0,139252,11.8440405203435,2022,2,0,1,19.776974600245,0.95879284871595,0.71187052708444,0.844123056196944,13.7503706204483,1.36151687538769,0.87870712215374
"DEA44","2023",84,0,139252,11.8440405203435,2023,3,0,0,20.2691389462899,2.27434204818251,1.34795069361636,1.42171733040252,14.4218214560294,2.80229313570059,1.44340180388427
"DEA45","2019",3,0,347149,12.7575093615781,2019,-1,0,1,8.0182416730958,-0.444031753768835,-0.591291579810927,-0.983106533083695,30.3846469779106,-0.526743128302808,-0.972676889826735
"DEA45","2020",4,1,347149,12.7575093615781,2020,0,0,0,10.2472344924545,-0.435520304060588,-0.575137551533782,-0.940713252446277,37.32211448152,-0.522355862868698,-0.95035606551423
"DEA45","2021",2,0,347149,12.7575093615781,2021,1,1,0,8.56833509087285,-0.544976037033175,-0.81507069549466,-1.45492576139986,33.1116389916835,-0.549400788287137,-1.11377967481202
"DEA45","2022",46,5,347149,12.7575093615781,2022,2,0,1,26.2574634637958,0.545473448309352,0.449318612022257,0.560691147172238,75.5197524004141,-0.229224994838474,-0.268439523006849
"DEA45","2023",10,1,347149,12.7575093615781,2023,3,5,0,11.950163133339,-0.1169959841121,-0.12387696481397,-0.178159736615744,41.7016892708095,-0.44497762538599,-0.674231274307341
"DEA46","2019",0,0,320557,12.6778153866438,2019,-1,0,2,13.4453154046316,-0.718645854456927,-1.8711316159643,-16.4141413062892,27.8481314044517,-0.58414907389189,-1.74397047861676
"DEA46","2020",57,3,320557,12.6778153866438,2020,0,0,0,26.6383356221605,0.826997440987423,0.633024423421628,0.760699918303594,47.2681121865197,0.120572552734616,0.113192547161258
"DEA46","2021",65,3,320557,12.6778153866438,2021,1,3,0,28.5752825029026,0.925512807015769,0.692337117665714,0.821845189282451,48.9231169807654,0.192468941020935,0.174739917949479
"DEA46","2022",0,0,320557,12.6778153866438,2022,2,3,3,15.2859411069764,-0.720313588588073,-1.90629796926861,-16.5424440820349,31.0035123012705,-0.584513653478322,-1.76486010278671
"DEA46","2023",3,0,320557,12.6778153866438,2023,3,0,3,15.0574302232539,-0.576651834543661,-0.903213116419839,-1.61325894990428,32.4624648850995,-0.53062757781316,-0.993472120129349
"DEA47","2019",20,3,315912,12.6632189727734,2019,-1,0,1,28.1085072400131,-0.209417699657163,-0.233538821633163,-0.340339955721469,44.4143596564321,-0.321840240444383,-0.411897673872935
"DEA47","2020",21,0,315912,12.6632189727734,2020,0,3,0,15.5049134060722,0.255347095423671,0.230558125827433,0.30336551770909,28.8335251845778,-0.158735529607278,-0.175810649934226
"DEA47","2021",20,0,315912,12.6632189727734,2021,1,0,3,15.410434203371,0.214554626804007,0.196593900964507,0.260687497891406,29.5206484737187,-0.188458239290299,-0.213484853087935
"DEA47","2022",11,0,315912,12.6632189727734,2022,2,0,0,15.6999794564557,-0.215731194510381,-0.241502093258224,-0.355764040139944,31.4287108539152,-0.379963107413451,-0.521292381985136
"DEA47","2023",19,2,315912,12.6632189727734,2023,3,0,0,25.0942559305557,-0.176103560247115,-0.192592924440003,-0.278199940761943,44.8742772347682,-0.337603040517622,-0.439715982490101
"DEA51","2019",11,0,358676,12.790174753002,2019,-1,2,2,16.6169859509014,-0.243816950999824,-0.277743876085381,-0.412530058545862,31.0397489994125,-0.377373613760611,-0.515977490356764
"DEA51","2020",17,0,358676,12.790174753002,2020,0,0,2,16.602814850088,0.0172551319999476,0.0171215217458724,0.0236411526100802,32.4377962169796,-0.278249540735048,-0.340618654682862
"DEA51","2021",36,2,358676,12.790174753002,2021,1,0,0,26.3794494963918,0.26459263978645,0.238130455063514,0.310933687381119,47.0129175795076,-0.137181722755904,-0.149594804152746
"DEA51","2022",14,0,358676,12.790174753002,2022,2,2,0,17.9421384073427,-0.158662097669595,-0.171821011527006,-0.248094646217042,35.5457637931517,-0.354547726079777,-0.471056525716206
"DEA51","2023",17,0,358676,12.790174753002,2023,3,0,2,18.0341181290193,-0.0414116904735157,-0.0422185674385781,-0.0590520125269271,36.5953603066734,-0.313247664281269,-0.397225846303105
"DEA52","2019",77,3,603462,13.3104383515058,2019,-1,2,1,75.209660493296,0.0173834850016467,0.0172479091327336,0.0235257481291013,84.5147085591237,-0.0521548772787153,-0.0537826665163404
"DEA52","2020",41,4,603462,13.3104383515058,2020,0,3,2,98.0761007418987,-0.425329454154251,-0.556213935136144,-0.872171624408882,102.073245702633,-0.351080152456482,-0.464510072144471
"DEA52","2021",86,0,603462,13.3104383515058,2021,1,4,3,42.4221144489559,0.748104333413137,0.583814124114314,0.706677514420038,55.9577024730423,0.314584765120258,0.271324359394279
"DEA52","2022",90,2,603462,13.3104383515058,2022,2,0,4,64.2510143701754,0.292477705748403,0.26069241525069,0.337012169928022,79.9158854196918,0.0740063312946395,0.0711101282061385
"DEA52","2023",20,0,603462,13.3104383515058,2023,3,2,0,43.1823220486194,-0.391009283603654,-0.496018369310305,-0.769698876108549,62.257788441379,-0.397843587359415,-0.559364997614691
"DEA53","2019",47,1,190384,12.1567983641949,2019,-1,1,0,32.6051483917591,0.320917560817221,0.283295736631152,0.36567742095543,19.6238892730449,0.812826966140607,0.596273638708745
"DEA53","2020",65,1,190384,12.1567983641949,2020,0,1,1,33.6165283257232,0.678776020174888,0.539186923512619,0.659369424805299,20.2766325820757,1.28549700304982,0.842769033042081
"DEA53","2021",27,1,190384,12.1567983641949,2021,1,1,1,34.5560363652786,-0.159016190323188,-0.172237069643403,-0.24674534581259,21.1083390071291,0.162726945024339,0.149748101720334
"DEA53","2022",30,0,190384,12.1567983641949,2022,2,1,1,28.4867494353213,0.0385684576993259,0.0379118844711421,0.0517583679293094,18.7631587924602,0.34880079827804,0.296855511284859
"DEA53","2023",51,1,190384,12.1567983641949,2023,3,0,1,35.9993990560986,0.303122323166824,0.269199284066013,0.348323406901535,22.9196496040741,0.714737950771418,0.538891950470834
"DEA54","2019",7,0,179968,12.1005343362902,2019,-1,1,0,46.6390910093556,-0.619309213454168,-1.04662487939444,-1.89652876043205,15.8395774802322,-0.32449178093711,-0.416505125620454
"DEA54","2020",9,0,179968,12.1005343362902,2020,0,0,1,47.4073808449293,-0.590395078854795,-0.945548945881087,-1.66155324215958,16.3980344863943,-0.262420796110089,-0.316495934904046
"DEA54","2021",286,0,179968,12.1005343362902,2021,1,0,0,48.5871478751685,3.56136012245722,1.82228717241517,1.77263276539518,17.1987746454561,9.09528110295691,2.95900416667474
"DEA54","2022",111,2,179968,12.1005343362902,2022,2,0,0,77.6598674601378,0.313541000887268,0.277471875800015,0.357191592687604,24.5566095639699,2.05461629805018,1.1733262939281
"DEA54","2023",2,3,179968,12.1005343362902,2023,3,2,0,102.4144848835,-0.716670351552308,-1.7456640670067,-3.93588047598236,29.8234620916209,-0.545196561419435,-1.08331844842158
"DEA55","2019",0,0,155851,11.9566557016009,2019,-1,0,0,3.5321993194376,-0.68278503983231,-1.47487557329265,-15.0774312715706,13.7434368532521,-0.580510420164879,-1.60066616901756
"DEA55","2020",9,0,155851,11.9566557016009,2020,0,0,0,3.63091652264697,1.01145950252612,0.742051420711353,0.907739586462007,14.3071648138441,-0.215441275101496,-0.249399993627723
"DEA55","2021",0,1,155851,11.9566557016009,2021,1,0,0,4.65413969493626,-0.693913234839532,-1.56103161133149,-15.3532676384954,17.4428780358401,-0.582025797012586,-1.65021992895749
"DEA55","2022",1,0,155851,11.9566557016009,2022,2,1,0,3.89160885264321,-0.510455072956389,-0.731772434369224,-1.35882165892515,15.4750685624922,-0.543744263563168,-1.07401888842389
"DEA55","2023",6,3,155851,11.9566557016009,2023,3,0,1,7.66975220400697,-0.154238850031558,-0.1666287627853,-0.245524671792682,25.7335552227263,-0.447724342862177,-0.681766277356899
"DEA56","2019",0,0,314167,12.6576799706436,2019,-1,1,1,6.31817848966317,-0.703564980430354,-1.65393106585854,-15.6589415109206,27.4448831119865,-0.584096496681864,-1.74111443401939
"DEA56","2020",2,0,314167,12.6576799706436,2020,0,0,1,6.4031276170146,-0.484059948665406,-0.67205787342276,-1.16363888059419,28.625762916113,-0.543426703933175,-1.07121701301084
"DEA56","2021",1,0,314167,12.6576799706436,2021,1,0,0,6.56247408835158,-0.597226201590535,-0.97014718683422,-1.88136667946878,30.0236010515148,-0.564943593839934,-1.25809593312269
"DEA56","2022",19,1,314167,12.6576799706436,2022,2,0,0,8.41183512787618,0.894355795071603,0.673779847748747,0.814799373783951,36.6038986865901,-0.281347204909709,-0.345440690859808
"DEA56","2023",4,0,314167,12.6576799706436,2023,3,1,0,7.03364621526822,-0.304667475449937,-0.36156880017199,-0.564410625287757,32.474448348811,-0.51264486645782,-0.904951213205735
"DEA57","2019",0,0,260843,12.4716739727445,2019,-1,2,4,8.528324138235,-0.710818079669674,-1.74231521747898,-15.9589034333703,22.2382242730406,-0.583248342724765,-1.6994526463278
"DEA57","2020",1,0,260843,12.4716739727445,2020,0,0,2,8.47036129241258,-0.626772769035051,-1.07818551941873,-2.13657216329342,23.5900146054535,-0.55876892331303,-1.19353121054557
"DEA57","2021",0,1,260843,12.4716739727445,2021,1,0,0,10.7927930555561,-0.715277581174177,-1.80974488787176,-16.1943891596735,29.1936056586268,-0.584314086324993,-1.75318090590597
"DEA57","2022",2,0,260843,12.4716739727445,2022,2,1,0,9.02450973816838,-0.554190862553519,-0.839586934480564,-1.50679649954297,25.9001437850649,-0.538793073114575,-1.04127593307111
"DEA57","2023",35,0,260843,12.4716739727445,2023,3,0,1,9.17317127836605,2.0054706066858,1.23423302909733,1.33906503169565,26.8133068271615,0.178311422320224,0.162922449518314
"DEA58","2019",50,3,408046,12.9191351921291,2019,-1,1,0,43.1128145274086,0.116350225229842,0.110706830248286,0.148202751687975,57.6867979359125,-0.0780860384361942,-0.081839592374568
"DEA58","2020",36,0,408046,12.9191351921291,2020,0,3,1,23.5862218598854,0.38139644733783,0.330084457568361,0.422856244187667,36.9652172158538,-0.0152761084083719,-0.0154104970726683
"DEA58","2021",6,2,408046,12.9191351921291,2021,1,0,3,36.3423050239522,-0.60739433240214,-1.00286778596934,-1.80122285444955,52.297576717738,-0.518618357261002,-0.932254397324806
"DEA58","2022",17,0,408046,12.9191351921291,2022,2,2,0,24.4981951761641,-0.221887961794132,-0.249325494926823,-0.365386045678426,40.4384646107918,-0.339225267301115,-0.442649708003786
"DEA58","2023",59,2,408046,12.9191351921291,2023,3,0,2,38.2876732466828,0.393699882226867,0.339402672045118,0.432409463817341,57.1012354788958,0.0194857311333944,0.0192744675596547
"DEA59","2019",0,0,132346,11.7931749843047,2019,-1,0,1,1.97147433590302,-0.649686573994836,-1.28670959390167,-14.4942922146665,11.5837478688937,-0.579188026135945,-1.56434139580298
"DEA59","2020",4,0,132346,11.7931749843047,2020,0,0,0,2.02053590355362,0.638141176090753,0.511929154535047,0.682931836103325,12.1493993266197,-0.388761583874626,-0.539763749287032
"DEA59","2021",1,0,132346,11.7931749843047,2021,1,0,0,2.07700543863486,-0.338734382757224,-0.413057681734994,-0.730926163396037,12.6477430944809,-0.534045164017369,-1.01352092778234
"DEA59","2022",0,0,132346,11.7931749843047,2022,2,0,0,2.13505317303773,-0.655081587196625,-1.31281261323631,-14.5740021097388,13.1665279149645,-0.580198824836638,-1.59161701921432
"DEA59","2023",0,0,132346,11.7931749843047,2023,3,0,0,2.19472321396257,-0.656878837121368,-1.32181679817075,-14.6015664981178,13.7065922386728,-0.580491289601116,-1.60010091569718
"DEA5A","2019",1,0,274074,12.5211534218998,2019,-1,0,1,45.5381698726118,-0.712575635295834,-1.67817002281609,-3.81854987257806,23.9886669292549,-0.55924705506462,-1.19810257619085
"DEA5A","2020",1,0,274074,12.5211534218998,2020,0,0,0,46.6714202331174,-0.713065039637916,-1.68576052195041,-3.84313099089233,25.1600688426093,-0.560564962742846,-1.21103742409404
"DEA5A","2021",1,0,274074,12.5211534218998,2021,1,0,0,47.9757837920673,-0.713599894582476,-1.69423911561095,-3.87069537927133,26.1920839381376,-0.561629054079061,-1.22186322739613
"DEA5A","2022",1,0,274074,12.5211534218998,2022,2,0,0,49.3166014440237,-0.714120383128738,-1.70268299995448,-3.89825976765033,27.2664302039048,-0.562651791199764,-1.23261661840842
"DEA5A","2023",348,0,274074,12.5211534218998,2023,3,0,0,50.6948920007186,4.27533324135324,2.04987761244164,1.9263773266192,28.3848439788283,6.57831798730127,2.45052156437636
"DEA5B","2019",4,0,300297,12.6125272639115,2019,-1,0,0,7.96348035931248,-0.353038179051796,-0.434308329591821,-0.688571524248188,26.481144533696,-0.495756081601829,-0.835854723702914
"DEA5B","2020",6,1,300297,12.6125272639115,2020,0,0,0,10.2076568874412,-0.294441893600851,-0.346900032858954,-0.531378478019122,32.2850390249057,-0.475989066741816,-0.766389130441637
"DEA5B","2021",0,0,300297,12.6125272639115,2021,1,1,0,8.53524185170697,-0.7108351461546,-1.74255033994067,-15.9597142502717,28.6428186579411,-0.584248393790229,-1.74946809538958
"DEA5B","2022",25,1,300297,12.6125272639115,2022,2,0,1,10.8184191762752,0.937691193562849,0.699489185608425,0.837625704131637,34.7272418384555,-0.163821472165421,-0.182127231018587
"DEA5B","2023",4,0,300297,12.6125272639115,2023,3,1,0,9.01899103405253,-0.396203183868721,-0.504949988688489,-0.813037857945524,31.0407503518921,-0.509194915678198,-0.889923457125592
"DEA5C","2019",43,5,393784,12.8835578146005,2019,-1,0,2,44.3535571060301,-0.0222307803636719,-0.022459633402421,-0.030992771911925,75.3668799928968,-0.251841973281101,-0.300820675057753
"DEA5C","2020",19,1,393784,12.8835578146005,2020,0,5,0,20.1258347227309,-0.0404596501156984,-0.0412292255218182,-0.0575652675523516,41.9296376397924,-0.320107020390364,-0.408911417238763
"DEA5C","2021",31,0,393784,12.8835578146005,2021,1,1,5,15.9099122535886,0.683651624940198,0.542362290713655,0.667044909582289,36.1814041378247,-0.0837721059799106,-0.0881198017492499
"DEA5C","2022",15,2,393784,12.8835578146005,2022,2,0,1,24.7736363030384,-0.286041671559057,-0.335033242677162,-0.501729767664366,53.3314877796613,-0.421085992905808,-0.612997501413533
"DEA5C","2023",0,0,393784,12.8835578146005,2023,3,2,0,16.7997420777522,-0.721417683598701,-1.93186821748116,-16.6368740917409,40.6257907931237,-0.585277964918887,-1.81650341315326
"DEB11","2019",6,0,113378,11.6384826479273,2019,-1,1,0,31.8210688996378,-0.589719153628057,-0.943430912836653,-1.6683689785198,9.97877186807525,-0.230399980356733,-0.270096092216258
"DEB11","2020",12,0,113378,11.6384826479273,2020,0,0,1,32.3452601577345,-0.457190079600675,-0.616584670719235,-0.991560759555582,10.3305940722707,0.0934318059938567,0.0888943449442408
"DEB11","2021",64,0,113378,11.6384826479273,2021,1,0,0,33.1501953985871,0.676544958103384,0.537728016235869,0.657834487993486,10.8350521856804,2.83909460655595,1.45573629751026
"DEB11","2022",18,0,113378,11.6384826479273,2022,2,0,0,34.0766704583563,-0.343054750456305,-0.418702624729531,-0.63824118591847,11.2794840942895,0.344955748933857,0.29401423679058
"DEB11","2023",209,1,113378,11.6384826479273,2023,3,0,0,43.6797661588427,2.75684414329583,1.53765354581428,1.56544927883353,13.7516180126417,8.24226988263333,2.79582302982735
"DEB12","2019",10,0,129353,11.7703003802327,2019,-1,1,1,4.58928909221101,0.817517114840391,0.62706337056992,0.778860062788261,11.2999709236959,-0.0666067161155798,-0.0693037501366754
"DEB12","2020",8,0,129353,11.7703003802327,2020,0,0,1,4.65099296844442,0.499643621948502,0.41698160317366,0.542360928276374,11.7861784034859,-0.186103984268472,-0.210435114797721
"DEB12","2021",2,0,129353,11.7703003802327,2021,1,0,0,4.76673629921381,-0.403258135010405,-0.517390237787915,-0.868514176157907,12.3617148421591,-0.485924287298237,-0.800222366073485
"DEB12","2022",0,0,129353,11.7703003802327,2022,2,0,0,4.89995609609942,-0.695721072304427,-1.57686914104115,-15.404736803061,12.8687673627038,-0.580027284266734,-1.58677304147492
"DEB12","2023",0,0,129353,11.7703003802327,2023,3,0,0,5.0368990933402,-0.696657201367442,-1.58531896178966,-15.43230119144,13.396618151278,-0.580326255911428,-1.59527777824701
"DEB13","2019",0,1,132125,11.7915037231725,2019,-1,1,0,3.87274420144751,-0.686782028122807,-1.50385747009177,-15.1694739096975,13.6188249548337,-0.580445309592129,-1.59874762619142
"DEB13","2020",1,1,132125,11.7915037231725,2020,0,1,1,3.99287295312986,-0.515725785808199,-0.744052960262698,-1.38451001017742,14.0718236821727,-0.539411382898819,-1.04579789185986
"DEB13","2021",0,2,132125,11.7915037231725,2021,1,1,1,5.11809852749012,-0.697190299034803,-1.5902110863581,-15.448293546687,17.1559569924348,-0.581931299530297,-1.6468122251936
"DEB13","2022",0,0,132125,11.7915037231725,2022,2,2,1,3.43199243355948,-0.6814732174727,-1.46576782590335,-15.0486515349137,12.9963994566711,-0.580101757258836,-1.5888644068186
"DEB13","2023",14,1,132125,11.7915037231725,2023,3,0,2,4.28867859293615,1.56442210351945,1.03204718805967,1.1830787358465,15.7875611308304,-0.0658334134651677,-0.0684657958878341
"DEB14","2019",22,0,164748,12.0121723126856,2019,-1,0,0,7.65582907569708,1.32733475517831,0.913829802842044,1.05557517044733,14.5280026095411,0.298764199535572,0.259306562595268
"DEB14","2020",1,0,164748,12.0121723126856,2020,0,0,0,7.86979266219199,-0.618963368927465,-1.04759011158353,-2.06303071674503,15.1239118693571,-0.542734505239993,-1.06724954535429
"DEB14","2021",12,0,164748,12.0121723126856,2021,1,0,0,8.08973606039548,0.343031361203353,0.300586707229783,0.394310627997801,15.744264120786,-0.138271234130135,-0.150900059285071
"DEB14","2022",3,0,164748,12.0121723126856,2022,2,0,0,8.31582639289443,-0.454041287137141,-0.610622310393287,-1.01954787150115,16.3900619658665,-0.475196796943004,-0.763895378663359
"DEB14","2023",0,0,164748,12.0121723126856,2023,3,0,0,8.54823545298446,-0.710867130923876,-1.74299140268866,-15.9612354398458,17.0623491313441,-0.581899792430305,-1.64568681933463
"DEB15","2019",3,1,82611,11.3218981225553,2019,-1,0,0,2.92360106004257,0.0176022270293043,0.0174627604340637,0.0257965257960936,8.53158992395471,-0.373595356285659,-0.50838643420821
"DEB15","2020",2,0,82611,11.3218981225553,2020,0,1,0,2.4446004014958,-0.120685606065139,-0.128074316604195,-0.200733994039023,7.56910291690334,-0.422912353331596,-0.617655414994949
"DEB15","2021",3,0,82611,11.3218981225553,2021,1,0,1,2.48487051825541,0.137765655069417,0.12994030984492,0.188392069140142,7.83596726726758,-0.354995879789167,-0.471983057315042
"DEB15","2022",2,0,82611,11.3218981225553,2022,2,0,0,2.54670832198138,-0.142969670322377,-0.153554778012856,-0.2416539906157,8.21860908212664,-0.435667156512965,-0.649746303348214
"DEB15","2023",0,0,82611,11.3218981225553,2023,3,0,0,2.61788321903562,-0.667571983073561,-1.37909215204798,-14.7778766175188,8.55571979076814,-0.576242518488932,-1.49828457657209
"DEB17","2019",48,0,217228,12.2887027721771,2019,-1,0,0,17.6865587939264,1.23741747240775,0.866807581818013,0.998396070817865,19.1558559185264,0.877153839920799,0.632560712721419
"DEB17","2020",31,0,217228,12.2887027721771,2020,0,0,0,18.1808592171574,0.509263937084509,0.423884320569373,0.533617887440849,19.9415903534897,0.323150013845686,0.277772482275015
"DEB17","2021",20,0,217228,12.2887027721771,2021,1,0,0,18.6889742501864,0.0506866550823318,0.0495629952587084,0.0677985858726273,20.7595540245107,-0.0213283712762709,-0.0215919675134722
"DEB17","2022",5,1,217228,12.2887027721771,2022,2,0,0,23.955686222173,-0.573504082810184,-0.893649686559641,-1.56676760379307,25.3094427609857,-0.468459866728198,-0.742413979439925
"DEB17","2023",2,0,217228,12.2887027721771,2023,3,1,0,20.0308041193482,-0.651015488800215,-1.18418288206964,-2.30412361406088,22.4541707624146,-0.531337315948608,-0.99753537840798
"DEB18","2019",24,1,189061,12.1498249932915,2019,-1,0,1,10.9691947853098,0.850034825373731,0.647077614793776,0.782963001942938,19.3796782418924,0.138896008276564,0.129252558124442
"DEB18","2020",1,0,189061,12.1498249932915,2020,0,1,0,9.14468812933781,-0.634355741925934,-1.10960288803852,-2.21317217840099,17.3224167068872,-0.548389194795261,-1.10686917839705
"DEB18","2021",0,1,189061,12.1498249932915,2021,1,0,1,11.5908923424003,-0.716447793867268,-1.82983514979135,-16.265730204794,21.0021144004903,-0.582985962343192,-1.68797136861019
"DEB18","2022",18,1,189061,12.1498249932915,2022,2,1,0,12.0493358872341,0.354122120803439,0.309186741478767,0.401362268126439,21.9852432204928,-0.1057155446214,-0.112815288093131
"DEB18","2023",20,3,189061,12.1498249932915,2023,3,1,1,19.3167459228212,0.0255689779708477,0.0252774986600236,0.0347599394514231,31.1569323984036,-0.209313169130533,-0.241086906375431
"DEB1A","2019",2,0,125588,11.7407619870506,2019,-1,0,1,1.32893588993958,0.312301706222758,0.276136241459866,0.408769141315384,10.9922455333642,-0.473438080308346,-0.758348714472135
"DEB1A","2020",0,0,125588,11.7407619870506,2020,0,0,0,1.36200742269058,-0.620636468019853,-1.16475166865173,-14.124470215523,11.5290130614564,-0.579148214839857,-1.56332547137928
"DEB1A","2021",0,1,125588,11.7407619870506,2021,1,0,0,1.74583270400303,-0.640880013911647,-1.24674652446552,-14.3727421940688,14.0558364512585,-0.58066866736625,-1.6053924842438
"DEB1A","2022",0,0,125588,11.7407619870506,2022,2,1,0,1.45979675116419,-0.626600314910707,-1.18767886745986,-14.1938077724623,12.4701343631178,-0.579785065197841,-1.58009008894126
"DEB1A","2023",0,0,125588,11.7407619870506,2023,3,0,1,1.48384411104301,-0.627970411430036,-1.19307980165679,-14.2101466507247,12.9097946956965,-0.580051381064746,-1.58744780673291
"DEB1B","2019",16,0,207803,12.2443457945017,2019,-1,1,0,7.20766760917861,0.862428861504511,0.654562731154681,0.797443379650944,18.2894276711676,-0.0728893925971834,-0.0761413326492912
"DEB1B","2020",6,0,207803,12.2443457945017,2020,0,0,1,7.32640014968233,-0.12806841709478,-0.136402056555024,-0.19972464745653,18.9342592037261,-0.397894467722634,-0.559499675829032
"DEB1B","2021",0,0,207803,12.2443457945017,2021,1,0,0,7.50872292712511,-0.707976006817361,-1.70513889888217,-15.8315759596298,19.8588469486226,-0.582714586138895,-1.67666846840891
"DEB1B","2022",0,0,207803,12.2443457945017,2022,2,0,0,7.71857522027313,-0.708619327862912,-1.71322972278267,-15.8591403480088,20.6734166526632,-0.582910976038809,-1.68479259858263
"DEB1B","2023",10,0,207803,12.2443457945017,2023,3,0,0,7.93429242352195,0.184653715966815,0.171083118612995,0.231391014570524,21.5213983571315,-0.31216025735399,-0.395396451266265
"DEB1C","2019",1,0,61608,11.0285470112191,2019,-1,1,0,0.793561223041616,0.14722803390236,0.138140876971206,0.231225586299503,5.42232335416377,-0.464787121984616,-0.73193529470698
"DEB1C","2020",0,0,61608,11.0285470112191,2020,0,0,1,0.806633626649267,-0.567812232804171,-0.992499185099747,-13.6006248499267,5.61349855884256,-0.570469456736887,-1.40271032692225
"DEB1C","2021",0,0,61608,11.0285470112191,2021,1,0,0,0.826707289046182,-0.570587840772197,-1.00049127985164,-13.6252059682409,5.88761395557689,-0.571240907013802,-1.41374322125449
"DEB1C","2022",0,0,61608,11.0285470112191,2022,2,0,0,0.849811939737422,-0.573667247792309,-1.00946932985091,-13.6527703566199,6.12911196247059,-0.571865671882401,-1.42300175027883
"DEB1C","2023",0,0,61608,11.0285470112191,2023,3,0,0,0.873562314605327,-0.576711285247575,-1.0184633088284,-13.680334744999,6.38051572877272,-0.572467754334808,-1.43222011827872
"DEB1D","2019",0,0,106705,11.5778232965481,2019,-1,0,0,3.54111205335782,-0.682898477237549,-1.47567207355529,-15.0799513751451,9.40958626782164,-0.57725993267644,-1.51925841135918
"DEB1D","2020",0,1,106705,11.5778232965481,2020,0,0,0,4.53902756203693,-0.693004680753723,-1.55329736977416,-15.3282233536909,11.4718931229835,-0.57910627251516,-1.56225956179678
"DEB1D","2021",15,0,106705,11.5778232965481,2021,1,1,0,3.79535660737324,2.02500355002122,1.24232494584627,1.37427189364868,10.1776972959957,0.273878218637702,0.240120707502042
"DEB1D","2022",1,0,106705,11.5778232965481,2022,2,0,1,3.85787784954834,-0.508642005163073,-0.727597279628212,-1.35011625238309,10.5365330268501,-0.523465728494638,-0.956733161658995
"DEB1D","2023",0,0,106705,11.5778232965481,2023,3,0,0,3.95388393578363,-0.687641897831541,-1.51035492983241,-15.1902089286611,11.0510474425187,-0.578784190318975,-1.55422022131657
"DEB21","2019",11,0,104342,11.555429244497,2019,-1,0,3,11.3890372899689,-0.0244634890715479,-0.0247411966631596,-0.0347558877886253,8.9970983862704,0.12840332952194,0.120087908868586
"DEB21","2020",7,0,104342,11.555429244497,2020,0,0,0,11.6030248805193,-0.284227898427883,-0.332513428421193,-0.505355537768452,9.57862439770112,-0.1554504949934,-0.171761034476751
"DEB21","2021",46,1,104342,11.555429244497,2021,1,0,0,14.8728560243489,1.50682178166138,1.00425890275345,1.12910361000155,11.6779794805014,1.70245429830497,1.03030014843338
"DEB21","2022",80,16,104342,11.555429244497,2022,2,1,0,424.930161393604,-0.594510560989616,-0.95887462968841,-1.66989818211482,129.742872621215,-0.225045750309837,-0.262612572745346
"DEB21","2023",23,0,104342,11.555429244497,2023,3,16,1,15.8676547975063,0.323975073596622,0.285699483894373,0.371211511623525,10.3999453042559,0.700561595362382,0.530370322282098
"DEB22","2019",12,0,113187,11.6367965971671,2019,-1,1,1,3.28904290761585,1.79958260470201,1.14213070415085,1.29431012020569,9.88774755081345,0.123421854174033,0.115706783723367
"DEB22","2020",1,0,113187,11.6367965971671,2020,0,0,1,3.33326472333069,-0.476073961711444,-0.65647367022735,-1.20395122111381,10.3131908417691,-0.522097580322731,-0.949939336024782
"DEB22","2021",0,0,113187,11.6367965971671,2021,1,0,0,3.41621543171317,-0.681260381127925,-1.46430769595007,-15.0440438973919,10.8167991298189,-0.578594309765686,-1.54959702608502
"DEB22","2022",0,1,113187,11.6367965971671,2022,2,0,0,4.37893400964206,-0.691668197913947,-1.54217681554298,-15.2923158759376,13.1875259993541,-0.580210635080978,-1.59195402729612
"DEB22","2023",0,0,113187,11.6367965971671,2023,3,1,0,3.66149266546604,-0.68438171327717,-1.48622219114607,-15.1133814543312,11.6997819161684,-0.579271218002623,-1.5664776054592
"DEB23","2019",5,0,99788,11.5108032145891,2019,-1,0,0,4.91032451879749,0.0127070276927024,0.0126342232107741,0.0180980793702827,8.79962320878483,-0.248951917188501,-0.296616106007507
"DEB23","2020",0,0,99788,11.5108032145891,2020,0,0,0,5.04755729065115,-0.696728082871145,-1.58596601293246,-15.4344149794071,9.16056594082728,-0.576982273018506,-1.51336697220396
"DEB23","2021",24,1,99788,11.5108032145891,2021,1,0,0,6.47000188584852,1.90801268425325,1.19131776104141,1.31087747202603,11.1682948036292,0.665094380307858,0.508812593998309
"DEB23","2022",0,1,99788,11.5108032145891,2022,2,1,0,6.74599886606127,-0.705319378029036,-1.67347402941292,-15.7244601265132,11.60399791859,-0.579202661871211,-1.56471590654184
"DEB23","2023",1,0,99788,11.5108032145891,2023,3,1,1,5.5777732456366,-0.574448380791272,-0.898518045850391,-1.71878863682636,10.2379275993557,-0.521623319959882,-0.947610219129084
"DEB24","2019",0,0,59313,10.990583785243,2019,-1,0,0,0.578708132889492,-0.527787142433071,-0.886224308371003,-13.2685535411862,5.23040898086598,-0.569262149257734,-1.38624886690092
"DEB24","2020",0,0,59313,10.990583785243,2020,0,0,0,0.594881752548775,-0.53127494467925,-0.894903343614891,-13.2961179295652,5.44494976999527,-0.56995826798842,-1.39562593559936
"DEB24","2021",0,0,59313,10.990583785243,2021,1,0,0,0.611507389309628,-0.534735140980363,-0.903611621163273,-13.3236823179442,5.66829058802643,-0.570629368877938,-1.40496271379878
"DEB24","2022",0,0,59313,10.990583785243,2022,2,0,0,0.628597676055994,-0.538166975238917,-0.912348125744048,-13.3512467063232,5.9007923943322,-0.57127626459326,-1.4142592272481
"DEB24","2023",0,1,59313,10.990583785243,2023,3,0,0,0.805741850034082,-0.567686680695441,-0.992139864709677,-13.599518684869,7.19407397540807,-0.574137606591525,-1.45950222086407
"DEB25","2019",0,0,148953,11.9113860989255,2019,-1,0,0,1.95813882973048,-0.649213442382739,-1.28448280779926,-14.487505003405,13.1351492746435,-0.580181107089907,-1.59111229794904
"DEB25","2020",2,1,148953,11.9113860989255,2020,0,0,0,2.5099590141502,-0.135139735115376,-0.144528280168982,-0.227118743426728,16.0139908752894,-0.508895401770299,-0.88883749828626
"DEB25","2021",0,0,148953,11.9113860989255,2021,1,1,0,2.09872916575021,-0.653945128768122,-1.30720121707037,-14.5568425603444,14.2073805850751,-0.580742970469868,-1.60764350008976
"DEB25","2022",3,0,148953,11.9113860989255,2022,2,0,1,2.13330171531694,0.266118592001972,0.239255097172562,0.340941741358885,14.7082911198951,-0.462477788822838,-0.724229108670352
"DEB25","2023",0,0,148953,11.9113860989255,2023,3,0,0,2.18639047458665,-0.656632878441298,-1.32057493262927,-14.597762556921,15.4265186233587,-0.581288482604626,-1.62483897989254
"DEB31","2019",30,0,48140,10.7818687113371,2019,-1,0,0,20.0906695654532,0.356731456065517,0.311204517208739,0.400941908428691,4.24513830591756,3.42909400632443,1.64387125046574
"DEB31","2020",37,1,48140,10.7818687113371,2020,0,0,0,25.7523912045925,0.316796757240333,0.280044708750708,0.362390454558672,5.17554880221569,3.49924428470939,1.66524421543452
"DEB31","2021",68,0,48140,10.7818687113371,2021,1,1,0,21.5331382720552,1.56209193842086,1.03120602780214,1.14991465637586,4.59167187881759,7.82752139260946,2.71307785935074
"DEB31","2022",34,0,48140,10.7818687113371,2022,2,0,1,21.8878555468645,0.400658223493581,0.344641259287551,0.440428612259394,4.75356075078548,3.49157066954847,1.66289634201728
"DEB31","2023",20,0,48140,10.7818687113371,2023,3,0,0,22.4325506951009,-0.0785354602097534,-0.0815306655738116,-0.114780736528816,4.98568411867158,1.71172390422738,1.0341444885492
"DEB32","2019",0,0,100426,11.5171764168578,2019,-1,1,0,13.4487950648366,-0.718649425544345,-1.871203037475,-16.4144000737415,8.83882361325236,-0.576601015675097,-1.50548646446747
"DEB32","2020",33,1,100426,11.5171764168578,2020,0,0,1,17.0463479483158,0.675325099611771,0.536923541373474,0.660571607563068,10.7164022106381,1.20294982010915,0.8027097380817
"DEB32","2021",26,2,100426,11.5171764168578,2021,1,1,0,22.0968148315807,0.127907172333524,0.121141841067224,0.162663103614199,13.1378287100831,0.568009253617456,0.447769375595448
"DEB32","2022",10,0,100426,11.5171764168578,2022,2,2,1,14.8615112180368,-0.235515519227051,-0.266887143654457,-0.396189538166283,9.87834559572871,0.00711508769566449,0.00708657424379461
"DEB32","2023",42,0,100426,11.5171764168578,2023,3,0,2,14.8932014342161,1.31044106159826,0.905141641432489,1.0367648128515,10.2463662306873,1.79152920922934,1.06763718239191
"DEB33","2019",7,0,48209,10.7833010046,2019,-1,0,0,8.48957860265508,-0.124703042866112,-0.132578314290833,-0.192929072627159,4.25122294536725,0.365477831153225,0.309058758637255
"DEB33","2020",40,0,48209,10.7833010046,2020,0,0,0,8.72684365490406,2.54897653140564,1.45785887242248,1.52247572619533,4.42559950536479,4.55035061570622,1.96215185981798
"DEB33","2021",8,0,48209,10.7833010046,2021,1,0,0,8.97073974358647,-0.0770315108119576,-0.0799104708092878,-0.11452647461778,4.60712863888466,0.417481124218425,0.346331045759801
"DEB33","2022",6,0,48209,10.7833010046,2022,2,0,0,9.22145219158812,-0.248874262427989,-0.284436740999894,-0.429772893781904,4.79610373001468,0.142494442621595,0.132370712300707
"DEB33","2023",2,0,48209,10.7833010046,2023,3,0,0,9.4791715011619,-0.562517317011308,-0.862563096243526,-1.55594923749579,4.99283019686411,-0.34072841098049,-0.445537065389688
"DEB34","2019",6,0,177222,12.0851584629456,2019,-1,0,1,13.3143231857719,-0.394718907320469,-0.502358156815205,-0.797080751119577,15.5115754523829,-0.356462910108282,-0.474717490617597
"DEB34","2020",21,1,177222,12.0851584629456,2020,0,0,0,17.0155749047474,0.168962827629259,0.15748458818525,0.210393389847131,19.0532012843014,0.0595185093405612,0.0576203432427842
"DEB34","2021",44,2,177222,12.0851584629456,2021,1,1,0,22.122824408114,0.71608101200045,0.563364241123148,0.687579802423087,23.184357433915,0.523822163298308,0.418916803246907
"DEB34","2022",29,1,177222,12.0851584629456,2022,2,2,1,18.5535046788165,0.406788104981613,0.349239505377443,0.446637161788503,20.4155939634097,0.245078603776042,0.217469570224893
"DEB34","2023",6,0,177222,12.0851584629456,2023,3,1,2,15.1241074525854,-0.434473597916362,-0.573116188032601,-0.924530354881642,18.046952996226,-0.388648295586922,-0.539494004270755
"DEB35","2019",99,0,224684,12.3224502495856,2019,-1,1,3,33.3568927603146,1.43072225290562,0.966524938503503,1.08785542975952,19.3365060729271,2.40014213703404,1.30305261430467
"DEB35","2020",7,0,224684,12.3224502495856,2020,0,0,1,33.604281973748,-0.575617574618823,-0.899860573715777,-1.56874320663185,20.4723949843362,-0.383568863972227,-0.528784048968382
"DEB35","2021",12,0,224684,12.3224502495856,2021,1,0,0,34.4405488849526,-0.473831026465027,-0.650131105818555,-1.05432788373723,21.4720921632716,-0.257221092544994,-0.308747535212768
"DEB35","2022",43,1,224684,12.3224502495856,2022,2,0,0,44.1461886223695,-0.0189128620802333,-0.0190780537765344,-0.0263064564549724,26.1781484767585,0.37522251470563,0.316165638268688
"DEB35","2023",103,1,224684,12.3224502495856,2023,3,1,0,46.0293742786713,0.901814275785919,0.678277213327793,0.805449233973696,27.1994235268695,1.6276950826079,0.998298412618461
"DEB36","2019",1,0,52945,10.8770089178646,2019,-1,1,0,8.93565285999411,-0.632123703055728,-1.100166552803,-2.19004821365317,4.65986414079666,-0.44541309671917,-0.67621808806142
"DEB36","2020",4,0,52945,10.8770089178646,2020,0,0,1,9.08285065304654,-0.39850199122068,-0.508887997928119,-0.820093480795209,4.82415727174911,-0.0969998190878251,-0.102921341183389
"DEB36","2021",68,2,52945,10.8770089178646,2021,1,0,0,14.4744407996299,2.66114285516192,1.50128601148594,1.54712332931909,6.93968629416808,5.04743536334393,2.09071492431678
"DEB36","2022",14,0,52945,10.8770089178646,2022,2,2,0,9.84487641530843,0.301203086155936,0.267662023070623,0.352106242072826,5.24699300769612,0.949733211326574,0.672289724080419
"DEB36","2023",3,0,52945,10.8770089178646,2023,3,0,2,9.89534581711899,-0.497356866666874,-0.700586856796857,-1.19345190511542,5.40192639439724,-0.253367515752142,-0.303103838065946
"DEB37","2019",0,1,39761,10.5906418113597,2019,-1,0,0,1.13095435093542,-0.603448268497983,-1.10331226102962,-13.9385723925997,4.106287866826,-0.564495064045756,-1.32895560316262
"DEB37","2020",0,0,39761,10.5906418113597,2020,0,1,0,0.945659617571041,-0.585268227677029,-1.04441876602183,-13.7596379709933,3.6430390756557,-0.561730339843768,-1.30007800238613
"DEB37","2021",0,0,39761,10.5906418113597,2021,1,0,1,0.961237551367962,-0.586993653711906,-1.04977951710211,-13.7759768492557,3.77148193961852,-0.562560668208591,-1.30847321586942
"DEB37","2022",0,0,39761,10.5906418113597,2022,2,0,0,0.985158644478786,-0.589565001005902,-1.05785202423824,-13.8005579675699,3.95564895370395,-0.56366280368017,-1.31997675109986
"DEB37","2023",3,0,39761,10.5906418113597,2023,3,0,0,1.01269166209908,1.16255300722029,0.823681257132246,1.08600082401671,4.1179016668571,-0.153262290283249,-0.1690874314328
"DEB38","2019",15,1,49564,10.8110200427364,2019,-1,0,0,10.1129639168152,0.345104661404045,0.30220237285887,0.394232110855284,5.11868544129585,1.09818407063035,0.750180853948019
"DEB38","2020",1,0,49564,10.8110200427364,2020,0,1,0,8.45606330810369,-0.626599318094319,-1.07748745364041,-2.13488273530764,4.54122352923215,-0.44183543253589,-0.666558166114119
"DEB38","2021",0,0,49564,10.8110200427364,2021,1,0,1,8.59536078041678,-0.710982358037924,-1.74458484793756,-15.9667331715338,4.70133374048069,-0.567287891790793,-1.36117744307932
"DEB38","2022",36,0,49564,10.8110200427364,2022,2,0,0,8.80926256281893,2.19609217372724,1.31544284364651,1.40771523435007,4.93090678658441,3.58012713724072,1.6895292688394
"DEB38","2023",15,1,49564,10.8110200427364,2023,3,0,0,11.2917877128286,0.235142894868854,0.213850492187391,0.283974557339275,6.01161773164611,0.854590132888308,0.61991364944006
"DEB39","2019",68,1,86753,11.3708202793437,2019,-1,0,0,11.7705753186441,3.42371294730512,1.77586868514499,1.75390491971568,8.95935191043374,3.80066711076866,1.75457312557174
"DEB39","2020",0,0,86753,11.3708202793437,2020,0,1,0,9.84209287069251,-0.713645552607959,-1.7835456426916,-16.1021789365241,7.94860715098612,-0.575390314925933,-1.48190665108419
"DEB39","2021",4,0,86753,11.3708202793437,2021,1,0,1,10.004222529519,-0.428487519566906,-0.5621150857064,-0.916712645702397,8.22885170664032,-0.295906163651374,-0.368609944770493
"DEB39","2022",1,0,86753,11.3708202793437,2022,2,0,0,10.2531848576027,-0.644712366545271,-1.15569321050438,-2.32758737513703,8.63067864693239,-0.509561639109272,-0.892344898190472
"DEB39","2023",0,0,86753,11.3708202793437,2023,3,0,0,10.5397388262763,-0.71487088206664,-1.8030288370694,-16.1706633214798,8.9846916150211,-0.576777155504482,-1.50909800681165
"DEB3A","2019",5,0,33323,10.4140031282422,2019,-1,0,0,3.6015739255431,0.265450738667429,0.238785398721092,0.328067160977012,2.93852812148091,0.390042900718765,0.326791870396004
"DEB3A","2020",1,0,33323,10.4140031282422,2020,0,0,0,3.70222999642927,-0.499877024118361,-0.707753670093626,-1.30893433983657,3.05906059692736,-0.375014266350766,-0.511811293722263
"DEB3A","2021",0,0,33323,10.4140031282422,2021,1,0,0,3.80569918314082,-0.686046427936937,-1.49837604367962,-15.1520102861793,3.18453707053773,-0.558260208976365,-1.26721283656554
"DEB3A","2022",0,0,33323,10.4140031282422,2022,2,0,0,3.91206010607867,-0.687202725319737,-1.50702408171664,-15.1795746745583,3.3151603351092,-0.559339672409766,-1.27708009269907
"DEB3A","2023",19,0,33323,10.4140031282422,2023,3,0,0,4.02139358291103,2.56385556090758,1.46326667861119,1.55281052682494,3.45114150158897,2.5247613092884,1.34740113236929
"DEB3B","2019",0,0,131238,11.7847677477026,2019,-1,0,0,5.07053139401643,-0.696879929707749,-1.58735567136902,-15.4389561815181,11.5729842333197,-0.579180226317679,-1.56414203435489
"DEB3B","2020",0,0,131238,11.7847677477026,2020,0,0,0,5.21224159571657,-0.697789039142331,-1.59577753338033,-15.4665205698971,12.047684620819,-0.579511246149128,-1.5727445264959
"DEB3B","2021",8,2,131238,11.7847677477026,2021,1,0,0,8.33105068306423,-0.0282259623663207,-0.0285968903309239,-0.0405479139655742,17.2018235881392,-0.311302464805981,-0.393957164725567
"DEB3B","2022",12,0,131238,11.7847677477026,2022,2,2,0,5.66641333643336,0.782884351926578,0.605622895907806,0.750350384067826,13.0060415212773,-0.0448723814192116,-0.0460681352488812
"DEB3B","2023",8,0,131238,11.7847677477026,2023,3,0,2,5.6954619988479,0.283469911897907,0.253427047702497,0.339771949480523,13.3900843544793,-0.233604823130044,-0.274602555967048
"DEB3C","2019",3,0,134329,11.8080472936759,2019,-1,2,2,2.49716989794274,0.133872589080898,0.126463409613931,0.183454572192335,11.6248046798283,-0.42973961445085,-0.634475027310517
"DEB3C","2020",0,0,134329,11.8080472936759,2020,0,0,2,2.495040291137,-0.664791840561346,-1.36353771568583,-14.7298154357897,12.1483922203623,-0.579578214674252,-1.57452125209083
"DEB3C","2021",2,1,134329,11.8080472936759,2021,1,0,0,3.17913871650759,-0.251408330530375,-0.2879554828065,-0.463462635681903,15.0341310846666,-0.503815317043881,-0.867674446759553
"DEB3C","2022",0,0,134329,11.8080472936759,2022,2,1,0,2.65827095529653,-0.668436966430881,-1.38403707110421,-14.7931864525995,13.3380631816992,-0.580294235527901,-1.59435280421469
"DEB3C","2023",3,0,134329,11.8080472936759,2023,3,0,1,2.70206088582381,0.073804893614057,0.0714547071276654,0.104597849103711,13.8083241366867,-0.454414759738125,-0.700630417505625
"DEB3D","2019",0,0,74783,11.2223458654049,2019,-1,0,0,0.673001643898209,-0.546538344014146,-0.934096828174786,-13.4195030512661,6.59460278212366,-0.572945627456139,-1.4397582495394
"DEB3D","2020",0,0,74783,11.2223458654049,2020,0,0,0,0.691810559826406,-0.549866048635653,-0.942923487575716,-13.4470674396451,6.86510003961284,-0.573508327583244,-1.44890369929642
"DEB3D","2021",0,0,74783,11.2223458654049,2021,1,0,0,0.711145143591526,-0.553162310356984,-0.95177377457807,-13.4746318280241,7.1466925470703,-0.574050420500957,-1.45800925152966
"DEB3D","2022",0,0,74783,11.2223458654049,2022,2,0,0,0.7310200864536,-0.556426512534914,-0.960646654654939,-13.5021962164031,7.43983540919098,-0.574572604172867,-1.46707502829238
"DEB3D","2023",0,0,74783,11.2223458654049,2023,3,0,0,0.751450490261066,-0.559658065849141,-0.969541092619532,-13.5297606047821,7.74500239814327,-0.575075557130648,-1.47610116520366
"DEB3E","2019",13,0,131383,11.7858720007116,2019,-1,1,0,8.97687929883348,0.319036173939386,0.281802815345554,0.370297129302159,11.5634513251542,0.0719517575274916,0.0692087926440897
"DEB3E","2020",28,1,131383,11.7858720007116,2020,0,0,1,11.3781946471951,1.04618790815769,0.762046261233418,0.900505772377855,14.0198063413884,0.579010152319496,0.454845361464547
"DEB3E","2021",8,0,131383,11.7858720007116,2021,1,1,0,9.48565902602502,-0.111663795498124,-0.117902453605823,-0.170339415160627,12.5315252691045,-0.209669941397762,-0.241572178984627
"DEB3E","2022",4,0,131383,11.7858720007116,2022,2,0,1,9.64191711887575,-0.417361817985576,-0.541946804031423,-0.879825348983,12.9733500648203,-0.401233018775801,-0.566927935210849
"DEB3E","2023",3,0,131383,11.7858720007116,2023,3,0,0,9.8818632142392,-0.497044175299184,-0.699895888599633,-1.19208845641575,13.6068578430293,-0.452465512505403,-0.695086716673338
"DEB3F","2019",0,0,106343,11.5744249980578,2019,-1,0,0,4.83122842115648,-0.695232757438525,-1.57253032263081,-15.3906113247944,9.37766395650585,-0.57722514109916,-1.5185129019843
"DEB3F","2020",2,0,106343,11.5744249980578,2020,0,0,0,4.96625063102376,-0.415815713073039,-0.539492664519743,-0.909517474649266,9.76231674996387,-0.459290975575458,-0.71489901939253
"DEB3F","2021",3,1,106343,11.5744249980578,2021,1,0,0,6.36578231768322,-0.372105178833966,-0.464843988871305,-0.752324511753481,11.9019318385211,-0.433365725448014,-0.643691525598607
"DEB3F","2022",0,0,106343,11.5744249980578,2022,2,1,0,5.32281720044824,-0.698467099466288,-1.60217631976165,-15.4875132701127,10.5592214110985,-0.578376024567271,-1.54438351914322
"DEB3F","2023",26,1,106343,11.5744249980578,2023,3,0,1,6.74667088216375,2.01281435395022,1.23735334118602,1.34904739590542,12.8022538545574,0.597905112412854,0.466899584847724
"DEB3G","2019",1,0,69334,11.1466906853537,2019,-1,0,0,2.72234888714009,-0.423739162710804,-0.55475832132608,-1.00149406910231,6.11409263195862,-0.47830194101029,-0.774849893103633
"DEB3G","2020",3,1,69334,11.1466906853537,2020,0,0,0,3.48952996855669,-0.0957075460212354,-0.100236746409144,-0.1511544256462,7.45412340367308,-0.343343675594233,-0.450231539845067
"DEB3G","2021",3,1,69334,11.1466906853537,2021,1,1,0,3.63838614366694,-0.12003191170343,-0.127313664966055,-0.192927594206529,7.74492740225907,-0.352319791206971,-0.466919580796568
"DEB3G","2022",9,1,69334,11.1466906853537,2022,2,1,1,3.75124533674603,0.959057901244452,0.711798107128591,0.875136813795676,8.00254450712615,0.0717280368812057,0.0690012745604909
"DEB3G","2023",0,0,69334,11.1466906853537,2023,3,1,1,3.09239129304985,-0.676465531062849,-1.43261869447474,-14.9444552308281,7.11344522561559,-0.573988573092793,-1.4569550738981
"DEB3H","2019",0,1,113031,11.6354173963543,2019,-1,0,0,5.99055575839312,-0.702062514002881,-1.63795143294851,-15.6056947468216,11.6731929246048,-0.579252297659242,-1.5659901766871
"DEB3H","2020",25,1,113031,11.6354173963543,2020,0,1,0,6.24610055239525,2.11149761447004,1.27971083795153,1.3869185074505,12.12859337814,0.615060484088095,0.477739940083917
"DEB3H","2021",0,0,113031,11.6354173963543,2021,1,1,1,5.16444387887179,-0.697487585882494,-1.5929652895802,-15.4573079836589,10.7007655256897,-0.578497246845284,-1.54726567060249
"DEB3H","2022",3,1,113031,11.6354173963543,2022,2,0,1,6.52643350974294,-0.380633965336258,-0.478842621598435,-0.777248002057722,13.0712423775211,-0.44699488913491,-0.679840802880352
"DEB3H","2023",1,0,113031,11.6354173963543,2023,3,1,0,5.44089153411576,-0.570661256993873,-0.887372908333,-1.69394193238843,11.6836566899593,-0.529681118315213,-0.989110652756249
"DEB3I","2019",16,1,155882,11.9568545897527,2019,-1,0,0,10.5827420562836,0.365975236842846,0.318305045963839,0.41336421832751,16.0985982559938,-0.00356181652491119,-0.00356903731250997
"DEB3I","2020",18,1,155882,11.9568545897527,2020,0,1,0,11.0341800776996,0.451785296846332,0.382516786074147,0.48937407847912,16.7266448405413,0.0442896703130237,0.0432236387416513
"DEB3I","2021",21,1,155882,11.9568545897527,2021,1,1,1,11.3764495924475,0.60580372593455,0.490679091510459,0.612977091926141,17.2830180115414,0.125162464197894,0.117240608576593
"DEB3I","2022",1,0,155882,11.9568545897527,2022,2,1,1,9.37833452824017,-0.636736292367376,-1.11985138268049,-2.23840119162905,15.3628388881748,-0.543426504874729,-1.07187533819154
"DEB3I","2023",0,0,155882,11.9568545897527,2023,3,0,1,9.50442804324409,-0.712990476474839,-1.77355809040753,-16.0672683577905,16.023860693335,-0.581525947399513,-1.63272356056649
"DEB3J","2019",6,0,206454,12.2378329062779,2019,-1,0,3,4.47871025333632,0.235226331870869,0.213898797720926,0.292424520796346,17.8019105464633,-0.385933970631703,-0.533749788758776
"DEB3J","2020",2,0,206454,12.2378329062779,2020,0,0,0,4.56286033481238,-0.38935339925241,-0.493604541309148,-0.824802012723356,18.952534179937,-0.5210096304909,-0.943955439314646
"DEB3J","2021",0,0,206454,12.2378329062779,2021,1,0,0,4.69038224684291,-0.694190769431476,-1.56342346047442,-15.3610246396265,19.7299287687422,-0.582682037269905,-1.67534904286727
"DEB3J","2022",5,0,206454,12.2378329062779,2022,2,0,0,4.82146811587731,0.0257408415755321,0.0254450999537879,0.0363596423928986,20.5392105099971,-0.440985305298061,-0.663526283520327
"DEB3J","2023",3,0,206454,12.2378329062779,2023,3,0,0,4.95621754667623,-0.274754984586525,-0.319459695854835,-0.502030236418796,21.38168735015,-0.501260968496511,-0.857265225868428
"DEB3K","2019",0,0,89974,11.4072760186871,2019,-1,0,0,0.936746828152621,-0.584262291047003,-1.04131371567056,-13.7501683306375,7.93419347604127,-0.575368547157668,-1.48150111920119
"DEB3K","2020",0,0,89974,11.4072760186871,2020,0,0,0,0.962926841970525,-0.587178306323903,-1.05035585668227,-13.7777327190165,8.25963803222825,-0.575842088018186,-1.49046413172854
"DEB3K","2021",0,0,89974,11.4072760186871,2021,1,0,0,0.98983852960136,-0.590057350516153,-1.05940935620089,-13.8052971073955,8.59843166535313,-0.576298073282871,-1.49938791463389
"DEB3K","2022",0,0,89974,11.4072760186871,2022,2,0,0,1.01750233971915,-0.592899150808584,-1.06847322613172,-13.8328614957745,8.95112192753098,-0.576737113521212,-1.5082726456606
"DEB3K","2023",1,0,89974,11.4072760186871,2023,3,0,0,1.0459392924934,-0.0261642294448517,-0.0264893802799889,-0.0449143261897548,9.3182788303564,-0.515221345317096,-0.91738173098589
"DEC01","2019",13,2,333149,12.7163451163353,2019,-1,2,0,29.6392357169657,-0.407743455431784,-0.524811831798943,-0.82414958018335,40.1385824733935,-0.395699115021379,-0.554667068341416
"DEC01","2020",34,3,333149,12.7163451163353,2020,0,2,2,38.2191818879116,-0.0803409290581957,-0.0834802145744082,-0.116976979215272,48.2093894525614,-0.172621215248162,-0.193180047034496
"DEC01","2021",15,1,333149,12.7163451163353,2021,1,3,2,25.6282567347271,-0.300787351804863,-0.355924255744345,-0.535645253701096,36.5207538794836,-0.3447261379362,-0.452699963035861
"DEC01","2022",24,1,333149,12.7163451163353,2022,2,1,3,25.6829056182969,-0.0475271408239237,-0.0485953182312591,-0.0677717475364355,37.8813451750245,-0.214405403141831,-0.247985258808568
"DEC01","2023",75,2,333149,12.7163451163353,2023,3,1,1,32.7247298945739,0.939064993329107,0.700323705620821,0.829357068902275,46.8797103924783,0.351270303238636,0.298676063150153
"DEC02","2019",0,0,108779,11.5970735800684,2019,-1,1,2,5.07465996922107,-0.696907082158408,-1.58760466859248,-15.4397700795087,9.43188291222538,-0.577284097414701,-1.51977746247163
"DEC02","2020",0,0,108779,11.5970735800684,2020,0,0,1,5.12756998425358,-0.697251460474311,-1.59077617352569,-15.4501424176417,9.91154979438278,-0.577778289687552,-1.53062551640886
"DEC02","2021",1,0,108779,11.5970735800684,2021,1,0,0,5.25517327945469,-0.565223400803803,-0.871705374645084,-1.65921197799219,10.395545358942,-0.522608791866378,-0.952464746721749
"DEC02","2022",19,0,108779,11.5970735800684,2022,2,0,0,5.40204381580114,1.75935538372021,1.12405004299198,1.25766166542733,10.8219495871573,0.437241759869556,0.360192555827003
"DEC02","2023",6,0,108779,11.5970735800684,2023,3,0,0,5.55301906065092,0.0563290494721963,0.0549459401398263,0.0774178811450148,11.265844053697,-0.270611628867626,-0.328882885037417
"DEC03","2019",33,1,133179,11.7994493670015,2019,-1,2,0,12.3328934281582,1.20220513612226,0.847991782757714,0.984237636416689,13.7010209785519,0.817664117250646,0.599034220540065
"DEC03","2020",1,0,133179,11.7994493670015,2020,0,1,2,10.0833395618549,-0.643269150537407,-1.14902587002433,-2.31088351351367,12.0211860048904,-0.531287430069468,-0.997921058284892
"DEC03","2021",0,0,133179,11.7994493670015,2021,1,0,1,10.188471659578,-0.714274111480333,-1.79340385572229,-16.1367674096104,12.6325342228932,-0.579885551763735,-1.58284084179331
"DEC03","2022",6,2,133179,11.7994493670015,2022,2,0,0,16.236359652771,-0.454580038987229,-0.611504312394244,-0.995493514399242,18.1722567629798,-0.390008259645566,-0.542393477589138
"DEC03","2023",27,0,133179,11.7994493670015,2023,3,2,0,11.0432559315257,1.0340828674924,0.755184741217807,0.894016984339316,13.7397715296645,0.560247716506525,0.442752292718558
"DEC04","2019",4,0,205129,12.231394328507,2019,-1,1,0,9.02888033023693,-0.396561244213492,-0.505562111112689,-0.814133754184426,18.0540801083668,-0.453223174577475,-0.697186923200383
"DEC04","2020",13,0,205129,12.231394328507,2020,0,0,1,9.17761386758097,0.296671146902368,0.264041649413792,0.348182190817923,18.6906139767046,-0.177320726482813,-0.199150006697844
"DEC04","2021",0,0,205129,12.231394328507,2021,1,0,0,9.40600544003791,-0.712791040923958,-1.77057275112282,-16.0568589198452,19.6033041665617,-0.582649656140739,-1.67404379496356
"DEC04","2022",20,1,205129,12.231394328507,2022,2,0,0,12.0566978106545,0.472420894222807,0.397511853679249,0.506111983127245,23.8997766591702,-0.0952205005203462,-0.100911181501191
"DEC04","2023",12,0,205129,12.231394328507,2023,3,1,0,10.081337262961,0.135903262710094,0.128306343409076,0.174220814301036,21.2035354297022,-0.253068382767213,-0.30262226659376
"DEC05","2019",12,0,144092,11.8782072634444,2019,-1,0,1,4.62561526321011,1.105918085335,0.795325271952298,0.953297341121366,12.6118310936834,-0.0281310665585751,-0.0285928710795946
"DEC05","2020",0,1,144092,11.8782072634444,2020,0,0,0,5.91149109823347,-0.701676540621735,-1.63395069526323,-15.5924086584453,15.4913830080777,-0.581315140337783,-1.62571135525333
"DEC05","2021",2,2,144092,11.8782072634444,2021,1,1,0,7.68583373106368,-0.524150485991784,-0.762780865463701,-1.34623117864831,18.8502580456584,-0.520650844341017,-0.94221485616899
"DEC05","2022",3,0,144092,11.8782072634444,2022,2,2,1,5.16921126799329,-0.292706871303674,-0.344523029012288,-0.544107495498241,14.1735265128526,-0.457808648846895,-0.710429337298312
"DEC05","2023",4,0,144092,11.8782072634444,2023,3,0,2,5.18023393050426,-0.158934275039351,-0.172161026499052,-0.258555604460842,14.7015653606854,-0.422903261311001,-0.617472552303404
"DEC06","2019",0,0,87813,11.3829648324442,2019,-1,0,0,0.738031731479367,-0.557549363376655,-0.963724519114096,-13.5117420992428,7.74362962313126,-0.575073380546302,-1.4760614502378
"DEC06","2020",0,0,87813,11.3829648324442,2020,0,0,0,0.758658095345777,-0.560769477657862,-0.972626181524614,-13.5393064876218,8.06125763580657,-0.57555784258337,-1.48504826944183
"DEC06","2021",0,0,87813,11.3829648324442,2021,1,0,0,0.779860920722177,-0.563956193577323,-0.981548008623659,-13.5668708760008,8.39191410662696,-0.576024370798696,-1.49399575667288
"DEC06","2022",0,0,87813,11.3829648324442,2022,2,0,0,0.80165631844006,-0.567108987526397,-0.99048896706624,-13.5944352643798,8.73613343657366,-0.576473586931433,-1.50290408329399
"DEC06","2023",0,0,87813,11.3829648324442,2023,3,0,0,0.824060849593222,-0.570227364446681,-0.999448025711305,-13.6219996527588,9.09447194667445,-0.576906094310325,-1.51177343107486
"DED21","2019",112,4,564904,13.2444110841876,2019,-1,3,2,57.9483790738266,0.680431426297222,0.540269899244112,0.658946281945125,91.786417214817,0.129196279967791,0.120784675328812
"DED21","2020",26,6,564904,13.2444110841876,2020,0,4,3,94.2286445129423,-0.529139118616269,-0.774333363687184,-1.28762764075414,129.826808063381,-0.469427966780397,-0.745390883107413
"DED21","2021",37,1,564904,13.2444110841876,2021,1,6,4,33.1536058744527,0.0843439051980751,0.081309374035104,0.109766454461601,60.6552697884857,-0.228574088947188,-0.267529016752396
"DED21","2022",71,4,564904,13.2444110841876,2022,2,1,6,61.9149261134535,0.107072471399524,0.102261674783808,0.136918607814016,100.887669221995,-0.173825126485209,-0.194704533805823
"DED21","2023",12,5,564904,13.2444110841876,2023,3,4,1,81.5929818946198,-0.623028923632502,-1.06096842220413,-1.9168365189566,126.948535245633,-0.531479500604278,-0.998063698427022
"DED2C","2019",2,1,292608,12.5865891082744,2019,-1,0,3,37.2904612994785,-0.688612077823254,-1.41709043463265,-2.92558988414915,29.5485275176639,-0.544802898063344,-1.08059225610313
"DED2C","2020",3,1,292608,12.5865891082744,2020,0,1,0,38.5347689388659,-0.671143472052078,-1.29427913888826,-2.55294830107373,31.3977886702834,-0.528701049472158,-0.983023473036965
"DED2C","2021",155,0,292608,12.5865891082744,2021,1,1,1,31.8615830630118,2.80877259964444,1.55711595569437,1.58202413201879,27.7015119652221,2.68428967977136,1.40328573329185
"DED2C","2022",44,1,292608,12.5865891082744,2022,2,0,1,40.2642585054723,0.067546055787986,0.065575712296287,0.0887254669290126,33.8380629172679,0.175616862237232,0.160657296057439
"DED2C","2023",2,0,292608,12.5865891082744,2023,3,1,0,33.567102599426,-0.683745066165165,-1.37954263869126,-2.82039881748552,30.2459627600889,-0.545787648505178,-1.08745019773122
"DED2D","2019",7,1,243958,12.4047513583115,2019,-1,0,0,15.6082224507743,-0.397405512242805,-0.506934023089721,-0.801887563662918,25.1945820129056,-0.421578603919183,-0.614207693174115
"DED2D","2020",2,1,243958,12.4047513583115,2020,0,1,0,16.274037135052,-0.632442585989729,-1.09985453388897,-2.09642334357587,26.1774856751183,-0.539308361092997,-1.04449056682693
"DED2D","2021",67,1,243958,12.4047513583115,2021,1,1,1,16.7788419102125,2.15925108005218,1.30006889282799,1.38457395173692,27.0482192174826,0.862665605474236,0.624477148954749
"DED2D","2022",4,0,243958,12.4047513583115,2022,2,1,1,13.8318718112982,-0.51109708445393,-0.731517945691965,-1.24068086967179,24.0431059999317,-0.486493973362676,-0.802035965217672
"DED2D","2023",2,0,243958,12.4047513583115,2023,3,0,1,14.0178439933011,-0.616596702907519,-1.0370133926138,-1.9471834084295,25.0776164472141,-0.537198303243107,-1.03149511403733
"DED2E","2019",0,0,239221,12.3851430898472,2019,-1,0,0,1.9331302033861,-0.648311431192054,-1.28026397422406,-14.4746511141145,21.0952686057313,-0.583006793911145,-1.68886227100334
"DED2E","2020",1,0,239221,12.3851430898472,2020,0,0,0,1.98715694136424,-0.323016826286197,-0.389282416169923,-0.686703944529734,21.9605538234121,-0.556635605457895,-1.17385837064724
"DED2E","2021",0,0,239221,12.3851430898472,2021,1,0,0,2.042693607857,-0.652125084389885,-1.29834232509507,-14.5297798908725,22.8613312892329,-0.58336996899625,-1.70497636714114
"DED2E","2022",2,1,239221,12.3851430898472,2022,2,0,0,2.61834204824659,-0.157654720763653,-0.170706490170092,-0.269393630894199,27.8718682984042,-0.542235152679016,-1.06328657635822
"DED2E","2023",0,2,239221,12.3851430898472,2023,3,1,0,3.40424121418193,-0.681097663219013,-1.46319463368636,-15.0405326281454,33.9151068284587,-0.584790340683514,-1.78216015060315
"DED2F","2019",0,0,243996,12.4049071106983,2019,-1,0,0,3.67985575007402,-0.684600252728541,-1.48779843091548,-15.1183841110274,21.5163432922863,-0.583098732785577,-1.69283589156832
"DED2F","2020",9,0,243996,12.4049071106983,2020,0,0,0,3.78269962580384,0.945876136795379,0.704095947802169,0.866786747005209,22.3989001412804,-0.348915127836743,-0.460468544641581
"DED2F","2021",0,1,243996,12.4049071106983,2021,1,0,0,4.84869656811604,-0.69535808378033,-1.57363947683363,-15.3942204779522,27.3080857308125,-0.584078311038659,-1.74013505330149
"DED2F","2022",0,0,243996,12.4049071106983,2022,2,1,0,4.05428967007394,-0.688662467900441,-1.51819723982691,-15.2152860563457,24.2273378353289,-0.583614943716917,-1.71652614376721
"DED2F","2023",2,1,243996,12.4049071106983,2023,3,0,1,5.13881221820687,-0.425928857235106,-0.557751063122917,-0.943674286250811,29.3738067526455,-0.544548918649548,-1.07884404804669
"DED41","2019",20,0,245618,12.4115327624718,2019,-1,1,2,14.0325545461635,0.305855276712299,0.271370789098486,0.354352368596486,21.296759642348,-0.0355019883487554,-0.0362431060415458
"DED41","2020",11,0,245618,12.4115327624718,2020,0,0,1,14.1788624124019,-0.161278774870676,-0.174911009994932,-0.253856929382993,22.379825493861,-0.296587906171413,-0.369683698827979
"DED41","2021",7,1,245618,12.4115327624718,2021,1,0,0,18.1204475868628,-0.443231875105773,-0.589586035572187,-0.951130709659058,27.4896203258688,-0.435365653271719,-0.64875741830277
"DED41","2022",31,0,245618,12.4115327624718,2022,2,1,0,15.1516067125394,0.753325763425484,0.587110771191587,0.715880656778156,24.3883926967565,0.158223299232481,0.145907836132661
"DED41","2023",25,5,245618,12.4115327624718,2023,3,0,1,46.4317461272139,-0.336329864562408,-0.40840329676323,-0.619107544193155,55.6241078360911,-0.322594393296907,-0.413200840230412
"DED42","2019",1,0,318394,12.6710448885537,2019,-1,1,0,7.92372996604058,-0.619711443598418,-1.0504497929571,-2.06986105027034,28.0229064736012,-0.563325185948852,-1.23989620871797
"DED42","2020",16,0,318394,12.6710448885537,2020,0,0,1,8.05425826453418,0.70002162856778,0.552970512520828,0.686387856207533,29.0109118968984,-0.262045508349439,-0.315930094339743
"DED42","2021",8,0,318394,12.6710448885537,2021,1,0,0,8.25469431867121,-0.0219104195650145,-0.0221327761053598,-0.0313403801666918,30.4275574239052,-0.430788653666862,-0.637035404642771
"DED42","2022",0,0,318394,12.6710448885537,2022,2,0,0,8.48539487172416,-0.710711575772977,-1.74085138025712,-15.9538569931898,31.6756342387168,-0.584582004027912,-1.76900765272393
"DED42","2023",7,1,318394,12.6710448885537,2023,3,0,0,10.8766513505273,-0.254985525420734,-0.292564695628427,-0.44070812185886,38.6180093626368,-0.4790839726475,-0.776597485398317
"DED43","2019",17,2,296431,12.5995697553291,2019,-1,1,0,13.4559112323414,0.189283592628553,0.175071442157944,0.233794896553982,35.7836462527916,-0.307050539259733,-0.38684488078149
"DED43","2020",19,1,296431,12.5995697553291,2020,0,2,1,11.2849203791275,0.489514871302225,0.409806385669372,0.520971677013975,31.5102281574822,-0.232084868937624,-0.272454956544784
"DED43","2021",3,1,296431,12.5995697553291,2021,1,1,2,11.4708178620094,-0.528950304463923,-0.774159362292183,-1.34119361104506,32.6211863066039,-0.530904070425411,-0.994994478955531
"DED43","2022",12,2,296431,12.5995697553291,2022,2,1,1,14.6595931183579,-0.130587076943639,-0.139267088030738,-0.200188208406167,40.0693037751324,-0.409974260287298,-0.58671869749179
"DED43","2023",0,2,296431,12.5995697553291,2023,3,2,1,15.2849412253908,-0.720312788888767,-1.90628016498233,-16.5423786680521,41.6325075386526,-0.585337640387576,-1.82111405117197
"DED44","2019",0,0,219100,12.2972835255836,2019,-1,0,2,5.74432118408342,-0.700827722517345,-1.62529426207342,-15.563722304596,19.0341361777012,-0.582498855956052,-1.66805958578058
"DED44","2020",0,1,219100,12.2972835255836,2020,0,0,0,7.31931822553944,-0.707365321515629,-1.69761880250889,-15.8060277430123,23.5555202028553,-0.5834979744845,-1.71093808304159
"DED44","2021",4,1,219100,12.2972835255836,2021,1,1,0,7.63154529488287,-0.337078405720272,-0.409625349094961,-0.645995742488515,24.4744799641585,-0.488266176156636,-0.808318069062597
"DED44","2022",1,0,219100,12.2972835255836,2022,2,1,1,6.30996684313332,-0.592034217202809,-0.95306384646913,-1.84212942188583,21.5932436099043,-0.556110622579569,-1.16918697905786
"DED44","2023",20,0,219100,12.2972835255836,2023,3,0,1,6.39480556331471,1.49756463641963,0.999600359423301,1.14024629347099,22.5223430409521,-0.0653259903539424,-0.0679164273264843
"DED45","2019",34,1,306793,12.6339285320481,2019,-1,2,1,17.8176037481778,0.655790248057131,0.524081188066516,0.646173610826361,31.3267359276434,0.0498822537253481,0.0485370829506168
"DED45","2020",7,0,306793,12.6339285320481,2020,0,1,2,14.5242291577776,-0.372824397987693,-0.465878470800561,-0.729907939384739,27.692171573584,-0.436473383209466,-0.651632388571755
"DED45","2021",20,2,306793,12.6339285320481,2021,1,0,1,22.8192790210147,-0.089496233432061,-0.0934234337494904,-0.1318734262097,39.9128601686596,-0.29197809107816,-0.362256139632137
"DED45","2022",9,2,306793,12.6339285320481,2022,2,2,0,24.0612924872463,-0.453701075840073,-0.609750392424314,-0.983379739993298,41.7007292171302,-0.459011074676489,-0.713846670563665
"DED45","2023",23,1,306793,12.6339285320481,2023,3,2,2,19.9539629313088,0.110397388045583,0.105294913223839,0.142066492625108,36.517461449975,-0.216546337982323,-0.250905142263007
"DED51","2019",68,0,611850,13.3242424334138,2019,-1,3,4,38.9341469140103,0.543372512647381,0.447857156388955,0.557636041610344,52.0629086826796,0.179326883557473,0.163774946616493
"DED51","2020",57,1,611850,13.3242424334138,2020,0,0,3,47.6810500897365,0.142432509850233,0.134127896090082,0.178517239169695,64.3210079028395,-0.066719957689737,-0.069426166525305
"DED51","2021",44,2,611850,13.3242424334138,2021,1,1,0,61.440239979101,-0.207123725060806,-0.230661850215506,-0.333875338096102,80.042822538629,-0.264096168463317,-0.319004623910572
"DED51","2022",36,4,611850,13.3242424334138,2022,2,2,1,99.9066863355194,-0.467528154782958,-0.637231159390767,-1.02071764746637,113.216143236674,-0.400257106968964,-0.564700803952631
"DED51","2023",69,1,611850,13.3242424334138,2023,3,4,2,54.6570966202511,0.1913759691055,0.1768699595944,0.233027457083708,72.5479568433369,-0.0286762567409901,-0.0291563600998421
"DED52","2019",0,1,260127,12.4689252522776,2019,-1,0,0,3.22532315587307,-0.678537868892054,-1.44604112766187,-14.9865437065635,26.8644235289316,-0.584018068995051,-1.7369211785333
"DED52","2020",3,0,260127,12.4689252522776,2020,0,1,0,2.69688856990844,0.0752182171512452,0.0727796823666486,0.10651389500863,23.833727160612,-0.510094923609697,-0.8938463436812
"DED52","2021",0,0,260127,12.4689252522776,2021,1,0,1,2.74131465178727,-0.670145259203706,-1.39395780176163,-14.8239481632194,24.6740344183282,-0.583689228335168,-1.72014801951098
"DED52","2022",2,0,260127,12.4689252522776,2022,2,0,0,2.8095342536309,-0.193479680057918,-0.213841620145933,-0.339871043009615,25.8789038349173,-0.538753158102329,-1.04102805179032
"DED52","2023",0,0,260127,12.4689252522776,2023,3,0,0,2.88805455748609,-0.672951871630308,-1.4107276906076,-14.8760936699127,26.9404040867819,-0.584028525375259,-1.73747570519764
"DED53","2019",2,0,199422,12.2031784614168,2019,-1,0,0,4.86395134763951,-0.409499001205751,-0.528298288911979,-0.8887034615128,17.5856662077834,-0.515873268044698,-0.919704360115258
"DED53","2020",10,0,199422,12.2031784614168,2020,0,0,0,4.99988809133998,0.696440061023027,0.550592890476663,0.693169662542418,18.3069946391516,-0.264221563216165,-0.319197641377965
"DED53","2021",10,2,199422,12.2031784614168,2021,1,0,0,7.99163283851507,0.178280483317436,0.165576784831791,0.224190093829858,26.138938901796,-0.360526176096294,-0.482507310870803
"DED53","2022",0,0,199422,12.2031784614168,2022,2,2,0,5.43555628440671,-0.699131938566236,-1.60855170934937,-15.5084724255366,19.7632607343617,-0.582690493000847,-1.67569109219818
"DED53","2023",0,0,199422,12.2031784614168,2023,3,0,2,5.4634214665186,-0.699292318502162,-1.61010509885361,-15.5135857936824,20.3468309646518,-0.582834102141504,-1.68157854300577
"DEE01","2019",2,1,75402,11.2305890788432,2019,-1,0,1,25.3584265850811,-0.6680215280804,-1.27581572018366,-2.53996340390941,7.72907420776981,-0.426248410018337,-0.625866461109903
"DEE01","2020",75,0,75402,11.2305890788432,2020,0,1,0,21.1405583645788,1.84381720771963,1.16272519386468,1.26629473407159,6.90858963261969,5.65337979867278,2.23891765804923
"DEE01","2021",87,0,75402,11.2305890788432,2021,1,0,1,21.4888086361504,2.2067992940834,1.31999306286428,1.39837585908838,7.15216622346309,6.40889625671404,2.41285760376853
"DEE01","2022",0,1,75402,11.2305890788432,2022,2,0,0,27.4624874175307,-0.725795892742432,-2.06083041622252,-17.1283315375058,8.78515938582429,-0.576534784547374,-1.50414112972571
"DEE01","2023",3,0,75402,11.2305890788432,2023,3,1,0,22.963053572703,-0.62979211093193,-1.0884518640112,-2.03527393593367,7.79406606803719,-0.353771804785527,-0.469661801743558
"DEE02","2019",83,0,226767,12.3316783376037,2019,-1,3,1,28.2453619479408,1.40735530196453,0.954767971420197,1.07791135456511,19.7335746769345,1.86809885201811,1.09909614100002
"DEE02","2020",13,2,226767,12.3316783376037,2020,0,0,3,43.5212373360159,-0.510808131919768,-0.730703294875461,-1.2082995991931,27.9186276535546,-0.31215135128419,-0.395378916556205
"DEE02","2021",45,0,226767,12.3316783376037,2021,1,2,0,29.3374832956571,0.387721218798516,0.33488290973018,0.427796520200918,21.5877389968477,0.632396772337709,0.488601585929787
"DEE02","2022",24,1,226767,12.3316783376037,2022,2,0,2,36.7701711570644,-0.252680950654956,-0.289473277246104,-0.426633078089596,26.0286516254913,-0.0455086109370289,-0.0467392559865524
"DEE02","2023",38,1,226767,12.3316783376037,2023,3,1,0,38.1106426790942,-0.00211279727679161,-0.00211483111273701,-0.00290739249290571,27.4515838907871,0.224442504564657,0.200923907481795
"DEE03","2019",37,0,244329,12.4062709567092,2019,-1,5,1,22.678369388899,0.457423251630107,0.38663873679169,0.489506359829396,21.1800028754978,0.435479784297008,0.358969349357844
"DEE03","2020",29,1,244329,12.4062709567092,2020,0,0,5,27.4008144591818,0.0423584942796633,0.0415688226807513,0.0567231267293216,25.3039272729186,0.0852724824628751,0.0814658965266633
"DEE03","2021",26,1,244329,12.4062709567092,2021,1,1,0,28.146684164458,-0.0553677267681704,-0.0568270234384977,-0.0793329794935766,27.2926755598488,-0.0276638724279484,-0.028110216267246
"DEE03","2022",18,2,244329,12.4062709567092,2022,2,1,1,36.1864523600403,-0.365614150595671,-0.454185321460398,-0.698312991135388,33.0265489171994,-0.266034122183001,-0.321925494447481
"DEE03","2023",43,0,244329,12.4062709567092,2023,3,2,1,24.2651895093393,0.559669937078813,0.459163720969546,0.572157346135497,25.0190777811164,0.419530653124588,0.347800190560715
"DEE04","2019",4,0,79980,11.2895318824008,2019,-1,0,0,9.94059373872759,-0.426590777843562,-0.558639878672704,-0.910332140031079,7.05289077082024,-0.248405394139777,-0.295829508395119
"DEE04","2020",2,1,79980,11.2895318824008,2020,0,0,0,12.7419376408355,-0.605204475270805,-0.995791770884891,-1.8517510491369,8.59867871211488,-0.442254916760357,-0.667108644931096
"DEE04","2021",0,0,79980,11.2895318824008,2021,1,1,0,10.6543079007391,-0.71505732031333,-1.80609140021619,-16.1814748660545,7.62862311732095,-0.574888342162819,-1.47270624156867
"DEE04","2022",0,0,79980,11.2895318824008,2022,2,0,1,10.8298172489717,-0.715335547698782,-1.81071285109777,-16.1978137443169,7.8975859752352,-0.575312915974379,-1.48046747531913
"DEE04","2023",82,1,79980,11.2895318824008,2023,3,0,0,13.8404005996734,3.54104561816844,1.81544807150754,1.77912736462565,9.70077447698037,4.30456831826455,1.89625210984153
"DEE05","2019",2,0,153035,11.9384219323833,2019,-1,0,1,2.36012508081515,-0.100929087210361,-0.106005690696076,-0.165566937418631,13.3945782654266,-0.493674392237209,-0.828224360507146
"DEE05","2020",0,0,153035,11.9384219323833,2020,0,0,0,2.41885850392271,-0.662945219860576,-1.35347774683305,-14.698806294257,14.0486552366467,-0.58066510730358,-1.60528514968107
"DEE05","2021",4,0,153035,11.9384219323833,2021,1,0,0,2.4864602797207,0.404543560297511,0.347389017160147,0.475434486448133,14.6249026375099,-0.422049265393712,-0.615390855666344
"DEE05","2022",0,1,153035,11.9384219323833,2022,2,0,0,3.18716594434237,-0.677958793957262,-1.44225014157039,-14.9746426611818,17.830254722814,-0.582148623478043,-1.6547237308675
"DEE05","2023",1,2,153035,11.9384219323833,2023,3,1,0,4.14379842825851,-0.523132690974167,-0.761685258965033,-1.42161186194512,21.6962489643183,-0.556259622743334,-1.17050633214714
"DEE06","2019",1,0,88509,11.3908595207407,2019,-1,0,1,3.40514314412084,-0.481086071908945,-0.666975672946827,-1.22528597810773,7.7468600496268,-0.500844747558086,-0.856402026873127
"DEE06","2020",1,1,88509,11.3908595207407,2020,0,0,0,4.35173965824203,-0.532545819259877,-0.78476594087057,-1.47057468658878,9.51563458527852,-0.516697540922878,-0.924161233527317
"DEE06","2021",1,0,88509,11.3908595207407,2021,1,1,0,3.63875381670191,-0.496102119949339,-0.699374839495143,-1.29164026498233,8.44213307690623,-0.507852009117983,-0.885059413538141
"DEE06","2022",0,0,88509,11.3908595207407,2022,2,0,1,3.69869532737515,-0.684822422178314,-1.48940673208176,-15.1234907012085,8.73977790800315,-0.576478159163928,-1.50299630696416
"DEE06","2023",17,1,88509,11.3908595207407,2023,3,0,0,4.72689647942792,1.80314042781192,1.14402515682629,1.27994455115446,10.7352569165173,0.337608941005824,0.288568455356338
"DEE07","2019",0,1,167924,12.0312667750779,2019,-1,1,0,3.40657196365192,-0.681129416327402,-1.46341161951341,-15.0412170543659,17.3088178748571,-0.581982028488665,-1.64863549388866
"DEE07","2020",3,0,167924,12.0312667750779,2020,0,1,1,2.81664529381805,0.0437202225498609,0.042876862997645,0.0630660573227955,15.2711527075794,-0.467043007645118,-0.738101072803494
"DEE07","2021",0,0,167924,12.0312667750779,2021,1,0,1,2.854515632581,-0.672332810205419,-1.40697639403281,-14.8644127308405,15.9282295019869,-0.581489108985135,-1.6314833523329
"DEE07","2022",5,0,167924,12.0312667750779,2022,2,0,0,2.9255523228727,0.477656277624971,0.401139587977557,0.535954821243539,16.7060283921879,-0.40765489924319,-0.58141631615197
"DEE07","2023",0,0,167924,12.0312667750779,2023,3,0,0,3.00731507662427,-0.675054031095572,-1.42369860825616,-14.9165582375338,17.3912758609017,-0.582009028429895,-1.64961164937764
"DEE08","2019",3,0,173684,12.0649928351483,2019,-1,1,0,4.38804210263762,-0.218815916600472,-0.245475759931628,-0.380270515314886,15.2865019063203,-0.46716284506583,-0.738470500591253
"DEE08","2020",0,0,173684,12.0649928351483,2020,0,0,1,4.46032670494365,-0.692358698020735,-1.54788508928065,-15.3107325735429,15.8254590912546,-0.581449032084346,-1.63014134558241
"DEE08","2021",0,0,173684,12.0649928351483,2021,1,0,0,4.5713251675628,-0.693263852392179,-1.55548886732621,-15.3353136918572,16.5982395510391,-0.581738410987105,-1.64000436323606
"DEE08","2022",3,0,173684,12.0649928351483,2022,2,0,0,4.69908365305344,-0.251027751499595,-0.287356786671595,-0.448754900270566,17.2790657396725,-0.480929916728495,-0.782892938890642
"DEE08","2023",14,1,173684,12.0649928351483,2023,3,0,0,6.0233254119427,0.929947769152361,0.694866053781997,0.843417900226092,21.0661329614886,-0.195553575493433,-0.222762384231969
"DEE09","2019",2,1,205484,12.2331234510065,2019,-1,0,0,11.4414703012028,-0.591039891848133,-0.948280761121356,-1.74409681996589,21.221208119184,-0.528086368416719,-0.979889980006978
"DEE09","2020",12,1,205484,12.2331234510065,2020,0,1,0,11.9295399042786,0.00423425721320171,0.00422612783609281,0.00588906403528586,22.0491005274105,-0.265803892746322,-0.321579835205369
"DEE09","2021",0,0,205484,12.2331234510065,2021,1,1,1,9.86366434859627,-0.713685936550426,-1.78417073812516,-16.1043682953273,19.4533898070514,-0.582610781383739,-1.67248639134097
"DEE09","2022",17,3,205484,12.2331234510065,2022,2,0,1,19.3818316825712,-0.0888384723091973,-0.0927060242095201,-0.131122713181263,32.591922547312,-0.279705498574361,-0.342881023780563
"DEE09","2023",29,0,205484,12.2331234510065,2023,3,3,0,10.6911981957386,1.22464541491058,0.859986803534161,0.997875060050304,21.1584727743707,0.216072951906575,0.19413528822249
"DEE0A","2019",0,0,129029,11.7677924642802,2019,-1,1,0,1.92681634468867,-0.648080606383048,-1.27918988732078,-14.4713796365176,11.3562680181859,-0.579020107833309,-1.56008377528327
"DEE0A","2020",0,0,129029,11.7677924642802,2020,0,0,1,1.95855695928051,-0.649228359285484,-1.28455286711059,-14.48771851478,11.7566566931064,-0.579311408108881,-1.56751612436496
"DEE0A","2021",2,0,129029,11.7677924642802,2021,1,0,0,2.00729706865215,-0.00236631173299911,-0.00236888139985444,-0.00364139457018577,12.3307515432108,-0.48567219161483,-0.799339273446482
"DEE0A","2022",3,0,129029,11.7677924642802,2022,2,0,0,2.06339660741183,0.296317966563528,0.263616204686871,0.374259158492378,12.8365340119078,-0.444455710489074,-0.672914404244248
"DEE0A","2023",0,1,129029,11.7677924642802,2023,3,0,0,2.644879329242,-0.668152715107503,-1.38240636822645,-14.7881360000191,15.649927856843,-0.581379383439398,-1.62782676466481
"DEE0B","2019",9,1,182451,12.1142369228033,2019,-1,1,1,4.15887298321325,0.802817699430541,0.617955185021608,0.771980568375742,18.6660920763415,-0.301589551013963,-0.377835965654786
"DEE0B","2020",0,0,182451,12.1142369228033,2020,0,1,1,3.42842481567599,-0.681425243255175,-1.46543828563563,-15.0476114762481,16.5922505576961,-0.581736270378175,-1.63992989194122
"DEE0B","2021",0,0,182451,12.1142369228033,2021,1,0,1,3.47452064800458,-0.682038274403902,-1.46966786937862,-15.0609670844458,17.3061706537899,-0.581981157485825,-1.64860407042844
"DEE0B","2022",0,1,182451,12.1142369228033,2022,2,0,0,4.44040343014895,-0.692191828101127,-1.54649839933314,-15.3062557929268,21.2575411143342,-0.583042651227194,-1.69040388773666
"DEE0B","2023",4,1,182451,12.1142369228033,2023,3,1,0,4.62982191244151,-0.094371461802486,-0.0987644329524001,-0.146223792403003,22.0868509635793,-0.477595150669076,-0.771701032481436
"DEE0C","2019",42,1,180771,12.104986315845,2019,-1,4,1,19.6369451458631,0.823413745729288,0.630819564265269,0.760256893735886,18.3875365403382,0.747784999607903,0.558514950893462
"DEE0C","2020",0,0,180771,12.104986315845,2020,0,1,4,15.6519109696622,-0.720599597260515,-1.91272927194019,-16.5661035741837,16.0747920863674,-0.581545390794873,-1.63338073669515
"DEE0C","2021",52,0,180771,12.104986315845,2021,1,0,1,15.7210222611646,1.66302947067682,1.0793833886839,1.19624492358928,17.1468162698821,1.18284651047314,0.792797593867079
"DEE0C","2022",6,1,180771,12.104986315845,2022,2,0,0,20.0913128013828,-0.507264918168068,-0.722634064983665,-1.20852788680926,21.0618027019819,-0.416916871938354,-0.603012185264536
"DEE0C","2023",1,0,180771,12.104986315845,2023,3,1,0,16.7995668123485,-0.67847493789712,-1.34380010451301,-2.82135210109802,18.6857260707296,-0.551233786905798,-1.12856604041571
"DEE0D","2019",6,0,106538,11.5762570080027,2019,-1,1,0,12.3299273623422,-0.36829846360778,-0.458548867721753,-0.720269790132174,9.37676089965427,-0.20787007078448,-0.239151143843031
"DEE0D","2020",1,1,106538,11.5762570080027,2020,0,0,1,15.6281831184627,-0.674473629987285,-1.3173045063175,-2.74907489445656,11.3686103072607,-0.528097094466487,-0.980609098120762
"DEE0D","2021",2,1,106538,11.5762570080027,2021,1,1,0,16.2463097869274,-0.632274111839382,-1.09914737892288,-2.09471811239185,11.9007856979531,-0.48203790488893,-0.78678939350231
"DEE0D","2022",1,0,106538,11.5762570080027,2022,2,1,1,13.4328857548054,-0.665135041753026,-1.26069100897277,-2.59770486122912,10.4997763017434,-0.523244497729428,-0.955626950708993
"DEE0D","2023",95,1,106538,11.5762570080027,2023,3,0,1,16.9754648862333,3.31639264739009,1.73915426822224,1.72210784253379,12.8257292079106,3.71606384461746,1.72992140740205
"DEE0E","2019",0,0,121694,11.709264976199,2019,-1,0,0,3.24015783695425,-0.678759711024698,-1.44750195343651,-14.9911326016913,10.7313639592923,-0.578523041657016,-1.54788316722283
"DEE0E","2020",4,0,121694,11.709264976199,2020,0,0,0,3.33071312296567,0.136657105658887,0.128963978598167,0.183108179013826,11.1715427867382,-0.371609757731012,-0.504357728959836
"DEE0E","2021",4,0,121694,11.709264976199,2021,1,0,0,3.42379923007818,0.114668473881309,0.109168143109854,0.155543790634824,11.6297768586868,-0.380001157831588,-0.521414889876045
"DEE0E","2022",1,0,121694,11.709264976199,2022,2,0,0,3.51948688917594,-0.488667270387925,-0.683152380652417,-1.25831420886454,12.1068067647204,-0.531680870706148,-1.00010921358318
"DEE0E","2023",4,0,121694,11.709264976199,2023,3,0,0,3.61784880791579,0.07223511472713,0.0699846950508218,0.100415013876819,12.6034034719073,-0.395832436177953,-0.555007115603532
"DEF01","2019",63,3,96326,11.4754935509614,2019,-1,0,0,57.0792935262406,0.0756626443739345,0.0732051153712603,0.0986933266378928,13.6442067030104,2.09971884622039,1.19079486783682
"DEF01","2020",71,0,96326,11.4754935509614,2020,0,3,0,31.5795378370865,0.90713966730911,0.681446431944847,0.810170517076518,8.7917462677253,4.07947743438037,1.83403628906598
"DEF01","2021",133,1,96326,11.4754935509614,2021,1,0,3,39.1384289627865,1.74560150299978,1.11791983503926,1.22324431349526,10.5416752199021,6.71858032878088,2.48118821237463
"DEF01","2022",30,0,96326,11.4754935509614,2022,2,1,0,32.4344325150569,-0.0545563600374197,-0.0559722096480114,-0.0780231754491647,9.56459345368731,1.23370931617896,0.817756581959671
"DEF01","2023",10,0,96326,11.4754935509614,2023,3,0,1,32.9687277657709,-0.506461030000268,-0.720755660095737,-1.19297427571301,9.90181294277845,0.00572919433033733,0.00571068168874765
"DEF02","2019",43,1,252668,12.4398316529873,2019,-1,2,1,36.5837978044014,0.127598263453947,0.120864375340148,0.161594679494928,25.8000140595313,0.38924291991852,0.326274500690207
"DEF02","2020",79,1,252668,12.4398316529873,2020,0,1,2,37.1864459133485,0.818161131009615,0.627593366635245,0.7535035274084,26.7096468214282,1.14330930569974,0.773085039067355
"DEF02","2021",74,1,252668,12.4398316529873,2021,1,1,1,38.1118575703191,0.685286816596749,0.543436390743815,0.663539650686561,28.0139181877327,0.958941228776378,0.677304621558835
"DEF02","2022",1,0,252668,12.4398316529873,2022,2,1,1,31.4180401260144,-0.703544690057314,-1.56000694400292,-3.44738125424385,24.9015138129954,-0.560284656093383,-1.20824380097559
"DEF02","2023",80,4,252668,12.4398316529873,2023,3,0,1,76.9817378625566,0.0286338516418376,0.0282692027813263,0.0384584240657438,48.8592476269962,0.37329593411939,0.31476974486869
"DEF03","2019",128,1,216889,12.2871409809139,2019,-1,1,2,39.6899914245414,1.61968459692187,1.05886492454803,1.1709312209981,22.024050811288,2.80628211584715,1.44475436614551
"DEF03","2020",23,0,216889,12.2871409809139,2020,0,1,1,32.6215325786847,-0.214394743418763,-0.239807553886576,-0.349478319474097,19.7240718396071,0.0967761440462973,0.0919227307674901
"DEF03","2021",57,1,216889,12.2871409809139,2021,1,0,1,41.2246252169959,0.27863293674853,0.24954114124829,0.324015508132448,24.0934279952393,0.797064531763828,0.58722610517345
"DEF03","2022",23,1,216889,12.2871409809139,2022,2,1,0,42.8551436240899,-0.337431668338609,-0.410082360649254,-0.622331416334155,25.2212641255969,-0.0514138464039265,-0.0529944922973633
"DEF03","2023",60,3,216889,12.2871409809139,2023,3,1,1,68.7027010135559,-0.0924718518639161,-0.0966753121816677,-0.135443935630085,35.7429396383038,0.396972198183987,0.331808199092191
"DEF04","2019",7,0,79809,11.2873915590334,2019,-1,0,0,4.08138264143856,0.49265732599187,0.411977426112097,0.539474478198621,7.03781144696665,-0.00308305207288652,-0.0030884608194058
"DEF04","2020",11,0,79809,11.2873915590334,2020,0,0,0,4.1954483107718,1.11913861246371,0.802593986611,0.96389516161463,7.32648822675556,0.28799269644928,0.2510413801933
"DEF04","2021",2,0,79809,11.2873915590334,2021,1,0,0,4.31270186471755,-0.370598785759674,-0.46258005974071,-0.768416909912009,7.62700594371894,-0.424135667981089,-0.620652001857918
"DEF04","2022",0,0,79809,11.2873915590334,2022,2,0,0,4.43323239764018,-0.692131428881867,-1.54599762037257,-15.3046395368151,7.93985028913153,-0.575377099297002,-1.48166037220585
"DEF04","2023",1,0,79809,11.2873915590334,2023,3,0,0,4.55713149389556,-0.541048030358906,-0.806310301598755,-1.51669236723033,8.2655268763411,-0.506181404355452,-0.878055970925014
"DEF05","2019",0,0,133460,11.8015570864576,2019,-1,1,1,9.38333173877694,-0.712744527927951,-1.76988010966706,-16.0544454539469,11.658748691383,-0.579241983957017,-1.56572486937596
"DEF05","2020",0,0,133460,11.8015570864576,2020,0,0,1,9.50949244223952,-0.713000631360988,-1.77371077519854,-16.0678010621446,12.1603934174641,-0.579586122793126,-1.57473189351941
"DEF05","2021",16,0,133460,11.8015570864576,2021,1,0,0,9.74614305355173,0.457811956152612,0.386909399457805,0.495717162245219,12.7542033260501,0.147592881248257,0.136782016088609
"DEF05","2022",29,1,133460,11.8015570864576,2022,2,0,0,12.4926890979567,0.94820058760173,0.705664410674885,0.842152263428888,15.549552686031,0.50286126388102,0.404972917575355
"DEF05","2023",20,1,133460,11.8015570864576,2023,3,1,0,13.0256015339351,0.384552196176235,0.332475749341737,0.428815553953316,16.1561796295953,0.138366528246988,0.128792095461715
"DEF06","2019",1,0,206235,12.2367715742794,2019,-1,1,1,18.8643394819231,-0.684336388924836,-1.38559530862578,-2.93727233991874,18.0161998828665,-0.549890052856741,-1.11815251677339
"DEF06","2020",16,0,206235,12.2367715742794,2020,0,0,1,19.1179741615499,-0.117878521415148,-0.124868121954345,-0.178040163376132,18.7913887041114,-0.086518009426762,-0.0911699180657437
"DEF06","2021",94,0,206235,12.2367715742794,2021,1,0,0,19.5937388040755,2.74561937761876,1.53340342116452,1.56808472647812,19.7089998722309,2.19633852967892,1.22767508572607
"DEF06","2022",0,0,206235,12.2367715742794,2022,2,0,0,20.1413407144516,-0.723278792176365,-1.98026380531666,-16.8182850127735,20.5174231525147,-0.582874558764867,-1.68326444905456
"DEF06","2023",7,1,206235,12.2367715742794,2023,3,0,0,25.8173419145498,-0.528683792183992,-0.773269782490265,-1.30513614144252,25.0142438642167,-0.420388783208538,-0.611326695129616
"DEF07","2019",53,0,170029,12.0437242897192,2019,-1,0,0,21.8786781881536,1.02989039011582,0.75282593369371,0.884779368567114,14.9936979853938,1.47299515516687,0.929917815756439
"DEF07","2020",31,1,170029,12.0437242897192,2020,0,0,0,28.0442758716991,0.076510422414461,0.0739990012856743,0.100202694344496,18.2798792540908,0.405184970141938,0.337656060789224
"DEF07","2021",54,0,170029,12.0437242897192,2021,1,1,0,23.4495222322215,0.944032334033236,0.703237363974171,0.83413394429053,16.2176439111648,1.35495583507118,0.875641904682624
"DEF07","2022",12,1,170029,12.0437242897192,2022,2,0,1,29.7222697844024,-0.433080664444043,-0.570482424467363,-0.906989856100118,19.6626613071418,-0.227068127313824,-0.265428841632792
"DEF07","2023",8,0,170029,12.0437242897192,2023,3,1,0,24.7785633306834,-0.490955869253952,-0.686349318539321,-1.13053723087044,17.5753595326688,-0.317120923028208,-0.403806474502672
"DEF08","2019",91,1,201472,12.213405692897,2019,-1,3,0,23.1867602534443,2.11895723003111,1.28305342070445,1.36727808046353,20.6868527709684,1.98128369266421,1.14452285444971
"DEF08","2020",5,0,201472,12.213405692897,2020,0,1,3,18.7458142048492,-0.529849380765145,-0.776190482371041,-1.321532372652,18.0500655485797,-0.420937921063087,-0.612672969566705
"DEF08","2021",5,0,201472,12.213405692897,2021,1,0,1,18.8848413098206,-0.531322712037094,-0.779831887042763,-1.32892144072022,19.1103847825463,-0.43011040323903,-0.635344438141943
"DEF08","2022",17,1,201472,12.213405692897,2022,2,0,0,24.134642624186,-0.214275383308467,-0.239657739717845,-0.350434858755609,23.4736960794249,-0.160916004965513,-0.178512705662552
"DEF08","2023",19,1,201472,12.213405692897,2023,3,1,0,25.164176865491,-0.177634278350913,-0.194437066681956,-0.280982398397664,24.3894636770106,-0.128970385162629,-0.139832867019099
"DEF09","2019",27,3,325223,12.6922663798621,2019,-1,1,2,23.0883184189307,0.12274335835703,0.116490711470151,0.156510109571224,45.2953475211823,-0.236503775579339,-0.278701840943532
"DEF09","2020",19,1,325223,12.6922663798621,2020,0,3,1,15.6568777268875,0.153866261356617,0.144249507587621,0.193528739984503,34.5041810927907,-0.262793538926485,-0.317050088372884
"DEF09","2021",1,0,325223,12.6922663798621,2021,1,1,3,12.6204191509754,-0.660873661534597,-1.23690102759474,-2.53531506979304,30.332175917789,-0.565174317981246,-1.26077709031732
"DEF09","2022",50,4,325223,12.6922663798621,2022,2,0,1,30.7391011883721,0.455244114951093,0.385051818242848,0.486487526900273,60.4114910919452,-0.101008063472934,-0.107454100570245
"DEF09","2023",4,0,325223,12.6922663798621,2023,3,4,0,13.7924504951637,-0.510475502143579,-0.73008362359631,-1.23782676578048,33.4233596029706,-0.514766334297228,-0.91446093504417
"DEF0A","2019",52,1,130609,11.7799634061607,2019,-1,0,0,10.1093697006594,2.95918870118873,1.61248820921239,1.63778105087172,13.4885478735011,1.6570443202513,1.01093324855894
"DEF0A","2020",1,1,130609,11.7799634061607,2020,0,1,0,10.5406146304853,-0.647051578491816,-1.1666830493083,-2.3552348555013,14.0147698642452,-0.539217094145171,-1.04458062173382
"DEF0A","2021",1,1,130609,11.7799634061607,2021,1,1,1,10.867574225971,-0.649565938483124,-1.17875998724406,-2.38578251394503,14.4809387836275,-0.540760275387072,-1.05435858554699
"DEF0A","2022",0,0,130609,11.7799634061607,2022,2,1,1,8.95883603873201,-0.711832093348191,-1.75655903027511,-16.008150870121,12.8720764703149,-0.580029233405648,-1.58682755372908
"DEF0A","2023",0,0,130609,11.7799634061607,2023,3,0,1,9.07928931570415,-0.712099309291283,-1.76040887968183,-16.0215064783187,13.4259274406012,-0.580342180578209,-1.59573908809056
"DEF0B","2019",59,0,278058,12.5355850040054,2019,-1,0,1,33.6053431915845,0.549428576881741,0.452069627563515,0.562852382969558,24.3373714727218,0.83124305228152,0.606767188344691
"DEF0B","2020",131,2,278058,12.5355850040054,2020,0,0,0,53.5535119048427,1.05454987017277,0.766797584847021,0.894515954301593,35.0099952657821,1.6036243367544,0.98785361080107
"DEF0B","2021",109,4,278058,12.5355850040054,2021,1,2,0,88.0652930300913,0.173684898305215,0.161595625538203,0.213269385795091,49.7952640504014,0.696414816562409,0.527878682391107
"DEF0B","2022",2,0,278058,12.5355850040054,2022,2,4,2,38.7525528570917,-0.690269370393821,-1.43064243391953,-2.96404895325254,27.0427623897754,-0.540848521264254,-1.05426460946691
"DEF0B","2023",44,1,278058,12.5355850040054,2023,3,0,4,47.209730771773,-0.0495451214560771,-0.0507078584005204,-0.0704103751167566,32.7318442494394,0.201281294269677,0.182025130460619
"DEF0C","2019",43,1,205472,12.2330650505938,2019,-1,1,1,37.3179596565277,0.11079081321957,0.105653618906342,0.141725436047637,21.0213113170661,0.609541500997655,0.474267262854213
"DEF0C","2020",53,2,205472,12.2330650505938,2020,0,1,1,47.8344782338479,0.0786989384043114,0.0760461216978196,0.102545250972527,25.6285696172457,0.623543139252924,0.48306960851812
"DEF0C","2021",151,1,205472,12.2330650505938,2021,1,2,1,39.9973123193848,2.02034944447046,1.2407737354307,1.32846758359637,22.7372954836108,3.2906979655994,1.60142828625068
"DEF0C","2022",24,3,205472,12.2330650505938,2022,2,1,2,63.2165616619888,-0.452711805280015,-0.607795329678882,-0.96851244642242,32.2849173544175,-0.15003001741524,-0.165116223595061
"DEF0C","2023",13,1,205472,12.2330650505938,2023,3,3,1,42.8690369864467,-0.507451014763325,-0.722999985007107,-1.19320038239579,24.5933566232528,-0.275146017403022,-0.335822269960582
"DEF0D","2019",41,1,283562,12.5551860731251,2019,-1,1,1,15.1324058438461,1.23110443369992,0.863446748981451,0.996733564445113,29.0104981685577,0.241477282277727,0.214601672023257
"DEF0D","2020",1,1,283562,12.5551860731251,2020,0,1,1,15.5553233090393,-0.674205206870713,-1.31557971359241,-2.74440191502894,30.2004500810917,-0.565076398678914,-1.25963644263389
"DEF0D","2021",18,1,283562,12.5551860731251,2021,1,1,1,15.9900603873337,0.0906106656848088,0.0871240401853196,0.118404510044277,31.4392114124062,-0.249879119527977,-0.297952375180815
"DEF0D","2022",9,0,283562,12.5551860731251,2022,2,1,1,13.1816287867817,-0.227889615759771,-0.25702366340824,-0.38159941317234,27.9462498608475,-0.396034259969592,-0.555405028621574
"DEF0D","2023",2,2,283562,12.5551860731251,2023,3,0,1,20.7717707649797,-0.653896020995586,-1.19857326689135,-2.34044720959108,39.9789968589989,-0.555960773840195,-1.16721725540036
"DEF0E","2019",17,0,132731,11.7960798026836,2019,-1,0,0,19.1521775466227,-0.0812221669807704,-0.0844334317907034,-0.119203016288826,11.7046417217022,0.262072686772992,0.230895575006188
"DEF0E","2020",63,0,132731,11.7960798026836,2020,0,0,0,19.687438790904,1.59074432561431,1.04501107291318,1.16315393471698,12.1847424328771,2.41717305104493,1.30919944134101
"DEF0E","2021",20,0,132731,11.7960798026836,2021,1,0,0,20.2376594098534,-0.00849429436503633,-0.00852733900419276,-0.0118128723725833,12.6845359034164,0.334451607324129,0.286220788082836
"DEF0E","2022",27,0,132731,11.7960798026836,2022,2,0,0,20.8032574850952,0.215534781753928,0.197421953560702,0.260727318735789,13.2048298904474,0.606159894203741,0.472128601016268
"DEF0E","2023",16,3,132731,11.7960798026836,2023,3,0,0,41.4628042907448,-0.447170438583646,-0.59707903097073,-0.952207958445136,22.0805580525244,-0.160606526633379,-0.17812874097519
"DEF0F","2019",27,1,246974,12.4170383469117,2019,-1,0,0,16.6015686865573,0.451778124613118,0.382518076459646,0.486339712953436,25.5060571822008,0.0341955940976371,0.0335540550901091
"DEF0F","2020",7,0,246974,12.4170383469117,2020,0,1,0,13.8815798199318,-0.356472863235413,-0.439654340176854,-0.684652476569033,22.6286042270313,-0.402877721711431,-0.570571475798297
"DEF0F","2021",34,0,246974,12.4170383469117,2021,1,0,1,14.1102523014606,1.01391800587169,0.743704800705668,0.879458907284044,23.4264223876498,0.263352863627951,0.231901688935275
"DEF0F","2022",10,1,246974,12.4170383469117,2022,2,0,0,18.0327645356362,-0.32169919267797,-0.386427848780408,-0.589605162230896,28.7751777692179,-0.381219821088343,-0.523890563529179
"DEF0F","2023",0,0,246974,12.4170383469117,2023,3,1,0,15.0782895882702,-0.720145292720531,-1.90257246253027,-16.5287664915828,25.5289206266069,-0.583824218264731,-1.72688244007145
"DEG01","2019",27,1,218793,12.2958813563308,2019,-1,2,0,16.2454231567714,0.477331028286162,0.401059928636058,0.508025685827954,22.508709953974,0.116389534568128,0.109487944699635
"DEG01","2020",18,1,218793,12.2958813563308,2020,0,1,2,16.5623718364606,0.0626057806175556,0.0609067274120771,0.0832384479111785,23.1287054830875,-0.129371279963266,-0.140306744831983
"DEG01","2021",19,1,218793,12.2958813563308,2021,1,1,1,16.9745384629852,0.0860958251754579,0.0829377050852177,0.112724547943204,24.25811421331,-0.126503708056983,-0.136923560193678
"DEG01","2022",1,0,218793,12.2958813563308,2022,2,1,1,13.9931969877525,-0.667791397770996,-1.27612769505077,-2.63857028206754,21.5629874447366,-0.556066587979778,-1.16879803724726
"DEG01","2023",18,0,218793,12.2958813563308,2023,3,0,1,14.1813382178414,0.19370562675805,0.178865224339237,0.238444923187008,22.490785034044,-0.116468496682081,-0.125195503924276
"DEG02","2019",25,0,95608,11.4680117775467,2019,-1,0,0,9.8911809539928,1.09023647637066,0.786756435358627,0.927232317465106,8.43101751458592,1.13213060268312,0.76743807704135
"DEG02","2020",10,1,95608,11.4680117775467,2020,0,0,0,12.678599912899,-0.151651832091339,-0.163594323226087,-0.237330332954835,10.2788506415089,-0.0156837464541535,-0.0158254799753525
"DEG02","2021",25,0,95608,11.4680117775467,2021,1,1,0,10.601347379805,0.971067886606838,0.718993460639671,0.857894760525775,9.11924729933511,1.00470556368883,0.701688983784834
"DEG02","2022",4,0,95608,11.4680117775467,2022,2,0,1,10.7759843047326,-0.44975292721667,-0.602183800842373,-0.99102537148497,9.44076519030117,-0.332697547896908,-0.430967607216689
"DEG02","2023",2,0,95608,11.4680117775467,2023,3,0,0,11.0441524839173,-0.586063264591737,-0.932443014861647,-1.70875342035928,9.90177164972897,-0.461068619686768,-0.720154235164935
"DEG03","2019",24,1,109725,11.6057325145564,2019,-1,0,0,7.70277021577169,1.49916990696849,1.00043061729215,1.13647383957403,11.3317682198004,0.647288816997025,0.497845321816699
"DEG03","2020",5,1,109725,11.6057325145564,2020,0,1,0,8.03135455876478,-0.267800752600747,-0.309874827897771,-0.473915088566834,11.7738488416135,-0.333302197975945,-0.432029801761443
"DEG03","2021",7,1,109725,11.6057325145564,2021,1,1,1,8.28047935174806,-0.10982237833668,-0.11584770693755,-0.167990567532198,12.1654787038682,-0.246094472114053,-0.292459489735387
"DEG03","2022",0,0,109725,11.6057325145564,2022,2,1,1,6.8261283789657,-0.705624856995047,-1.67698207903692,-15.7362682156211,10.8138688046406,-0.578591883570689,-1.5495384915991
"DEG03","2023",4,0,109725,11.6057325145564,2023,3,0,1,6.91790699046435,-0.297769925151818,-0.351671875415131,-0.547818654734683,11.2791606123618,-0.373640845431503,-0.508441741911892
"DEG05","2019",0,0,65954,11.0967128083153,2019,-1,0,0,1.95415173195351,-0.649070932618163,-1.28381397061181,-14.4854667605422,5.816033482104,-0.571046176444866,-1.41091793011647
"DEG05","2020",0,0,65954,11.0967128083153,2020,0,0,0,2.00876597542601,-0.650981573721651,-1.29285433500609,-14.5130311489212,6.0545954028673,-0.57167799604249,-1.42018869297759
"DEG05","2021",8,0,65954,11.0967128083153,2021,1,0,0,2.0649065668997,1.87648424529816,1.17607463365423,1.35435668734388,6.3029426507291,0.154087343516343,0.142364625073149
"DEG05","2022",0,0,65954,11.0967128083153,2022,2,0,0,2.12261616444457,-0.654696189986536,-1.310902654615,-14.5681599256792,6.56147659999976,-0.572873647836942,-1.4386097474465
"DEG05","2023",0,0,65954,11.0967128083153,2023,3,0,0,2.18193861832985,-0.656500816486174,-1.31990941394819,-14.5957243140582,6.83061508855142,-0.573438979678629,-1.44776020320596
"DEG06","2019",0,0,103694,11.5491995333345,2019,-1,0,0,3.66235007936826,-0.684391961473715,-1.48629597991796,-15.1136155975088,9.14406671154581,-0.576963356638762,-1.51297036909103
"DEG06","2020",0,1,103694,11.5491995333345,2020,0,0,0,4.69443149541614,-0.694221531714953,-1.56368943629316,-15.3618875760545,11.1481794245316,-0.578860637394863,-1.55610548479731
"DEG06","2021",17,0,103694,11.5491995333345,2021,1,1,0,3.92529927401303,2.28945591370813,1.35368908691157,1.46577080639593,9.8905031948922,0.415304017328256,0.344816301119803
"DEG06","2022",0,0,103694,11.5491995333345,2022,2,0,1,3.98996107312923,-0.688013988587532,-1.51319747070606,-15.1992920327105,10.2392133047767,-0.57808990932814,-1.53770644747874
"DEG06","2023",0,0,103694,11.5491995333345,2023,3,0,0,4.08925414610901,-0.689007121902683,-1.52087866152073,-15.2238731510248,10.7392091608129,-0.578529632125486,-1.54804117425219
"DEG07","2019",0,1,80762,11.2992618368552,2019,-1,0,3,3.36417458634276,-0.680545644400469,-1.45943925526685,-15.0286931971655,8.15561495031432,-0.57569471246246,-1.48764247891644
"DEG07","2020",0,0,80762,11.2992618368552,2020,0,1,0,2.78792727458099,-0.671064932032658,-1.39938678805742,-14.8408089653649,7.3996912006264,-0.574503457335399,-1.46585716233917
"DEG07","2021",8,0,80762,11.2992618368552,2021,1,0,1,2.83385304502428,1.22496352062048,0.859684803777512,1.03780438101683,7.66058259116902,0.0254738781740912,0.0251148104470441
"DEG07","2022",2,0,80762,11.2992618368552,2022,2,0,0,2.90437553184967,-0.209638703985398,-0.233941566493419,-0.373070723417448,8.03466011415806,-0.432259695728399,-0.640983983251992
"DEG07","2023",2,0,80762,11.2992618368552,2023,3,0,0,2.98554644086269,-0.222716305562643,-0.250522972570782,-0.40063511179645,8.36422560847848,-0.438260436236559,-0.656513038343687
"DEG09","2019",0,0,94613,11.4575501663174,2019,-1,2,0,1.77390168235874,-0.642076228874785,-1.25199978533625,-14.3886920188721,8.31116032054326,-0.575913757416358,-1.4918471281161
"DEG09","2020",3,1,94613,11.4575501663174,2020,0,0,2,2.22332187866267,0.229759693102468,0.209276015081115,0.299610202781021,10.0208871627833,-0.404880493848776,-0.575163553881094
"DEG09","2021",1,0,94613,11.4575501663174,2021,1,1,0,1.84799535092751,-0.296013868037158,-0.349882734058287,-0.614100457484959,9.02434257313187,-0.512905396670075,-0.906959154290592
"DEG09","2022",1,1,94613,11.4575501663174,2022,2,0,1,2.3423341352821,-0.37879501023751,-0.476825087487105,-0.851146925914144,10.9413298569809,-0.525805392187815,-0.968619136369158
"DEG09","2023",1,0,94613,11.4575501663174,2023,3,1,0,1.95273359449711,-0.316655216129312,-0.379840759762046,-0.669229234242964,9.77984632894622,-0.518582232862526,-0.932978434713067
"DEG0A","2019",0,0,71738,11.1807758722477,2019,-1,0,0,1.19753662103781,-0.608923397497176,-1.12220373826647,-13.995777189042,6.32608499771321,-0.572341300345464,-1.43025883024549
"DEG0A","2020",2,0,71738,11.1807758722477,2020,0,0,0,1.23100513605594,0.381998745455935,0.330001551159961,0.485316661103053,6.585568199213,-0.398931643646729,-0.561965891106374
"DEG0A","2021",0,0,71738,11.1807758722477,2021,1,0,0,1.26540902246719,-0.614043544517043,-1.14042528197892,-14.0509059658,6.85569487639876,-0.573489480863725,-1.44859246357147
"DEG0A","2022",1,0,71738,11.1807758722477,2022,2,0,0,1.30077442184498,-0.1425621964267,-0.153221496897851,-0.262958796215273,7.13690160309887,-0.49360068597733,-0.828590624496357
"DEG0A","2023",0,0,71738,11.1807758722477,2023,3,0,0,1.33712820636223,-0.619009960056745,-1.15865493825378,-14.106034742558,7.42964286051645,-0.574555116321663,-1.46676650562001
"DEG0C","2019",0,0,135838,11.819218278233,2019,-1,0,1,2.28002618635679,-0.659308099131116,-1.33425196517728,-14.6396974861089,11.8893895018722,-0.579403738559935,-1.56991829110413
"DEG0C","2020",6,0,135838,11.819218278233,2020,0,0,0,2.33676629042507,1.0359655755893,0.755672241527211,0.942991589435832,12.4699658903886,-0.300817896816105,-0.37658084535929
"DEG0C","2021",0,0,135838,11.819218278233,2021,1,0,0,2.40207376938733,-0.662524776686288,-1.35121619199258,-14.6918429928022,12.9814586498126,-0.580093113545673,-1.5886207665274
"DEG0C","2022",0,0,135838,11.819218278233,2022,2,0,0,2.46920644876689,-0.66417669489744,-1.36016321059351,-14.7194073811812,13.513931806877,-0.580389588818009,-1.59711755010707
"DEG0C","2023",1,2,135838,11.819218278233,2023,3,0,0,3.94668660188956,-0.513353212865326,-0.738498284278694,-1.37287539192994,19.2953482964131,-0.552376946501162,-1.13767269803331
"DEG0D","2019",1,0,67693,11.1227380562133,2019,-1,0,0,0.796201304285849,0.1449602751973,0.13613774325325,0.227904230278293,5.9693840328724,-0.475726412762758,-0.766374132628453
"DEG0D","2020",0,2,67693,11.1227380562133,2020,0,0,0,1.27261818127894,-0.614562432097381,-1.14230356324456,-14.056586896398,8.52315563489122,-0.576199799549535,-1.49743926323915
"DEG0D","2021",0,0,67693,11.1227380562133,2021,1,2,0,0.865578773784894,-0.575701338596857,-1.01546590972704,-13.6711536648061,6.44423049171004,-0.572613166841787,-1.43449251018419
"DEG0D","2022",0,0,67693,11.1227380562133,2022,2,0,2,0.870016131968987,-0.576264313432742,-1.01713509359677,-13.6762670329519,6.634515947265,-0.573031435118911,-1.44113359415005
"DEG0D","2023",0,0,67693,11.1227380562133,2023,3,0,0,0.889010994069124,-0.578628617087167,-1.0241910340731,-13.6978648812015,7.01071697227327,-0.573793899862293,-1.4536630031693
"DEG0E","2019",0,0,59987,11.001883151062,2019,-1,0,2,0.945359921881624,-0.585234627163535,-1.04431481078052,-13.7593210036794,5.21132235003086,-0.569197572131946,-1.3853940849811
"DEG0E","2020",1,0,59987,11.001883151062,2020,0,0,0,0.965999747617381,0.0206786698150307,0.0204827640236107,0.0345927060348038,5.5068231560148,-0.466614313133636,-0.737522300768962
"DEG0E","2021",0,0,59987,11.001883151062,2021,1,0,0,0.992997316203325,-0.590387739210029,-1.06045652612495,-13.808483240308,5.73270189509789,-0.570813612858595,-1.40757989415902
"DEG0E","2022",1,0,59987,11.001883151062,2022,2,0,0,1.02074940746006,-0.0120588576187835,-0.0121271660498927,-0.0205360707232016,5.96784572283994,-0.475698382391126,-0.766282703927387
"DEG0E","2023",0,0,59987,11.001883151062,2023,3,0,0,1.04927710863693,-0.596025183001972,-1.07859581525589,-13.863612017066,6.2126346744236,-0.572070890628163,-1.42611009590259
"DEG0G","2019",0,0,82392,11.3192436238056,2019,-1,0,0,0.893218983275965,-0.579142610608265,-1.0257349340786,-13.7025870518302,7.26558860201828,-0.574267119809081,-1.4617350912488
"DEG0G","2020",0,0,82392,11.3192436238056,2020,0,0,0,0.918182489552998,-0.582121718227933,-1.03475511995327,-13.7301514402092,7.56360833964646,-0.57478132926512,-1.47078458074189
"DEG0G","2021",0,0,82392,11.3192436238056,2021,1,0,0,0.943843670932455,-0.585064393927305,-1.04378838862472,-13.7577158285882,7.8738522436679,-0.575276580935004,-1.47979448977851
"DEG0G","2022",0,0,82392,11.3192436238056,2022,2,0,0,0.97022202589917,-0.587970314804717,-1.05283373845948,-13.7852802169672,8.19682172464416,-0.575753526323478,-1.48876497169205
"DEG0G","2023",14,12,82392,11.3192436238056,2023,3,0,0,14.0950705430749,-0.00485152737044632,-0.004862276505677,-0.00676772833944406,56.8041075763028,-0.441560257383312,-0.665023360970855
"DEG0J","2019",0,0,83342,11.3307079027686,2019,-1,0,0,1.0634762581533,-0.597376893247132,-1.08302389700595,-13.8770535891168,7.34936262342712,-0.574415737088047,-1.46431993765537
"DEG0J","2020",0,0,83342,11.3307079027686,2020,0,0,0,1.0931980808451,-0.600120666055166,-1.09211019438157,-13.9046179774958,7.65081860184017,-0.574924472500063,-1.4733581243647
"DEG0J","2021",0,1,83342,11.3307079027686,2021,1,0,0,1.40127060227213,-0.623110221256727,-1.17414992653086,-14.1528899560416,9.32765488359388,-0.577170171148481,-1.51733932052495
"DEG0J","2022",0,0,83342,11.3307079027686,2022,2,1,0,1.17168745207283,-0.606854275984935,-1.11499490898055,-13.9739555344352,8.27536021029845,-0.575864049915155,-1.49088716926382
"DEG0J","2023",2,0,83342,11.3307079027686,2023,3,0,1,1.19098876220592,0.41327603656,0.353452585306373,0.518363825826539,8.56712511966698,-0.441729802326124,-0.665703493603722
"DEG0K","2019",0,0,77341,11.2559794949975,2019,-1,0,0,2.80956979676319,-0.671482816048583,-1.40187462710748,-14.8485419323521,6.82017535766453,-0.57341785249608,-1.4474127666677
"DEG0K","2020",6,1,77341,11.2559794949975,2020,0,0,0,3.60133047269205,0.455346807212933,0.385025860405784,0.510456282961147,8.314958868138,-0.16034099918778,-0.177803784816819
"DEG0K","2021",8,0,77341,11.2559794949975,2021,1,1,0,3.01129112305557,1.11845213381235,0.802022533987811,0.977072735352718,7.37691098420506,0.0485219550879737,0.0472472500864364
"DEG0K","2022",0,0,77341,11.2559794949975,2022,2,0,1,3.06089638575962,-0.675951121912766,-1.42934759409196,-14.9342183675538,7.63699921118612,-0.574902000839271,-1.47295249480654
"DEG0K","2023",0,0,77341,11.2559794949975,2023,3,0,0,3.13706901066606,-0.677179479093953,-1.43719804939739,-14.9587994858681,8.00992512301992,-0.575482069941527,-1.48362277703508
"DEG0L","2019",0,0,93707,11.4479281719463,2019,-1,0,0,2.32693129337103,-0.660578632095135,-1.34088253426948,-14.6600609160088,8.2633812885878,-0.57584732422635,-1.49056493269739
"DEG0L","2020",0,0,93707,11.4479281719463,2020,0,0,0,2.39196390579408,-0.662269077566847,-1.34984592048876,-14.6876253043878,8.60232846251153,-0.576303115130783,-1.4994882744272
"DEG0L","2021",13,2,93707,11.4479281719463,2021,1,0,0,3.82322503001535,1.64716410226784,1.07152888568714,1.22385511924848,12.2825041754199,0.0338618031314616,0.0332324846744093
"DEG0L","2022",0,0,93707,11.4479281719463,2022,2,2,0,2.6003890892543,-0.667190043012332,-1.37692498083567,-14.7711716415085,9.28661769330778,-0.577124632742998,-1.51637106130731
"DEG0L","2023",0,0,93707,11.4479281719463,2023,3,0,2,2.61371988958871,-0.667481491640914,-1.37857779922349,-14.7762850096543,9.56083325412754,-0.577421698669914,-1.52275289487717
"DEG0M","2019",0,0,87508,11.3794854967378,2019,-1,0,0,2.49412277377782,-0.664770182243624,-1.36341850213204,-14.729447631668,7.71673375309999,-0.575030584975091,-1.47528176225387
"DEG0M","2020",4,0,87508,11.3794854967378,2020,0,0,0,2.56382802040227,0.373282540620219,0.323760949070508,0.444793149037149,8.03325855162858,-0.288949664810608,-0.357454513587583
"DEG0M","2021",0,1,87508,11.3794854967378,2021,1,0,0,3.28633657268585,-0.67943881049654,-1.45200361373255,-15.0052839985928,9.79391451553277,-0.577661457736723,-1.52801983254424
"DEG0M","2022",8,1,87508,11.3794854967378,2022,2,1,0,3.42652493522835,0.909482466083531,0.682578652388906,0.847895057491004,10.1759996177894,-0.123604163439833,-0.133518677075355
"DEG0M","2023",0,2,87508,11.3794854967378,2023,3,1,1,4.40527134935855,-0.69189419720833,-1.54403651346408,-15.2983124157636,12.3138586549111,-0.57968591676783,-1.57740534332796
"DEG0Q","2019",0,0,120214,11.6970287668466,2019,-1,0,0,0.870437110135171,-0.576317510805385,-1.01729303587677,-13.6767507899001,10.6008528522554,-0.578412006966587,-1.5452356522858
"DEG0Q","2020",0,0,120214,11.6970287668466,2020,0,0,0,0.894763913158242,-0.579330447190465,-1.02630004364566,-13.7043151782791,11.035678378268,-0.578771973695723,-1.55392023622931
"DEG0Q","2021",0,0,120214,11.6970287668466,2021,1,0,0,0.919770596827982,-0.582307280781435,-1.03532107929925,-13.7318795666581,11.4883395671945,-0.579118390714804,-1.56256706914445
"DEG0Q","2022",0,0,120214,11.6970287668466,2022,2,0,0,0.94547616231332,-0.585247661352122,-1.0443551347436,-13.7594439550371,11.9595680018251,-0.579451744711225,-1.5711763862945
"DEG0Q","2023",0,1,120214,11.6970287668466,2023,3,0,0,1.21191939010223,-0.610045252841681,-1.12614876827888,-14.0077159335829,14.5807564763156,-0.580919562925586,-1.61307806027207
"DEG0R","2019",0,1,154957,11.9509029380587,2019,-1,0,1,1.26289531755481,-0.613861536548722,-1.13976786173821,-14.0489175139346,15.8838512508075,-0.581471865608699,-1.63090502593443
"DEG0R","2020",0,0,154957,11.9509029380587,2020,0,1,0,1.05283788327892,-0.596366713727635,-1.07971168429437,-13.8669998222634,14.1976913570177,-0.580738266396948,-1.60750037450086
"DEG0R","2021",0,0,154957,11.9509029380587,2021,1,0,1,1.07018137404438,-0.598005851508901,-1.08509505925447,-13.8833387005258,14.6982602780983,-0.580973313636273,-1.61475655011708
"DEG0R","2022",0,0,154957,11.9509029380587,2022,2,0,0,1.0968136131382,-0.600446788135148,-1.09319909063394,-13.9079198188401,15.4159979607933,-0.581284138064534,-1.62469710285236
"DEG0R","2023",0,0,154957,11.9509029380587,2023,3,0,0,1.12746714158862,-0.603148010241268,-1.10229303712655,-13.9354842072191,16.0483309924593,-0.581535304257177,-1.63303959267943
"DEG0S","2019",0,1,34685,10.4540625958194,2019,-1,0,0,0.531030833552644,-0.516739398345305,-0.859351746098129,-13.1825753654924,3.5820677211554,-0.561316719409923,-1.29597809051651
"DEG0S","2020",0,0,34685,10.4540625958194,2020,0,1,0,0.444027130326235,-0.493022079935882,-0.80449930161868,-13.0036409438859,3.17795856087921,-0.558203670119444,-1.26670421221553
"DEG0S","2021",0,0,34685,10.4540625958194,2021,1,0,1,0.45134162817698,-0.495223689059237,-0.809442817004823,-13.0199798221483,3.29000405109702,-0.559137971697491,-1.27521332985379
"DEG0S","2022",0,0,34685,10.4540625958194,2022,2,0,0,0.462573591698429,-0.498523335617255,-0.816905818179542,-13.0445609404626,3.45065979123316,-0.560378962672828,-1.28687470800913
"DEG0S","2023",0,0,34685,10.4540625958194,2023,3,0,0,0.475501506326489,-0.50220472914298,-0.825310572538206,-13.0721253288416,3.59219887112845,-0.561386356294178,-1.29666463502219
"DEG0T","2019",0,0,106657,11.5773733570011,2019,-1,0,0,0.794717502505198,-0.566118349827814,-0.987667158339579,-13.5857419877265,9.40535347516097,-0.57725533264922,-1.51915972071323
"DEG0T","2020",0,0,106657,11.5773733570011,2020,0,0,0,0.816928109012346,-0.569247632919632,-0.996620619682026,-13.6133063761055,9.79114203662579,-0.577658671194498,-1.52795800273539
"DEG0T","2021",0,1,106657,11.5773733570011,2021,1,0,0,1.0471454015395,-0.595819892076158,-1.07792603144499,-13.8615783546513,11.9370747872558,-0.57943641822085,-1.57077404140316
"DEG0T","2022",0,1,106657,11.5773733570011,2022,2,1,0,1.0918144717759,-0.599995434006017,-1.09169256345954,-13.9033515232116,12.402769932287,-0.579742626288464,-1.57893739481331
"DEG0T","2023",0,0,106657,11.5773733570011,2023,3,1,1,0.902741561447386,-0.580293019564058,-1.0292035570289,-13.7131915914886,10.9426648892099,-0.57869732327596,-1.55209478993857
"DEG0U","2019",0,0,100105,11.5139749141058,2019,-1,0,1,0.76874228912163,-0.562300258045372,-0.976897684859747,-13.5525110676417,8.76181433829205,-0.576505726609806,-1.50355303367693
"DEG0U","2020",0,1,100105,11.5139749141058,2020,0,0,0,0.982445132244824,-0.589277946002877,-1.05694579616665,-13.7977997761227,10.7623247371375,-0.578548996120676,-1.54850599285349
"DEG0U","2021",0,0,100105,11.5139749141058,2021,1,1,0,0.821482040609987,-0.569874528557202,-0.998428427418109,-13.6188653545163,9.54817850911996,-0.577408355120296,-1.52246287128854
"DEG0U","2022",0,0,100105,11.5139749141058,2022,2,0,1,0.835014386293578,-0.571708876714572,-1.00374592832327,-13.6352042327787,9.88481925545036,-0.577751979653435,-1.53003644257386
"DEG0U","2023",0,1,100105,11.5139749141058,2023,3,0,0,1.06714022472456,-0.597721316882557,-1.08415723308114,-13.8804929412597,12.1417357966757,-0.579573821862435,-1.57440432111501
"DEG0V","2019",0,0,54964,10.9144337044517,2019,-1,0,0,0.564640815085532,-0.524650672841797,-0.878501517873301,-13.2439450824571,4.84690032917435,-0.56787191127011,-1.36837519561245
"DEG0V","2020",0,0,54964,10.9144337044517,2020,0,0,0,0.580421284148069,-0.528162462926333,-0.887153594063442,-13.2715094708361,5.04571036970007,-0.568617720896584,-1.3778285856299
"DEG0V","2021",0,0,54964,10.9144337044517,2021,1,0,0,0.596642782617586,-0.531647341686564,-0.895835813586406,-13.2990738592151,5.25267519566174,-0.569336918449132,-1.38724169250191
"DEG0V","2022",0,0,54964,10.9144337044517,2022,2,0,0,0.613317636296127,-0.535104532296276,-0.904547166828943,-13.3266382475941,5.46812929985122,-0.570030354421147,-1.39661450287874
"DEG0V","2023",0,0,54964,10.9144337044517,2023,3,0,0,0.630458515464794,-0.538533281190639,-0.913286637886615,-13.3542026359731,5.69242089527763,-0.570698859377125,-1.40594702454459
